evidence_id,claim,metric,value,dataset,experiment,population,script,result_file,figure,evidence_class,status,limitation,notes
EV-001,"LightGBM does not outperform Persistence on raw point forecasting MAE",Point MAE,0.4644 (vs 0.4175 Persistence),Baltic Dry Index historical (2018-2024),E1 Baseline Forecasting,Test Split (Held-out),scripts/experiments/01_baseline_forecasting.py,results/tables/forecasting_metrics.csv,results/figures/forecasting/point_mae_comparison.png,VALIDATED,CANONICAL,"Applies to single-step price level prediction",Step-ahead market prices behave close to random walk
EV-002,"LightGBM achieves superior turning-point inflection detection F1 (+32.33 pp over AR)",Inflection F1,59.51% (vs 0.00% Persistence; 27.18% AR-5),Baltic Dry Index historical (2018-2024),E1 Turning-Point Analysis,7-Day inflections (>= +/-4%),scripts/experiments/01_baseline_forecasting.py,results/tables/inflection_metrics.csv,results/figures/forecasting/inflection_f1_bars.png,VALIDATED,CANONICAL,"Inflection defined as rate change >= 4% over 7-day window",Captures regime shifts without overfitting noisy day-to-day fluctuations
EV-003,"Directional movement classification accuracy is ~59-60%",Directional Accuracy,59.15% (LGBM) / 60.56% (XGB),Baltic Dry Index historical (2018-2024),E1 Directional Benchmark,Test Split (Held-out),scripts/experiments/01_baseline_forecasting.py,results/tables/directional_accuracy.csv,results/figures/forecasting/directional_roc.png,VALIDATED,CANONICAL,"Marginal statistical edge over 50.70% baseline (5-day SMA)",Useful as feature input; insufficient alone for autonomous execution
EV-004,"Split-CQR achieves valid empirical finite-sample coverage at nominal 90%",Empirical Coverage,88.19% - 95.83% (Mean Width $5.76-$7.62/MT),Baltic Dry Index historical (2018-2024),E2 Conformal Calibration,Calibration + Test Split,scripts/experiments/02_cqr_calibration.py,results/tables/cqr_coverage_results.csv,results/figures/uncertainty/cqr_interval_fan.png,VALIDATED,CANONICAL,"Assumes exchangeability; degraded under extreme structural breaks (COVID: 50.59%)",Non-asymptotic distribution-free calibration step (q_calib = 0.8415)
EV-005,"Physical vessel-port assignment is invariant to uncertainty scenarios in tested dry-bulk fixtures",Physical Decision Flip Rate (PDFR),0.00%,East Coast India Dry-Bulk Fixtures (Paradip/Dhamra/Haldia),E3 Physical Feasibility Invariance,Capesize/Panamax/Supramax testbed,scripts/experiments/03_feasibility_invariance.py,results/tables/feasibility_summary.csv,results/figures/feasibility/pdfr_invariance_plot.png,VALIDATED,CANONICAL,"Tested on standard coal/iron ore dry-bulk draft and deadweight constraints",Draft and berth limits impose hard step-function feasibility boundaries
EV-006,"Procurement timing exhibits severe fragility across uncertainty perturbations",Timing Decision Flip Rate (TDFR),50.00% - 100.00%,Baltic Dry Index historical scenarios,E4 Decision Fragility Surface,Perturbed forecast intervals,scripts/experiments/08_fragility_surface.py,research/fragility_surface/fragility_summary.csv,results/figures/fragility/tdfr_fragility_surface.png,VALIDATED,CANONICAL,"Evaluated under uniform and normal synthetic perturbation bands",Proves asymmetric fragility: physical allocation is robust; timing is fragile
EV-007,"High conformal interval width is associated with elevated false-breakout exposure",False-Breakout Exposure Rate,40.25% (High W) vs 23.39% (Low W) [Risk Diff +16.86 pp],Baltic Dry Index scenarios,E5 Decision Boundary Experiment,Held-out market scenarios,research/experiments/10_timing_flip_threshold.py,research/fragility_surface/threshold_roc_data.csv,results/figures/decision_boundary/false_breakout_roc.png,CONTROLLED_EXPERIMENT,CANONICAL,"Observational association across scenario rollouts; AUC = 0.6719 (p < 0.01)",Conformal width serves as macro volatility and dispersion risk filter
EV-008,"Boundary crossing is degenerate and does not discriminate decision fragility",Boundary-Crossing AUC,0.5025 (99.65% intervals cross spot boundary),Baltic Dry Index scenarios,E5 Boundary Proximity Analysis,Held-out testbed,research/experiments/13_boundary_proximity.py,results/tables/boundary_proximity_metrics.csv,results/figures/decision_boundary/crossing_roc_degenerate.png,NEGATIVE_RESULT,CANONICAL,"Wide intervals cross daily price deltas unconditionally",Confirms that naive boundary crossing cannot serve as an operational trigger
EV-009,"Directional sign error does not correlate monotonically with CQR width",Directional Error AUC,0.4487,Baltic Dry Index scenarios,E5 Error vs Width Analysis,Held-out testbed,research/experiments/10_timing_flip_threshold.py,results/tables/directional_error_correlation.csv,results/figures/decision_boundary/directional_error_scatter.png,NEGATIVE_RESULT,CANONICAL,"Binary sign error is orthogonal to conformal spread magnitude",Protects against false claim that CQR width predicts directional correctness
EV-010,"Pre-calibrated width abstention reduces observed false breakouts by 52.33%",False-Breakout Event Reduction,52.33% (86 down to 41 events at tau = 1.35x),Baltic Dry Index held-out testbed,E5 Selective Abstention Policy,Test Split (Decision Coverage = 61.11%),research/experiments/09_abstention_vs_forced.py,research/fragility_surface/abstention_frontier.csv,results/figures/decision_boundary/abstention_pareto_curve.png,CONTROLLED_EXPERIMENT,CANONICAL,"Incurs nominal cost trade-off of +$0.0334/MT (+0.453%)",Threshold tau = 1.35x is pre-calibrated on validation split median
EV-011,"Downstream E5 procurement optimization significantly outperforms unconstrained E2 baseline",Paired Wilcoxon p-value,"p = 5.42e-11 (W = 11530.0, N = 288)",Baltic Dry Index testbed,E5 End-to-End Decision Gating,Paired scenario runs,research/experiments/09_abstention_vs_forced.py,results/tables/downstream_significance.csv,results/figures/decision_boundary/wilcoxon_distribution.png,VALIDATED,CANONICAL,"Evaluated across 288 paired procurement decision cycles",Rejects null hypothesis of decision equivalence with extreme statistical significance
EV-012,"Untouched historical procurement policy achieves positive cost efficiency",Historical Cost Savings,+1.04% (untouched) to +2.95% (rolling),Baltic Dry Index historical (2018-2024),E2 Procurement Engine,Historical cargo fixtures,scripts/evaluation/procurement_backtest.py,results/tables/procurement_savings.csv,results/figures/decision_boundary/historical_savings_bars.png,VALIDATED,CANONICAL,"Historical simulation assumes perfect execution of physical fixtures",Separate from controlled fragility abstention experiments
EV-013,"Synthetic 8-node maritime ST-GNN captures cascade disruption propagation",Cascade Delay Correlation,Pearson r = 0.842 (Controlled Synthetic),Synthetic Maritime Graph (11 corridors),E6 ST-GNN Disruption Propagation,Synthetic port delay injection,research/experiments/07_stgnn_poc.py,results/tables/stgnn_poc_metrics.csv,results/figures/stgnn/cascade_propagation_map.png,PROOF_OF_CONCEPT,CANONICAL,"Evaluated on synthetic graph topology; NOT trained on real-world AIS telemetry",Demonstrates feasibility of graph neural architectures for maritime cascading delays
EV-014,"Real-world global AIS spatio-temporal graph neural network",Real AIS Telemetry Prediction,NOT YET VALIDATED,Global AIS Data Streams,E7 Future AIS ST-GNN,Worldwide vessel fleet,scripts/models/stgnn_architecture_template.py,N/A,assets/architecture/real_ais_stgnn_blueprint.png,FUTURE,CANONICAL,"Requires high-throughput GPU cluster and multi-terabyte AIS ingestion",Classified strictly as future research; zero empirical validation claimed
EV-015,"Live external API ecosystem (Baltic Exchange, MarineTraffic, ERA5, PCS)",Live API Production Ingestion,NOT YET CONNECTED,Production Enterprise Feeds,System Engineering Integration,Enterprise Maritime Logistics,docs/api/PROVIDER_ADAPTER_ARCHITECTURE.md,N/A,assets/architecture/provider_adapter_diagram.png,PLANNED,CANONICAL,"Provider Adapter interfaces fully designed; offline mock fixtures implemented",Mock adapters functional in local prototype demonstrator
