scenario_idx,date,tightness,uncertainty_scale,effective_width,num_feasible,central_vessel,central_port,central_route,central_cost,physical_flip_rate,timing_flip_rate,fri,dfi
0,2024-12-23,Normal,0.5,3.0573,9,V2_Capesize_Standard,Paradip,Samarinda_to_ECI,15.2224,0.0,0.5,1.0,0.0
0,2024-12-23,Normal,0.75,4.5859,9,V2_Capesize_Standard,Paradip,Samarinda_to_ECI,15.2224,0.0,0.5,1.0,0.0
0,2024-12-23,Normal,1.0,6.1146,9,V2_Capesize_Standard,Paradip,Samarinda_to_ECI,15.2224,0.0,0.5,1.0,0.0
0,2024-12-23,Normal,1.25,7.6432,9,V2_Capesize_Standard,Paradip,Samarinda_to_ECI,15.2224,0.0,0.5,1.0,0.0
0,2024-12-23,Normal,1.5,9.1718,9,V2_Capesize_Standard,Paradip,Samarinda_to_ECI,15.2224,0.0,0.5,1.0,0.0
0,2024-12-23,Normal,2.0,12.2291,9,V2_Capesize_Standard,Paradip,Samarinda_to_ECI,15.2224,0.0,0.5,1.0,0.0
0,2024-12-23,Moderate,0.5,3.0573,6,V2_Capesize_Standard,Paradip,Samarinda_to_ECI,15.2224,0.0,0.5,1.0,0.0
0,2024-12-23,Moderate,0.75,4.5859,6,V2_Capesize_Standard,Paradip,Samarinda_to_ECI,15.2224,0.0,0.5,1.0,0.0
0,2024-12-23,Moderate,1.0,6.1146,6,V2_Capesize_Standard,Paradip,Samarinda_to_ECI,15.2224,0.0,0.5,1.0,0.0
0,2024-12-23,Moderate,1.25,7.6432,6,V2_Capesize_Standard,Paradip,Samarinda_to_ECI,15.2224,0.0,0.5,1.0,0.0
0,2024-12-23,Moderate,1.5,9.1718,6,V2_Capesize_Standard,Paradip,Samarinda_to_ECI,15.2224,0.0,0.5,1.0,0.0
0,2024-12-23,Moderate,2.0,12.2291,6,V2_Capesize_Standard,Paradip,Samarinda_to_ECI,15.2224,0.0,0.5,1.0,0.0
0,2024-12-23,Tight,0.5,3.0573,6,V2_Capesize_Standard,Paradip,Samarinda_to_ECI,14.6794,0.0,0.5,1.0,0.0
0,2024-12-23,Tight,0.75,4.5859,6,V2_Capesize_Standard,Paradip,Samarinda_to_ECI,14.6794,0.0,0.5,1.0,0.0
0,2024-12-23,Tight,1.0,6.1146,6,V2_Capesize_Standard,Paradip,Samarinda_to_ECI,14.6794,0.0,0.5,1.0,0.0
0,2024-12-23,Tight,1.25,7.6432,6,V2_Capesize_Standard,Paradip,Samarinda_to_ECI,14.6794,0.0,0.5,1.0,0.0
0,2024-12-23,Tight,1.5,9.1718,6,V2_Capesize_Standard,Paradip,Samarinda_to_ECI,14.6794,0.0,0.5,1.0,0.0
0,2024-12-23,Tight,2.0,12.2291,6,V2_Capesize_Standard,Paradip,Samarinda_to_ECI,14.6794,0.0,0.5,1.0,0.0
1,2024-12-24,Normal,0.5,3.0004,9,V2_Capesize_Standard,Paradip,Samarinda_to_ECI,15.2563,0.0,0.5,1.0,0.0
1,2024-12-24,Normal,0.75,4.5006,9,V2_Capesize_Standard,Paradip,Samarinda_to_ECI,15.2563,0.0,0.5,1.0,0.0
1,2024-12-24,Normal,1.0,6.0008,9,V2_Capesize_Standard,Paradip,Samarinda_to_ECI,15.2563,0.0,0.5,1.0,0.0
1,2024-12-24,Normal,1.25,7.501,9,V2_Capesize_Standard,Paradip,Samarinda_to_ECI,15.2563,0.0,0.5,1.0,0.0
1,2024-12-24,Normal,1.5,9.0011,9,V2_Capesize_Standard,Paradip,Samarinda_to_ECI,15.2563,0.0,0.5,1.0,0.0
1,2024-12-24,Normal,2.0,12.0015,9,V2_Capesize_Standard,Paradip,Samarinda_to_ECI,15.2563,0.0,0.5,1.0,0.0
1,2024-12-24,Moderate,0.5,3.0004,6,V2_Capesize_Standard,Paradip,Samarinda_to_ECI,15.2563,0.0,0.5,1.0,0.0
1,2024-12-24,Moderate,0.75,4.5006,6,V2_Capesize_Standard,Paradip,Samarinda_to_ECI,15.2563,0.0,0.5,1.0,0.0
1,2024-12-24,Moderate,1.0,6.0008,6,V2_Capesize_Standard,Paradip,Samarinda_to_ECI,15.2563,0.0,0.5,1.0,0.0
1,2024-12-24,Moderate,1.25,7.501,6,V2_Capesize_Standard,Paradip,Samarinda_to_ECI,15.2563,0.0,0.5,1.0,0.0
1,2024-12-24,Moderate,1.5,9.0011,6,V2_Capesize_Standard,Paradip,Samarinda_to_ECI,15.2563,0.0,0.5,1.0,0.0
1,2024-12-24,Moderate,2.0,12.0015,6,V2_Capesize_Standard,Paradip,Samarinda_to_ECI,15.2563,0.0,0.5,1.0,0.0
1,2024-12-24,Tight,0.5,3.0004,6,V2_Capesize_Standard,Paradip,Samarinda_to_ECI,14.7133,0.0,0.5,1.0,0.0
1,2024-12-24,Tight,0.75,4.5006,6,V2_Capesize_Standard,Paradip,Samarinda_to_ECI,14.7133,0.0,0.5,1.0,0.0
1,2024-12-24,Tight,1.0,6.0008,6,V2_Capesize_Standard,Paradip,Samarinda_to_ECI,14.7133,0.0,0.5,1.0,0.0
1,2024-12-24,Tight,1.25,7.501,6,V2_Capesize_Standard,Paradip,Samarinda_to_ECI,14.7133,0.0,0.5,1.0,0.0
1,2024-12-24,Tight,1.5,9.0011,6,V2_Capesize_Standard,Paradip,Samarinda_to_ECI,14.7133,0.0,0.5,1.0,0.0
1,2024-12-24,Tight,2.0,12.0015,6,V2_Capesize_Standard,Paradip,Samarinda_to_ECI,14.7133,0.0,0.5,1.0,0.0
2,2024-12-26,Normal,0.5,3.1493,9,V2_Capesize_Standard,Paradip,Samarinda_to_ECI,14.6202,0.0,0.5,1.0,0.0
2,2024-12-26,Normal,0.75,4.724,9,V2_Capesize_Standard,Paradip,Samarinda_to_ECI,14.6202,0.0,0.5,1.0,0.0
2,2024-12-26,Normal,1.0,6.2987,9,V2_Capesize_Standard,Paradip,Samarinda_to_ECI,14.6202,0.0,0.5,1.0,0.0
2,2024-12-26,Normal,1.25,7.8733,9,V2_Capesize_Standard,Paradip,Samarinda_to_ECI,14.6202,0.0,0.5,1.0,0.0
2,2024-12-26,Normal,1.5,9.448,9,V2_Capesize_Standard,Paradip,Samarinda_to_ECI,14.6202,0.0,0.5,1.0,0.0
2,2024-12-26,Normal,2.0,12.5974,9,V2_Capesize_Standard,Paradip,Samarinda_to_ECI,14.6202,0.0,0.5,1.0,0.0
2,2024-12-26,Moderate,0.5,3.1493,6,V2_Capesize_Standard,Paradip,Samarinda_to_ECI,14.6202,0.0,0.5,1.0,0.0
2,2024-12-26,Moderate,0.75,4.724,6,V2_Capesize_Standard,Paradip,Samarinda_to_ECI,14.6202,0.0,0.5,1.0,0.0
2,2024-12-26,Moderate,1.0,6.2987,6,V2_Capesize_Standard,Paradip,Samarinda_to_ECI,14.6202,0.0,0.5,1.0,0.0
2,2024-12-26,Moderate,1.25,7.8733,6,V2_Capesize_Standard,Paradip,Samarinda_to_ECI,14.6202,0.0,0.5,1.0,0.0
2,2024-12-26,Moderate,1.5,9.448,6,V2_Capesize_Standard,Paradip,Samarinda_to_ECI,14.6202,0.0,0.5,1.0,0.0
2,2024-12-26,Moderate,2.0,12.5974,6,V2_Capesize_Standard,Paradip,Samarinda_to_ECI,14.6202,0.0,0.5,1.0,0.0
2,2024-12-26,Tight,0.5,3.1493,6,V2_Capesize_Standard,Paradip,Samarinda_to_ECI,14.0772,0.0,0.5,1.0,0.0
2,2024-12-26,Tight,0.75,4.724,6,V2_Capesize_Standard,Paradip,Samarinda_to_ECI,14.0772,0.0,0.5,1.0,0.0
2,2024-12-26,Tight,1.0,6.2987,6,V2_Capesize_Standard,Paradip,Samarinda_to_ECI,14.0772,0.0,0.5,1.0,0.0
2,2024-12-26,Tight,1.25,7.8733,6,V2_Capesize_Standard,Paradip,Samarinda_to_ECI,14.0772,0.0,0.5,1.0,0.0
2,2024-12-26,Tight,1.5,9.448,6,V2_Capesize_Standard,Paradip,Samarinda_to_ECI,14.0772,0.0,0.5,1.0,0.0
2,2024-12-26,Tight,2.0,12.5974,6,V2_Capesize_Standard,Paradip,Samarinda_to_ECI,14.0772,0.0,0.5,1.0,0.0
3,2024-12-27,Normal,0.5,3.253,9,V2_Capesize_Standard,Paradip,Samarinda_to_ECI,14.6067,0.0,0.5,1.0,0.0
3,2024-12-27,Normal,0.75,4.8795,9,V2_Capesize_Standard,Paradip,Samarinda_to_ECI,14.6067,0.0,0.5,1.0,0.0
3,2024-12-27,Normal,1.0,6.5059,9,V2_Capesize_Standard,Paradip,Samarinda_to_ECI,14.6067,0.0,0.5,1.0,0.0
3,2024-12-27,Normal,1.25,8.1324,9,V2_Capesize_Standard,Paradip,Samarinda_to_ECI,14.6067,0.0,0.5,1.0,0.0
3,2024-12-27,Normal,1.5,9.7589,9,V2_Capesize_Standard,Paradip,Samarinda_to_ECI,14.6067,0.0,0.5,1.0,0.0
3,2024-12-27,Normal,2.0,13.0119,9,V2_Capesize_Standard,Paradip,Samarinda_to_ECI,14.6067,0.0,0.5,1.0,0.0
3,2024-12-27,Moderate,0.5,3.253,6,V2_Capesize_Standard,Paradip,Samarinda_to_ECI,14.6067,0.0,0.5,1.0,0.0
3,2024-12-27,Moderate,0.75,4.8795,6,V2_Capesize_Standard,Paradip,Samarinda_to_ECI,14.6067,0.0,0.5,1.0,0.0
3,2024-12-27,Moderate,1.0,6.5059,6,V2_Capesize_Standard,Paradip,Samarinda_to_ECI,14.6067,0.0,0.5,1.0,0.0
3,2024-12-27,Moderate,1.25,8.1324,6,V2_Capesize_Standard,Paradip,Samarinda_to_ECI,14.6067,0.0,0.5,1.0,0.0
3,2024-12-27,Moderate,1.5,9.7589,6,V2_Capesize_Standard,Paradip,Samarinda_to_ECI,14.6067,0.0,0.5,1.0,0.0
3,2024-12-27,Moderate,2.0,13.0119,6,V2_Capesize_Standard,Paradip,Samarinda_to_ECI,14.6067,0.0,0.5,1.0,0.0
3,2024-12-27,Tight,0.5,3.253,6,V2_Capesize_Standard,Paradip,Samarinda_to_ECI,14.0636,0.0,0.5,1.0,0.0
3,2024-12-27,Tight,0.75,4.8795,6,V2_Capesize_Standard,Paradip,Samarinda_to_ECI,14.0636,0.0,0.5,1.0,0.0
3,2024-12-27,Tight,1.0,6.5059,6,V2_Capesize_Standard,Paradip,Samarinda_to_ECI,14.0636,0.0,0.5,1.0,0.0
3,2024-12-27,Tight,1.25,8.1324,6,V2_Capesize_Standard,Paradip,Samarinda_to_ECI,14.0636,0.0,0.5,1.0,0.0
3,2024-12-27,Tight,1.5,9.7589,6,V2_Capesize_Standard,Paradip,Samarinda_to_ECI,14.0636,0.0,0.5,1.0,0.0
3,2024-12-27,Tight,2.0,13.0119,6,V2_Capesize_Standard,Paradip,Samarinda_to_ECI,14.0636,0.0,0.5,1.0,0.0
4,2024-12-30,Normal,0.5,3.4146,9,V2_Capesize_Standard,Paradip,Samarinda_to_ECI,14.5823,0.0,0.5,1.0,0.0
4,2024-12-30,Normal,0.75,5.1219,9,V2_Capesize_Standard,Paradip,Samarinda_to_ECI,14.5823,0.0,0.5,1.0,0.0
4,2024-12-30,Normal,1.0,6.8292,9,V2_Capesize_Standard,Paradip,Samarinda_to_ECI,14.5823,0.0,0.5,1.0,0.0
4,2024-12-30,Normal,1.25,8.5365,9,V2_Capesize_Standard,Paradip,Samarinda_to_ECI,14.5823,0.0,0.5,1.0,0.0
4,2024-12-30,Normal,1.5,10.2438,9,V2_Capesize_Standard,Paradip,Samarinda_to_ECI,14.5823,0.0,0.5,1.0,0.0
4,2024-12-30,Normal,2.0,13.6585,9,V2_Capesize_Standard,Paradip,Samarinda_to_ECI,14.5823,0.0,0.5,1.0,0.0
4,2024-12-30,Moderate,0.5,3.4146,6,V2_Capesize_Standard,Paradip,Samarinda_to_ECI,14.5823,0.0,0.5,1.0,0.0
4,2024-12-30,Moderate,0.75,5.1219,6,V2_Capesize_Standard,Paradip,Samarinda_to_ECI,14.5823,0.0,0.5,1.0,0.0
4,2024-12-30,Moderate,1.0,6.8292,6,V2_Capesize_Standard,Paradip,Samarinda_to_ECI,14.5823,0.0,0.5,1.0,0.0
4,2024-12-30,Moderate,1.25,8.5365,6,V2_Capesize_Standard,Paradip,Samarinda_to_ECI,14.5823,0.0,0.5,1.0,0.0
4,2024-12-30,Moderate,1.5,10.2438,6,V2_Capesize_Standard,Paradip,Samarinda_to_ECI,14.5823,0.0,0.5,1.0,0.0
4,2024-12-30,Moderate,2.0,13.6585,6,V2_Capesize_Standard,Paradip,Samarinda_to_ECI,14.5823,0.0,0.5,1.0,0.0
4,2024-12-30,Tight,0.5,3.4146,6,V2_Capesize_Standard,Paradip,Samarinda_to_ECI,14.0392,0.0,0.5,1.0,0.0
4,2024-12-30,Tight,0.75,5.1219,6,V2_Capesize_Standard,Paradip,Samarinda_to_ECI,14.0392,0.0,0.5,1.0,0.0
4,2024-12-30,Tight,1.0,6.8292,6,V2_Capesize_Standard,Paradip,Samarinda_to_ECI,14.0392,0.0,0.5,1.0,0.0
4,2024-12-30,Tight,1.25,8.5365,6,V2_Capesize_Standard,Paradip,Samarinda_to_ECI,14.0392,0.0,0.5,1.0,0.0
4,2024-12-30,Tight,1.5,10.2438,6,V2_Capesize_Standard,Paradip,Samarinda_to_ECI,14.0392,0.0,0.5,1.0,0.0
4,2024-12-30,Tight,2.0,13.6585,6,V2_Capesize_Standard,Paradip,Samarinda_to_ECI,14.0392,0.0,0.5,1.0,0.0
5,2024-12-31,Normal,0.5,3.3896,9,V2_Capesize_Standard,Paradip,Samarinda_to_ECI,14.6275,0.0,0.5,1.0,0.0
5,2024-12-31,Normal,0.75,5.0844,9,V2_Capesize_Standard,Paradip,Samarinda_to_ECI,14.6275,0.0,0.5,1.0,0.0
5,2024-12-31,Normal,1.0,6.7793,9,V2_Capesize_Standard,Paradip,Samarinda_to_ECI,14.6275,0.0,0.5,1.0,0.0
5,2024-12-31,Normal,1.25,8.4741,9,V2_Capesize_Standard,Paradip,Samarinda_to_ECI,14.6275,0.0,0.5,1.0,0.0
5,2024-12-31,Normal,1.5,10.1689,9,V2_Capesize_Standard,Paradip,Samarinda_to_ECI,14.6275,0.0,0.5,1.0,0.0
5,2024-12-31,Normal,2.0,13.5585,9,V2_Capesize_Standard,Paradip,Samarinda_to_ECI,14.6275,0.0,0.5,1.0,0.0
5,2024-12-31,Moderate,0.5,3.3896,6,V2_Capesize_Standard,Paradip,Samarinda_to_ECI,14.6275,0.0,0.5,1.0,0.0
5,2024-12-31,Moderate,0.75,5.0844,6,V2_Capesize_Standard,Paradip,Samarinda_to_ECI,14.6275,0.0,0.5,1.0,0.0
5,2024-12-31,Moderate,1.0,6.7793,6,V2_Capesize_Standard,Paradip,Samarinda_to_ECI,14.6275,0.0,0.5,1.0,0.0
5,2024-12-31,Moderate,1.25,8.4741,6,V2_Capesize_Standard,Paradip,Samarinda_to_ECI,14.6275,0.0,0.5,1.0,0.0
5,2024-12-31,Moderate,1.5,10.1689,6,V2_Capesize_Standard,Paradip,Samarinda_to_ECI,14.6275,0.0,0.5,1.0,0.0
5,2024-12-31,Moderate,2.0,13.5585,6,V2_Capesize_Standard,Paradip,Samarinda_to_ECI,14.6275,0.0,0.5,1.0,0.0
5,2024-12-31,Tight,0.5,3.3896,6,V2_Capesize_Standard,Paradip,Samarinda_to_ECI,14.0845,0.0,0.5,1.0,0.0
5,2024-12-31,Tight,0.75,5.0844,6,V2_Capesize_Standard,Paradip,Samarinda_to_ECI,14.0845,0.0,0.5,1.0,0.0
5,2024-12-31,Tight,1.0,6.7793,6,V2_Capesize_Standard,Paradip,Samarinda_to_ECI,14.0845,0.0,0.5,1.0,0.0
5,2024-12-31,Tight,1.25,8.4741,6,V2_Capesize_Standard,Paradip,Samarinda_to_ECI,14.0845,0.0,0.5,1.0,0.0
5,2024-12-31,Tight,1.5,10.1689,6,V2_Capesize_Standard,Paradip,Samarinda_to_ECI,14.0845,0.0,0.5,1.0,0.0
5,2024-12-31,Tight,2.0,13.5585,6,V2_Capesize_Standard,Paradip,Samarinda_to_ECI,14.0845,0.0,0.5,1.0,0.0
6,2025-01-02,Normal,0.5,3.3999,9,V2_Capesize_Standard,Paradip,Samarinda_to_ECI,14.6106,0.0,0.5,1.0,0.0
6,2025-01-02,Normal,0.75,5.0999,9,V2_Capesize_Standard,Paradip,Samarinda_to_ECI,14.6106,0.0,0.5,1.0,0.0
6,2025-01-02,Normal,1.0,6.7999,9,V2_Capesize_Standard,Paradip,Samarinda_to_ECI,14.6106,0.0,0.5,1.0,0.0
6,2025-01-02,Normal,1.25,8.4998,9,V2_Capesize_Standard,Paradip,Samarinda_to_ECI,14.6106,0.0,0.5,1.0,0.0
6,2025-01-02,Normal,1.5,10.1998,9,V2_Capesize_Standard,Paradip,Samarinda_to_ECI,14.6106,0.0,0.5,1.0,0.0
6,2025-01-02,Normal,2.0,13.5997,9,V2_Capesize_Standard,Paradip,Samarinda_to_ECI,14.6106,0.0,0.5,1.0,0.0
6,2025-01-02,Moderate,0.5,3.3999,6,V2_Capesize_Standard,Paradip,Samarinda_to_ECI,14.6106,0.0,0.5,1.0,0.0
6,2025-01-02,Moderate,0.75,5.0999,6,V2_Capesize_Standard,Paradip,Samarinda_to_ECI,14.6106,0.0,0.5,1.0,0.0
6,2025-01-02,Moderate,1.0,6.7999,6,V2_Capesize_Standard,Paradip,Samarinda_to_ECI,14.6106,0.0,0.5,1.0,0.0
6,2025-01-02,Moderate,1.25,8.4998,6,V2_Capesize_Standard,Paradip,Samarinda_to_ECI,14.6106,0.0,0.5,1.0,0.0
6,2025-01-02,Moderate,1.5,10.1998,6,V2_Capesize_Standard,Paradip,Samarinda_to_ECI,14.6106,0.0,0.5,1.0,0.0
6,2025-01-02,Moderate,2.0,13.5997,6,V2_Capesize_Standard,Paradip,Samarinda_to_ECI,14.6106,0.0,0.5,1.0,0.0
6,2025-01-02,Tight,0.5,3.3999,6,V2_Capesize_Standard,Paradip,Samarinda_to_ECI,14.0676,0.0,0.5,1.0,0.0
6,2025-01-02,Tight,0.75,5.0999,6,V2_Capesize_Standard,Paradip,Samarinda_to_ECI,14.0676,0.0,0.5,1.0,0.0
6,2025-01-02,Tight,1.0,6.7999,6,V2_Capesize_Standard,Paradip,Samarinda_to_ECI,14.0676,0.0,0.5,1.0,0.0
6,2025-01-02,Tight,1.25,8.4998,6,V2_Capesize_Standard,Paradip,Samarinda_to_ECI,14.0676,0.0,0.5,1.0,0.0
6,2025-01-02,Tight,1.5,10.1998,6,V2_Capesize_Standard,Paradip,Samarinda_to_ECI,14.0676,0.0,0.5,1.0,0.0
6,2025-01-02,Tight,2.0,13.5997,6,V2_Capesize_Standard,Paradip,Samarinda_to_ECI,14.0676,0.0,0.5,1.0,0.0
7,2025-01-03,Normal,0.5,3.0456,9,V2_Capesize_Standard,Paradip,Samarinda_to_ECI,15.2055,0.0,0.5,1.0,0.0
7,2025-01-03,Normal,0.75,4.5684,9,V2_Capesize_Standard,Paradip,Samarinda_to_ECI,15.2055,0.0,0.5,1.0,0.0
7,2025-01-03,Normal,1.0,6.0912,9,V2_Capesize_Standard,Paradip,Samarinda_to_ECI,15.2055,0.0,0.5,1.0,0.0
7,2025-01-03,Normal,1.25,7.6141,9,V2_Capesize_Standard,Paradip,Samarinda_to_ECI,15.2055,0.0,0.5,1.0,0.0
7,2025-01-03,Normal,1.5,9.1369,9,V2_Capesize_Standard,Paradip,Samarinda_to_ECI,15.2055,0.0,0.5,1.0,0.0
7,2025-01-03,Normal,2.0,12.1825,9,V2_Capesize_Standard,Paradip,Samarinda_to_ECI,15.2055,0.0,0.5,1.0,0.0
7,2025-01-03,Moderate,0.5,3.0456,6,V2_Capesize_Standard,Paradip,Samarinda_to_ECI,15.2055,0.0,0.5,1.0,0.0
7,2025-01-03,Moderate,0.75,4.5684,6,V2_Capesize_Standard,Paradip,Samarinda_to_ECI,15.2055,0.0,0.5,1.0,0.0
7,2025-01-03,Moderate,1.0,6.0912,6,V2_Capesize_Standard,Paradip,Samarinda_to_ECI,15.2055,0.0,0.5,1.0,0.0
7,2025-01-03,Moderate,1.25,7.6141,6,V2_Capesize_Standard,Paradip,Samarinda_to_ECI,15.2055,0.0,0.5,1.0,0.0
7,2025-01-03,Moderate,1.5,9.1369,6,V2_Capesize_Standard,Paradip,Samarinda_to_ECI,15.2055,0.0,0.5,1.0,0.0
7,2025-01-03,Moderate,2.0,12.1825,6,V2_Capesize_Standard,Paradip,Samarinda_to_ECI,15.2055,0.0,0.5,1.0,0.0
7,2025-01-03,Tight,0.5,3.0456,6,V2_Capesize_Standard,Paradip,Samarinda_to_ECI,14.6625,0.0,0.5,1.0,0.0
7,2025-01-03,Tight,0.75,4.5684,6,V2_Capesize_Standard,Paradip,Samarinda_to_ECI,14.6625,0.0,0.5,1.0,0.0
7,2025-01-03,Tight,1.0,6.0912,6,V2_Capesize_Standard,Paradip,Samarinda_to_ECI,14.6625,0.0,0.5,1.0,0.0
7,2025-01-03,Tight,1.25,7.6141,6,V2_Capesize_Standard,Paradip,Samarinda_to_ECI,14.6625,0.0,0.5,1.0,0.0
7,2025-01-03,Tight,1.5,9.1369,6,V2_Capesize_Standard,Paradip,Samarinda_to_ECI,14.6625,0.0,0.5,1.0,0.0
7,2025-01-03,Tight,2.0,12.1825,6,V2_Capesize_Standard,Paradip,Samarinda_to_ECI,14.6625,0.0,0.5,1.0,0.0
8,2025-01-06,Normal,0.5,3.0293,9,V2_Capesize_Standard,Paradip,Samarinda_to_ECI,15.17,0.0,0.5,1.0,0.0
8,2025-01-06,Normal,0.75,4.544,9,V2_Capesize_Standard,Paradip,Samarinda_to_ECI,15.17,0.0,0.5,1.0,0.0
8,2025-01-06,Normal,1.0,6.0587,9,V2_Capesize_Standard,Paradip,Samarinda_to_ECI,15.17,0.0,0.5,1.0,0.0
8,2025-01-06,Normal,1.25,7.5734,9,V2_Capesize_Standard,Paradip,Samarinda_to_ECI,15.17,0.0,0.5,1.0,0.0
8,2025-01-06,Normal,1.5,9.088,9,V2_Capesize_Standard,Paradip,Samarinda_to_ECI,15.17,0.0,0.5,1.0,0.0
8,2025-01-06,Normal,2.0,12.1174,9,V2_Capesize_Standard,Paradip,Samarinda_to_ECI,15.17,0.0,0.5,1.0,0.0
8,2025-01-06,Moderate,0.5,3.0293,6,V2_Capesize_Standard,Paradip,Samarinda_to_ECI,15.17,0.0,0.5,1.0,0.0
8,2025-01-06,Moderate,0.75,4.544,6,V2_Capesize_Standard,Paradip,Samarinda_to_ECI,15.17,0.0,0.5,1.0,0.0
8,2025-01-06,Moderate,1.0,6.0587,6,V2_Capesize_Standard,Paradip,Samarinda_to_ECI,15.17,0.0,0.5,1.0,0.0
8,2025-01-06,Moderate,1.25,7.5734,6,V2_Capesize_Standard,Paradip,Samarinda_to_ECI,15.17,0.0,0.5,1.0,0.0
8,2025-01-06,Moderate,1.5,9.088,6,V2_Capesize_Standard,Paradip,Samarinda_to_ECI,15.17,0.0,0.5,1.0,0.0
8,2025-01-06,Moderate,2.0,12.1174,6,V2_Capesize_Standard,Paradip,Samarinda_to_ECI,15.17,0.0,0.5,1.0,0.0
8,2025-01-06,Tight,0.5,3.0293,6,V2_Capesize_Standard,Paradip,Samarinda_to_ECI,14.627,0.0,0.5,1.0,0.0
8,2025-01-06,Tight,0.75,4.544,6,V2_Capesize_Standard,Paradip,Samarinda_to_ECI,14.627,0.0,0.5,1.0,0.0
8,2025-01-06,Tight,1.0,6.0587,6,V2_Capesize_Standard,Paradip,Samarinda_to_ECI,14.627,0.0,0.5,1.0,0.0
8,2025-01-06,Tight,1.25,7.5734,6,V2_Capesize_Standard,Paradip,Samarinda_to_ECI,14.627,0.0,0.5,1.0,0.0
8,2025-01-06,Tight,1.5,9.088,6,V2_Capesize_Standard,Paradip,Samarinda_to_ECI,14.627,0.0,0.5,1.0,0.0
8,2025-01-06,Tight,2.0,12.1174,6,V2_Capesize_Standard,Paradip,Samarinda_to_ECI,14.627,0.0,0.5,1.0,0.0
9,2025-01-07,Normal,0.5,3.4282,9,V2_Capesize_Standard,Paradip,Samarinda_to_ECI,14.5339,0.0,0.5,1.0,0.0
9,2025-01-07,Normal,0.75,5.1423,9,V2_Capesize_Standard,Paradip,Samarinda_to_ECI,14.5339,0.0,0.5,1.0,0.0
9,2025-01-07,Normal,1.0,6.8564,9,V2_Capesize_Standard,Paradip,Samarinda_to_ECI,14.5339,0.0,0.5,1.0,0.0
9,2025-01-07,Normal,1.25,8.5705,9,V2_Capesize_Standard,Paradip,Samarinda_to_ECI,14.5339,0.0,0.5,1.0,0.0
9,2025-01-07,Normal,1.5,10.2846,9,V2_Capesize_Standard,Paradip,Samarinda_to_ECI,14.5339,0.0,0.5,1.0,0.0
9,2025-01-07,Normal,2.0,13.7128,9,V2_Capesize_Standard,Paradip,Samarinda_to_ECI,14.5339,0.0,0.5,1.0,0.0
9,2025-01-07,Moderate,0.5,3.4282,6,V2_Capesize_Standard,Paradip,Samarinda_to_ECI,14.5339,0.0,0.5,1.0,0.0
9,2025-01-07,Moderate,0.75,5.1423,6,V2_Capesize_Standard,Paradip,Samarinda_to_ECI,14.5339,0.0,0.5,1.0,0.0
9,2025-01-07,Moderate,1.0,6.8564,6,V2_Capesize_Standard,Paradip,Samarinda_to_ECI,14.5339,0.0,0.5,1.0,0.0
9,2025-01-07,Moderate,1.25,8.5705,6,V2_Capesize_Standard,Paradip,Samarinda_to_ECI,14.5339,0.0,0.5,1.0,0.0
9,2025-01-07,Moderate,1.5,10.2846,6,V2_Capesize_Standard,Paradip,Samarinda_to_ECI,14.5339,0.0,0.5,1.0,0.0
9,2025-01-07,Moderate,2.0,13.7128,6,V2_Capesize_Standard,Paradip,Samarinda_to_ECI,14.5339,0.0,0.5,1.0,0.0
9,2025-01-07,Tight,0.5,3.4282,6,V2_Capesize_Standard,Paradip,Samarinda_to_ECI,13.9909,0.0,0.5,1.0,0.0
9,2025-01-07,Tight,0.75,5.1423,6,V2_Capesize_Standard,Paradip,Samarinda_to_ECI,13.9909,0.0,0.5,1.0,0.0
9,2025-01-07,Tight,1.0,6.8564,6,V2_Capesize_Standard,Paradip,Samarinda_to_ECI,13.9909,0.0,0.5,1.0,0.0
9,2025-01-07,Tight,1.25,8.5705,6,V2_Capesize_Standard,Paradip,Samarinda_to_ECI,13.9909,0.0,0.5,1.0,0.0
9,2025-01-07,Tight,1.5,10.2846,6,V2_Capesize_Standard,Paradip,Samarinda_to_ECI,13.9909,0.0,0.5,1.0,0.0
9,2025-01-07,Tight,2.0,13.7128,6,V2_Capesize_Standard,Paradip,Samarinda_to_ECI,13.9909,0.0,0.5,1.0,0.0
10,2025-01-08,Normal,0.5,3.4561,9,V2_Capesize_Standard,Paradip,Samarinda_to_ECI,14.4796,0.0,0.5,1.0,0.0
10,2025-01-08,Normal,0.75,5.1842,9,V2_Capesize_Standard,Paradip,Samarinda_to_ECI,14.4796,0.0,0.5,1.0,0.0
10,2025-01-08,Normal,1.0,6.9123,9,V2_Capesize_Standard,Paradip,Samarinda_to_ECI,14.4796,0.0,0.5,1.0,0.0
10,2025-01-08,Normal,1.25,8.6403,9,V2_Capesize_Standard,Paradip,Samarinda_to_ECI,14.4796,0.0,0.5,1.0,0.0
10,2025-01-08,Normal,1.5,10.3684,9,V2_Capesize_Standard,Paradip,Samarinda_to_ECI,14.4796,0.0,0.5,1.0,0.0
10,2025-01-08,Normal,2.0,13.8246,9,V2_Capesize_Standard,Paradip,Samarinda_to_ECI,14.4796,0.0,0.5,1.0,0.0
10,2025-01-08,Moderate,0.5,3.4561,6,V2_Capesize_Standard,Paradip,Samarinda_to_ECI,14.4796,0.0,0.5,1.0,0.0
10,2025-01-08,Moderate,0.75,5.1842,6,V2_Capesize_Standard,Paradip,Samarinda_to_ECI,14.4796,0.0,0.5,1.0,0.0
10,2025-01-08,Moderate,1.0,6.9123,6,V2_Capesize_Standard,Paradip,Samarinda_to_ECI,14.4796,0.0,0.5,1.0,0.0
10,2025-01-08,Moderate,1.25,8.6403,6,V2_Capesize_Standard,Paradip,Samarinda_to_ECI,14.4796,0.0,0.5,1.0,0.0
10,2025-01-08,Moderate,1.5,10.3684,6,V2_Capesize_Standard,Paradip,Samarinda_to_ECI,14.4796,0.0,0.5,1.0,0.0
10,2025-01-08,Moderate,2.0,13.8246,6,V2_Capesize_Standard,Paradip,Samarinda_to_ECI,14.4796,0.0,0.5,1.0,0.0
10,2025-01-08,Tight,0.5,3.4561,6,V2_Capesize_Standard,Paradip,Samarinda_to_ECI,13.9366,0.0,0.5,1.0,0.0
10,2025-01-08,Tight,0.75,5.1842,6,V2_Capesize_Standard,Paradip,Samarinda_to_ECI,13.9366,0.0,0.5,1.0,0.0
10,2025-01-08,Tight,1.0,6.9123,6,V2_Capesize_Standard,Paradip,Samarinda_to_ECI,13.9366,0.0,0.5,1.0,0.0
10,2025-01-08,Tight,1.25,8.6403,6,V2_Capesize_Standard,Paradip,Samarinda_to_ECI,13.9366,0.0,0.5,1.0,0.0
10,2025-01-08,Tight,1.5,10.3684,6,V2_Capesize_Standard,Paradip,Samarinda_to_ECI,13.9366,0.0,0.5,1.0,0.0
10,2025-01-08,Tight,2.0,13.8246,6,V2_Capesize_Standard,Paradip,Samarinda_to_ECI,13.9366,0.0,0.5,1.0,0.0
11,2025-01-10,Normal,0.5,3.3732,9,V2_Capesize_Standard,Paradip,Samarinda_to_ECI,14.7053,0.0,0.5,1.0,0.0
11,2025-01-10,Normal,0.75,5.0598,9,V2_Capesize_Standard,Paradip,Samarinda_to_ECI,14.7053,0.0,0.5,1.0,0.0
11,2025-01-10,Normal,1.0,6.7464,9,V2_Capesize_Standard,Paradip,Samarinda_to_ECI,14.7053,0.0,0.5,1.0,0.0
11,2025-01-10,Normal,1.25,8.433,9,V2_Capesize_Standard,Paradip,Samarinda_to_ECI,14.7053,0.0,0.5,1.0,0.0
11,2025-01-10,Normal,1.5,10.1196,9,V2_Capesize_Standard,Paradip,Samarinda_to_ECI,14.7053,0.0,0.5,1.0,0.0
11,2025-01-10,Normal,2.0,13.4928,9,V2_Capesize_Standard,Paradip,Samarinda_to_ECI,14.7053,0.0,0.5,1.0,0.0
11,2025-01-10,Moderate,0.5,3.3732,6,V2_Capesize_Standard,Paradip,Samarinda_to_ECI,14.7053,0.0,0.5,1.0,0.0
11,2025-01-10,Moderate,0.75,5.0598,6,V2_Capesize_Standard,Paradip,Samarinda_to_ECI,14.7053,0.0,0.5,1.0,0.0
11,2025-01-10,Moderate,1.0,6.7464,6,V2_Capesize_Standard,Paradip,Samarinda_to_ECI,14.7053,0.0,0.5,1.0,0.0
11,2025-01-10,Moderate,1.25,8.433,6,V2_Capesize_Standard,Paradip,Samarinda_to_ECI,14.7053,0.0,0.5,1.0,0.0
11,2025-01-10,Moderate,1.5,10.1196,6,V2_Capesize_Standard,Paradip,Samarinda_to_ECI,14.7053,0.0,0.5,1.0,0.0
11,2025-01-10,Moderate,2.0,13.4928,6,V2_Capesize_Standard,Paradip,Samarinda_to_ECI,14.7053,0.0,0.5,1.0,0.0
11,2025-01-10,Tight,0.5,3.3732,6,V2_Capesize_Standard,Paradip,Samarinda_to_ECI,14.1622,0.0,0.5,1.0,0.0
11,2025-01-10,Tight,0.75,5.0598,6,V2_Capesize_Standard,Paradip,Samarinda_to_ECI,14.1622,0.0,0.5,1.0,0.0
11,2025-01-10,Tight,1.0,6.7464,6,V2_Capesize_Standard,Paradip,Samarinda_to_ECI,14.1622,0.0,0.5,1.0,0.0
11,2025-01-10,Tight,1.25,8.433,6,V2_Capesize_Standard,Paradip,Samarinda_to_ECI,14.1622,0.0,0.5,1.0,0.0
11,2025-01-10,Tight,1.5,10.1196,6,V2_Capesize_Standard,Paradip,Samarinda_to_ECI,14.1622,0.0,0.5,1.0,0.0
11,2025-01-10,Tight,2.0,13.4928,6,V2_Capesize_Standard,Paradip,Samarinda_to_ECI,14.1622,0.0,0.5,1.0,0.0
12,2025-01-13,Normal,0.5,3.6159,9,V2_Capesize_Standard,Paradip,Samarinda_to_ECI,15.4093,0.0,0.5,1.0,0.0
12,2025-01-13,Normal,0.75,5.4239,9,V2_Capesize_Standard,Paradip,Samarinda_to_ECI,15.4093,0.0,0.5,1.0,0.0
12,2025-01-13,Normal,1.0,7.2318,9,V2_Capesize_Standard,Paradip,Samarinda_to_ECI,15.4093,0.0,0.5,1.0,0.0
12,2025-01-13,Normal,1.25,9.0398,9,V2_Capesize_Standard,Paradip,Samarinda_to_ECI,15.4093,0.0,0.5,1.0,0.0
12,2025-01-13,Normal,1.5,10.8477,9,V2_Capesize_Standard,Paradip,Samarinda_to_ECI,15.4093,0.0,0.5,1.0,0.0
12,2025-01-13,Normal,2.0,14.4636,9,V2_Capesize_Standard,Paradip,Samarinda_to_ECI,15.4093,0.0,0.5,1.0,0.0
12,2025-01-13,Moderate,0.5,3.6159,6,V2_Capesize_Standard,Paradip,Samarinda_to_ECI,15.4093,0.0,0.5,1.0,0.0
12,2025-01-13,Moderate,0.75,5.4239,6,V2_Capesize_Standard,Paradip,Samarinda_to_ECI,15.4093,0.0,0.5,1.0,0.0
12,2025-01-13,Moderate,1.0,7.2318,6,V2_Capesize_Standard,Paradip,Samarinda_to_ECI,15.4093,0.0,0.5,1.0,0.0
12,2025-01-13,Moderate,1.25,9.0398,6,V2_Capesize_Standard,Paradip,Samarinda_to_ECI,15.4093,0.0,0.5,1.0,0.0
12,2025-01-13,Moderate,1.5,10.8477,6,V2_Capesize_Standard,Paradip,Samarinda_to_ECI,15.4093,0.0,0.5,1.0,0.0
12,2025-01-13,Moderate,2.0,14.4636,6,V2_Capesize_Standard,Paradip,Samarinda_to_ECI,15.4093,0.0,0.5,1.0,0.0
12,2025-01-13,Tight,0.5,3.6159,6,V2_Capesize_Standard,Paradip,Samarinda_to_ECI,14.8662,0.0,0.5,1.0,0.0
12,2025-01-13,Tight,0.75,5.4239,6,V2_Capesize_Standard,Paradip,Samarinda_to_ECI,14.8662,0.0,0.5,1.0,0.0
12,2025-01-13,Tight,1.0,7.2318,6,V2_Capesize_Standard,Paradip,Samarinda_to_ECI,14.8662,0.0,0.5,1.0,0.0
12,2025-01-13,Tight,1.25,9.0398,6,V2_Capesize_Standard,Paradip,Samarinda_to_ECI,14.8662,0.0,0.5,1.0,0.0
12,2025-01-13,Tight,1.5,10.8477,6,V2_Capesize_Standard,Paradip,Samarinda_to_ECI,14.8662,0.0,0.5,1.0,0.0
12,2025-01-13,Tight,2.0,14.4636,6,V2_Capesize_Standard,Paradip,Samarinda_to_ECI,14.8662,0.0,0.5,1.0,0.0
13,2025-01-14,Normal,0.5,3.2952,9,V2_Capesize_Standard,Paradip,Samarinda_to_ECI,14.811,0.0,0.5,1.0,0.0
13,2025-01-14,Normal,0.75,4.9427,9,V2_Capesize_Standard,Paradip,Samarinda_to_ECI,14.811,0.0,0.5,1.0,0.0
13,2025-01-14,Normal,1.0,6.5903,9,V2_Capesize_Standard,Paradip,Samarinda_to_ECI,14.811,0.0,0.5,1.0,0.0
13,2025-01-14,Normal,1.25,8.2379,9,V2_Capesize_Standard,Paradip,Samarinda_to_ECI,14.811,0.0,0.5,1.0,0.0
13,2025-01-14,Normal,1.5,9.8855,9,V2_Capesize_Standard,Paradip,Samarinda_to_ECI,14.811,0.0,0.5,1.0,0.0
13,2025-01-14,Normal,2.0,13.1806,9,V2_Capesize_Standard,Paradip,Samarinda_to_ECI,14.811,0.0,0.5,1.0,0.0
13,2025-01-14,Moderate,0.5,3.2952,6,V2_Capesize_Standard,Paradip,Samarinda_to_ECI,14.811,0.0,0.5,1.0,0.0
13,2025-01-14,Moderate,0.75,4.9427,6,V2_Capesize_Standard,Paradip,Samarinda_to_ECI,14.811,0.0,0.5,1.0,0.0
13,2025-01-14,Moderate,1.0,6.5903,6,V2_Capesize_Standard,Paradip,Samarinda_to_ECI,14.811,0.0,0.5,1.0,0.0
13,2025-01-14,Moderate,1.25,8.2379,6,V2_Capesize_Standard,Paradip,Samarinda_to_ECI,14.811,0.0,0.5,1.0,0.0
13,2025-01-14,Moderate,1.5,9.8855,6,V2_Capesize_Standard,Paradip,Samarinda_to_ECI,14.811,0.0,0.5,1.0,0.0
13,2025-01-14,Moderate,2.0,13.1806,6,V2_Capesize_Standard,Paradip,Samarinda_to_ECI,14.811,0.0,0.5,1.0,0.0
13,2025-01-14,Tight,0.5,3.2952,6,V2_Capesize_Standard,Paradip,Samarinda_to_ECI,14.268,0.0,0.5,1.0,0.0
13,2025-01-14,Tight,0.75,4.9427,6,V2_Capesize_Standard,Paradip,Samarinda_to_ECI,14.268,0.0,0.5,1.0,0.0
13,2025-01-14,Tight,1.0,6.5903,6,V2_Capesize_Standard,Paradip,Samarinda_to_ECI,14.268,0.0,0.5,1.0,0.0
13,2025-01-14,Tight,1.25,8.2379,6,V2_Capesize_Standard,Paradip,Samarinda_to_ECI,14.268,0.0,0.5,1.0,0.0
13,2025-01-14,Tight,1.5,9.8855,6,V2_Capesize_Standard,Paradip,Samarinda_to_ECI,14.268,0.0,0.5,1.0,0.0
13,2025-01-14,Tight,2.0,13.1806,6,V2_Capesize_Standard,Paradip,Samarinda_to_ECI,14.268,0.0,0.5,1.0,0.0
14,2025-01-15,Normal,0.5,3.8996,9,V2_Capesize_Standard,Paradip,Samarinda_to_ECI,14.7412,0.0,0.5,1.0,0.0
14,2025-01-15,Normal,0.75,5.8494,9,V2_Capesize_Standard,Paradip,Samarinda_to_ECI,14.7412,0.0,0.5,1.0,0.0
14,2025-01-15,Normal,1.0,7.7992,9,V2_Capesize_Standard,Paradip,Samarinda_to_ECI,14.7412,0.0,0.5,1.0,0.0
14,2025-01-15,Normal,1.25,9.749,9,V2_Capesize_Standard,Paradip,Samarinda_to_ECI,14.7412,0.0,0.5,1.0,0.0
14,2025-01-15,Normal,1.5,11.6987,9,V2_Capesize_Standard,Paradip,Samarinda_to_ECI,14.7412,0.0,0.5,1.0,0.0
14,2025-01-15,Normal,2.0,15.5983,9,V2_Capesize_Standard,Paradip,Samarinda_to_ECI,14.7412,0.0,0.5,1.0,0.0
14,2025-01-15,Moderate,0.5,3.8996,6,V2_Capesize_Standard,Paradip,Samarinda_to_ECI,14.7412,0.0,0.5,1.0,0.0
14,2025-01-15,Moderate,0.75,5.8494,6,V2_Capesize_Standard,Paradip,Samarinda_to_ECI,14.7412,0.0,0.5,1.0,0.0
14,2025-01-15,Moderate,1.0,7.7992,6,V2_Capesize_Standard,Paradip,Samarinda_to_ECI,14.7412,0.0,0.5,1.0,0.0
14,2025-01-15,Moderate,1.25,9.749,6,V2_Capesize_Standard,Paradip,Samarinda_to_ECI,14.7412,0.0,0.5,1.0,0.0
14,2025-01-15,Moderate,1.5,11.6987,6,V2_Capesize_Standard,Paradip,Samarinda_to_ECI,14.7412,0.0,0.5,1.0,0.0
14,2025-01-15,Moderate,2.0,15.5983,6,V2_Capesize_Standard,Paradip,Samarinda_to_ECI,14.7412,0.0,0.5,1.0,0.0
14,2025-01-15,Tight,0.5,3.8996,6,V2_Capesize_Standard,Paradip,Samarinda_to_ECI,14.1982,0.0,0.5,1.0,0.0
14,2025-01-15,Tight,0.75,5.8494,6,V2_Capesize_Standard,Paradip,Samarinda_to_ECI,14.1982,0.0,0.5,1.0,0.0
14,2025-01-15,Tight,1.0,7.7992,6,V2_Capesize_Standard,Paradip,Samarinda_to_ECI,14.1982,0.0,0.5,1.0,0.0
14,2025-01-15,Tight,1.25,9.749,6,V2_Capesize_Standard,Paradip,Samarinda_to_ECI,14.1982,0.0,0.5,1.0,0.0
14,2025-01-15,Tight,1.5,11.6987,6,V2_Capesize_Standard,Paradip,Samarinda_to_ECI,14.1982,0.0,0.5,1.0,0.0
14,2025-01-15,Tight,2.0,15.5983,6,V2_Capesize_Standard,Paradip,Samarinda_to_ECI,14.1982,0.0,0.5,1.0,0.0
15,2025-01-16,Normal,0.5,3.9841,9,V2_Capesize_Standard,Paradip,Samarinda_to_ECI,14.5825,0.0,0.5,1.0,0.0
15,2025-01-16,Normal,0.75,5.9762,9,V2_Capesize_Standard,Paradip,Samarinda_to_ECI,14.5825,0.0,0.5,1.0,0.0
15,2025-01-16,Normal,1.0,7.9682,9,V2_Capesize_Standard,Paradip,Samarinda_to_ECI,14.5825,0.0,0.5,1.0,0.0
15,2025-01-16,Normal,1.25,9.9603,9,V2_Capesize_Standard,Paradip,Samarinda_to_ECI,14.5825,0.0,0.5,1.0,0.0
15,2025-01-16,Normal,1.5,11.9523,9,V2_Capesize_Standard,Paradip,Samarinda_to_ECI,14.5825,0.0,0.5,1.0,0.0
15,2025-01-16,Normal,2.0,15.9365,9,V2_Capesize_Standard,Paradip,Samarinda_to_ECI,14.5825,0.0,0.5,1.0,0.0
15,2025-01-16,Moderate,0.5,3.9841,6,V2_Capesize_Standard,Paradip,Samarinda_to_ECI,14.5825,0.0,0.5,1.0,0.0
15,2025-01-16,Moderate,0.75,5.9762,6,V2_Capesize_Standard,Paradip,Samarinda_to_ECI,14.5825,0.0,0.5,1.0,0.0
15,2025-01-16,Moderate,1.0,7.9682,6,V2_Capesize_Standard,Paradip,Samarinda_to_ECI,14.5825,0.0,0.5,1.0,0.0
15,2025-01-16,Moderate,1.25,9.9603,6,V2_Capesize_Standard,Paradip,Samarinda_to_ECI,14.5825,0.0,0.5,1.0,0.0
15,2025-01-16,Moderate,1.5,11.9523,6,V2_Capesize_Standard,Paradip,Samarinda_to_ECI,14.5825,0.0,0.5,1.0,0.0
15,2025-01-16,Moderate,2.0,15.9365,6,V2_Capesize_Standard,Paradip,Samarinda_to_ECI,14.5825,0.0,0.5,1.0,0.0
15,2025-01-16,Tight,0.5,3.9841,6,V2_Capesize_Standard,Paradip,Samarinda_to_ECI,14.0395,0.0,0.5,1.0,0.0
15,2025-01-16,Tight,0.75,5.9762,6,V2_Capesize_Standard,Paradip,Samarinda_to_ECI,14.0395,0.0,0.5,1.0,0.0
15,2025-01-16,Tight,1.0,7.9682,6,V2_Capesize_Standard,Paradip,Samarinda_to_ECI,14.0395,0.0,0.5,1.0,0.0
15,2025-01-16,Tight,1.25,9.9603,6,V2_Capesize_Standard,Paradip,Samarinda_to_ECI,14.0395,0.0,0.5,1.0,0.0
15,2025-01-16,Tight,1.5,11.9523,6,V2_Capesize_Standard,Paradip,Samarinda_to_ECI,14.0395,0.0,0.5,1.0,0.0
15,2025-01-16,Tight,2.0,15.9365,6,V2_Capesize_Standard,Paradip,Samarinda_to_ECI,14.0395,0.0,0.5,1.0,0.0
16,2025-01-17,Normal,0.5,3.9725,9,V2_Capesize_Standard,Paradip,Samarinda_to_ECI,14.5851,0.0,0.5,1.0,0.0
16,2025-01-17,Normal,0.75,5.9587,9,V2_Capesize_Standard,Paradip,Samarinda_to_ECI,14.5851,0.0,0.5,1.0,0.0
16,2025-01-17,Normal,1.0,7.9449,9,V2_Capesize_Standard,Paradip,Samarinda_to_ECI,14.5851,0.0,0.5,1.0,0.0
16,2025-01-17,Normal,1.25,9.9312,9,V2_Capesize_Standard,Paradip,Samarinda_to_ECI,14.5851,0.0,0.5,1.0,0.0
16,2025-01-17,Normal,1.5,11.9174,9,V2_Capesize_Standard,Paradip,Samarinda_to_ECI,14.5851,0.0,0.5,1.0,0.0
16,2025-01-17,Normal,2.0,15.8898,9,V2_Capesize_Standard,Paradip,Samarinda_to_ECI,14.5851,0.0,0.5,1.0,0.0
16,2025-01-17,Moderate,0.5,3.9725,6,V2_Capesize_Standard,Paradip,Samarinda_to_ECI,14.5851,0.0,0.5,1.0,0.0
16,2025-01-17,Moderate,0.75,5.9587,6,V2_Capesize_Standard,Paradip,Samarinda_to_ECI,14.5851,0.0,0.5,1.0,0.0
16,2025-01-17,Moderate,1.0,7.9449,6,V2_Capesize_Standard,Paradip,Samarinda_to_ECI,14.5851,0.0,0.5,1.0,0.0
16,2025-01-17,Moderate,1.25,9.9312,6,V2_Capesize_Standard,Paradip,Samarinda_to_ECI,14.5851,0.0,0.5,1.0,0.0
16,2025-01-17,Moderate,1.5,11.9174,6,V2_Capesize_Standard,Paradip,Samarinda_to_ECI,14.5851,0.0,0.5,1.0,0.0
16,2025-01-17,Moderate,2.0,15.8898,6,V2_Capesize_Standard,Paradip,Samarinda_to_ECI,14.5851,0.0,0.5,1.0,0.0
16,2025-01-17,Tight,0.5,3.9725,6,V2_Capesize_Standard,Paradip,Samarinda_to_ECI,14.042,0.0,0.5,1.0,0.0
16,2025-01-17,Tight,0.75,5.9587,6,V2_Capesize_Standard,Paradip,Samarinda_to_ECI,14.042,0.0,0.5,1.0,0.0
16,2025-01-17,Tight,1.0,7.9449,6,V2_Capesize_Standard,Paradip,Samarinda_to_ECI,14.042,0.0,0.5,1.0,0.0
16,2025-01-17,Tight,1.25,9.9312,6,V2_Capesize_Standard,Paradip,Samarinda_to_ECI,14.042,0.0,0.5,1.0,0.0
16,2025-01-17,Tight,1.5,11.9174,6,V2_Capesize_Standard,Paradip,Samarinda_to_ECI,14.042,0.0,0.5,1.0,0.0
16,2025-01-17,Tight,2.0,15.8898,6,V2_Capesize_Standard,Paradip,Samarinda_to_ECI,14.042,0.0,0.5,1.0,0.0
17,2025-01-21,Normal,0.5,3.4571,9,V2_Capesize_Standard,Paradip,Samarinda_to_ECI,14.5581,0.0,0.5,1.0,0.0
17,2025-01-21,Normal,0.75,5.1857,9,V2_Capesize_Standard,Paradip,Samarinda_to_ECI,14.5581,0.0,0.5,1.0,0.0
17,2025-01-21,Normal,1.0,6.9143,9,V2_Capesize_Standard,Paradip,Samarinda_to_ECI,14.5581,0.0,0.5,1.0,0.0
17,2025-01-21,Normal,1.25,8.6429,9,V2_Capesize_Standard,Paradip,Samarinda_to_ECI,14.5581,0.0,0.5,1.0,0.0
17,2025-01-21,Normal,1.5,10.3714,9,V2_Capesize_Standard,Paradip,Samarinda_to_ECI,14.5581,0.0,0.5,1.0,0.0
17,2025-01-21,Normal,2.0,13.8286,9,V2_Capesize_Standard,Paradip,Samarinda_to_ECI,14.5581,0.0,0.5,1.0,0.0
17,2025-01-21,Moderate,0.5,3.4571,6,V2_Capesize_Standard,Paradip,Samarinda_to_ECI,14.5581,0.0,0.5,1.0,0.0
17,2025-01-21,Moderate,0.75,5.1857,6,V2_Capesize_Standard,Paradip,Samarinda_to_ECI,14.5581,0.0,0.5,1.0,0.0
17,2025-01-21,Moderate,1.0,6.9143,6,V2_Capesize_Standard,Paradip,Samarinda_to_ECI,14.5581,0.0,0.5,1.0,0.0
17,2025-01-21,Moderate,1.25,8.6429,6,V2_Capesize_Standard,Paradip,Samarinda_to_ECI,14.5581,0.0,0.5,1.0,0.0
17,2025-01-21,Moderate,1.5,10.3714,6,V2_Capesize_Standard,Paradip,Samarinda_to_ECI,14.5581,0.0,0.5,1.0,0.0
17,2025-01-21,Moderate,2.0,13.8286,6,V2_Capesize_Standard,Paradip,Samarinda_to_ECI,14.5581,0.0,0.5,1.0,0.0
17,2025-01-21,Tight,0.5,3.4571,6,V2_Capesize_Standard,Paradip,Samarinda_to_ECI,14.0151,0.0,0.5,1.0,0.0
17,2025-01-21,Tight,0.75,5.1857,6,V2_Capesize_Standard,Paradip,Samarinda_to_ECI,14.0151,0.0,0.5,1.0,0.0
17,2025-01-21,Tight,1.0,6.9143,6,V2_Capesize_Standard,Paradip,Samarinda_to_ECI,14.0151,0.0,0.5,1.0,0.0
17,2025-01-21,Tight,1.25,8.6429,6,V2_Capesize_Standard,Paradip,Samarinda_to_ECI,14.0151,0.0,0.5,1.0,0.0
17,2025-01-21,Tight,1.5,10.3714,6,V2_Capesize_Standard,Paradip,Samarinda_to_ECI,14.0151,0.0,0.5,1.0,0.0
17,2025-01-21,Tight,2.0,13.8286,6,V2_Capesize_Standard,Paradip,Samarinda_to_ECI,14.0151,0.0,0.5,1.0,0.0
18,2025-01-22,Normal,0.5,4.0379,9,V2_Capesize_Standard,Paradip,Samarinda_to_ECI,14.5581,0.0,0.5,1.0,0.0
18,2025-01-22,Normal,0.75,6.0568,9,V2_Capesize_Standard,Paradip,Samarinda_to_ECI,14.5581,0.0,0.5,1.0,0.0
18,2025-01-22,Normal,1.0,8.0757,9,V2_Capesize_Standard,Paradip,Samarinda_to_ECI,14.5581,0.0,0.5,1.0,0.0
18,2025-01-22,Normal,1.25,10.0947,9,V2_Capesize_Standard,Paradip,Samarinda_to_ECI,14.5581,0.0,0.5,1.0,0.0
18,2025-01-22,Normal,1.5,12.1136,9,V2_Capesize_Standard,Paradip,Samarinda_to_ECI,14.5581,0.0,0.5,1.0,0.0
18,2025-01-22,Normal,2.0,16.1515,9,V2_Capesize_Standard,Paradip,Samarinda_to_ECI,14.5581,0.0,0.5,1.0,0.0
18,2025-01-22,Moderate,0.5,4.0379,6,V2_Capesize_Standard,Paradip,Samarinda_to_ECI,14.5581,0.0,0.5,1.0,0.0
18,2025-01-22,Moderate,0.75,6.0568,6,V2_Capesize_Standard,Paradip,Samarinda_to_ECI,14.5581,0.0,0.5,1.0,0.0
18,2025-01-22,Moderate,1.0,8.0757,6,V2_Capesize_Standard,Paradip,Samarinda_to_ECI,14.5581,0.0,0.5,1.0,0.0
18,2025-01-22,Moderate,1.25,10.0947,6,V2_Capesize_Standard,Paradip,Samarinda_to_ECI,14.5581,0.0,0.5,1.0,0.0
18,2025-01-22,Moderate,1.5,12.1136,6,V2_Capesize_Standard,Paradip,Samarinda_to_ECI,14.5581,0.0,0.5,1.0,0.0
18,2025-01-22,Moderate,2.0,16.1515,6,V2_Capesize_Standard,Paradip,Samarinda_to_ECI,14.5581,0.0,0.5,1.0,0.0
18,2025-01-22,Tight,0.5,4.0379,6,V2_Capesize_Standard,Paradip,Samarinda_to_ECI,14.0151,0.0,0.5,1.0,0.0
18,2025-01-22,Tight,0.75,6.0568,6,V2_Capesize_Standard,Paradip,Samarinda_to_ECI,14.0151,0.0,0.5,1.0,0.0
18,2025-01-22,Tight,1.0,8.0757,6,V2_Capesize_Standard,Paradip,Samarinda_to_ECI,14.0151,0.0,0.5,1.0,0.0
18,2025-01-22,Tight,1.25,10.0947,6,V2_Capesize_Standard,Paradip,Samarinda_to_ECI,14.0151,0.0,0.5,1.0,0.0
18,2025-01-22,Tight,1.5,12.1136,6,V2_Capesize_Standard,Paradip,Samarinda_to_ECI,14.0151,0.0,0.5,1.0,0.0
18,2025-01-22,Tight,2.0,16.1515,6,V2_Capesize_Standard,Paradip,Samarinda_to_ECI,14.0151,0.0,0.5,1.0,0.0
19,2025-01-23,Normal,0.5,4.031,9,V2_Capesize_Standard,Paradip,Samarinda_to_ECI,14.5359,0.0,0.5,1.0,0.0
19,2025-01-23,Normal,0.75,6.0464,9,V2_Capesize_Standard,Paradip,Samarinda_to_ECI,14.5359,0.0,0.5,1.0,0.0
19,2025-01-23,Normal,1.0,8.0619,9,V2_Capesize_Standard,Paradip,Samarinda_to_ECI,14.5359,0.0,0.5,1.0,0.0
19,2025-01-23,Normal,1.25,10.0774,9,V2_Capesize_Standard,Paradip,Samarinda_to_ECI,14.5359,0.0,0.5,1.0,0.0
19,2025-01-23,Normal,1.5,12.0929,9,V2_Capesize_Standard,Paradip,Samarinda_to_ECI,14.5359,0.0,0.5,1.0,0.0
19,2025-01-23,Normal,2.0,16.1239,9,V2_Capesize_Standard,Paradip,Samarinda_to_ECI,14.5359,0.0,0.5,1.0,0.0
19,2025-01-23,Moderate,0.5,4.031,6,V2_Capesize_Standard,Paradip,Samarinda_to_ECI,14.5359,0.0,0.5,1.0,0.0
19,2025-01-23,Moderate,0.75,6.0464,6,V2_Capesize_Standard,Paradip,Samarinda_to_ECI,14.5359,0.0,0.5,1.0,0.0
19,2025-01-23,Moderate,1.0,8.0619,6,V2_Capesize_Standard,Paradip,Samarinda_to_ECI,14.5359,0.0,0.5,1.0,0.0
19,2025-01-23,Moderate,1.25,10.0774,6,V2_Capesize_Standard,Paradip,Samarinda_to_ECI,14.5359,0.0,0.5,1.0,0.0
19,2025-01-23,Moderate,1.5,12.0929,6,V2_Capesize_Standard,Paradip,Samarinda_to_ECI,14.5359,0.0,0.5,1.0,0.0
19,2025-01-23,Moderate,2.0,16.1239,6,V2_Capesize_Standard,Paradip,Samarinda_to_ECI,14.5359,0.0,0.5,1.0,0.0
19,2025-01-23,Tight,0.5,4.031,6,V2_Capesize_Standard,Paradip,Samarinda_to_ECI,13.9928,0.0,0.5,1.0,0.0
19,2025-01-23,Tight,0.75,6.0464,6,V2_Capesize_Standard,Paradip,Samarinda_to_ECI,13.9928,0.0,0.5,1.0,0.0
19,2025-01-23,Tight,1.0,8.0619,6,V2_Capesize_Standard,Paradip,Samarinda_to_ECI,13.9928,0.0,0.5,1.0,0.0
19,2025-01-23,Tight,1.25,10.0774,6,V2_Capesize_Standard,Paradip,Samarinda_to_ECI,13.9928,0.0,0.5,1.0,0.0
19,2025-01-23,Tight,1.5,12.0929,6,V2_Capesize_Standard,Paradip,Samarinda_to_ECI,13.9928,0.0,0.5,1.0,0.0
19,2025-01-23,Tight,2.0,16.1239,6,V2_Capesize_Standard,Paradip,Samarinda_to_ECI,13.9928,0.0,0.5,1.0,0.0
