scenario_idx,date,current_rate,forecast_rate,actual_future,cqr_width,norm_cqr_width,timing_decision,timing_flip,decision_error,regret,above_tau
0,2024-12-23,6.25,6.6972,6.26,6.1146,1.3867,ENTER_NOW,1,0,0.0,1
1,2024-12-24,6.13,6.7311,5.82,6.0008,1.3608,ENTER_NOW,1,1,0.31,1
2,2024-12-26,6.065,6.095,5.63,6.2987,1.4284,ENTER_NOW,1,1,0.435,1
3,2024-12-27,6.1,6.0814,5.55,6.5059,1.4754,DEFER,1,0,0.0,1
4,2024-12-30,5.92,6.057,6.7,6.8292,1.5487,ENTER_NOW,1,0,0.0,1
5,2024-12-31,6.08,6.1023,5.84,6.7793,1.5374,ENTER_NOW,1,1,0.24,1
6,2025-01-02,6.25,6.0854,6.13,6.7999,1.5421,DEFER,1,0,0.0,1
7,2025-01-03,6.26,6.6803,5.89,6.0912,1.3814,ENTER_NOW,1,1,0.37,1
8,2025-01-06,5.82,6.6448,5.73,6.0587,1.374,ENTER_NOW,1,1,0.09,1
9,2025-01-07,5.63,6.0087,5.72,6.8564,1.5549,ENTER_NOW,1,0,0.0,1
10,2025-01-08,5.55,5.9544,5.61,6.9123,1.5676,ENTER_NOW,1,0,0.0,1
11,2025-01-10,6.7,6.18,5.28,6.7464,1.5299,DEFER,1,0,0.0,1
12,2025-01-13,5.84,6.884,5.14,7.2318,1.64,ENTER_NOW,1,1,0.7,1
13,2025-01-14,6.13,6.2858,5.14,6.5903,1.4945,ENTER_NOW,1,1,0.99,1
14,2025-01-15,5.89,6.2159,5.32,7.7992,1.7687,ENTER_NOW,1,1,0.57,1
15,2025-01-16,5.73,6.0573,5.28,7.9682,1.807,ENTER_NOW,1,1,0.45,1
16,2025-01-17,5.72,6.0598,5.32,7.9449,1.8017,ENTER_NOW,1,1,0.4,1
17,2025-01-21,5.61,6.0329,5.49,6.9143,1.568,ENTER_NOW,1,1,0.12,1
18,2025-01-22,5.28,6.0329,5.77,8.0757,1.8314,ENTER_NOW,1,0,0.0,1
19,2025-01-23,5.14,6.0106,5.47,8.0619,1.8283,ENTER_NOW,1,0,0.0,1
20,2025-01-24,5.14,6.0106,5.87,8.0682,1.8297,ENTER_NOW,1,0,0.0,1
21,2025-01-27,5.32,6.0762,5.99,8.0256,1.82,ENTER_NOW,1,0,0.0,1
22,2025-01-28,5.28,6.0106,5.8,8.0533,1.8263,ENTER_NOW,1,0,0.0,1
23,2025-01-29,5.32,6.0147,5.86,8.0214,1.8191,ENTER_NOW,1,0,0.0,1
24,2025-01-30,5.49,6.0802,5.78,7.9698,1.8074,ENTER_NOW,1,0,0.0,1
25,2025-01-31,5.77,6.4297,5.68,7.9234,1.7969,ENTER_NOW,1,1,0.09,1
26,2025-02-03,5.47,6.134,5.51,8.037,1.8226,ENTER_NOW,1,0,0.0,1
27,2025-02-04,5.87,6.4614,5.5,7.8323,1.7762,ENTER_NOW,1,1,0.37,1
28,2025-02-05,5.99,6.413,5.64,7.8309,1.7759,ENTER_NOW,1,1,0.35,1
29,2025-02-06,5.8,6.1993,6.08,7.8372,1.7773,ENTER_NOW,1,0,0.0,1
30,2025-02-07,5.86,6.1993,5.99,7.8739,1.7856,ENTER_NOW,1,0,0.0,1
31,2025-02-10,5.78,6.1993,6.45,7.9511,1.8031,ENTER_NOW,1,0,0.0,1
32,2025-02-11,5.68,6.0977,6.32,6.7597,1.533,ENTER_NOW,1,0,0.0,1
33,2025-02-12,5.51,6.0514,6.09,6.7179,1.5235,ENTER_NOW,1,0,0.0,1
34,2025-02-13,5.5,6.0514,6.26,6.7224,1.5245,ENTER_NOW,1,0,0.0,1
35,2025-02-14,5.64,6.0927,6.4,6.6934,1.5179,ENTER_NOW,1,0,0.0,1
36,2025-02-18,6.08,6.2104,6.17,6.6323,1.5041,ENTER_NOW,1,0,0.0,1
37,2025-02-19,5.99,6.1208,6.4,6.6652,1.5115,ENTER_NOW,1,0,0.0,1
38,2025-02-20,6.45,6.4805,6.15,6.5682,1.4895,ENTER_NOW,1,1,0.3,1
39,2025-02-21,6.32,7.1841,6.0,6.0299,1.3674,ENTER_NOW,1,1,0.32,1
40,2025-02-24,6.09,6.8508,6.29,5.9776,1.3556,ENTER_NOW,1,0,0.0,1
41,2025-02-25,6.26,6.2893,6.5,6.579,1.492,ENTER_NOW,1,0,0.0,1
42,2025-02-26,6.4,6.7982,6.57,5.9462,1.3485,ENTER_NOW,1,0,0.0,0
43,2025-02-27,6.17,6.9439,6.55,5.9274,1.3442,ENTER_NOW,1,0,0.0,0
44,2025-02-28,6.4,6.9405,6.68,5.928,1.3443,ENTER_NOW,1,0,0.0,0
45,2025-03-03,6.15,7.0412,7.14,6.0248,1.3663,ENTER_NOW,1,0,0.0,1
46,2025-03-04,6.0,6.2106,6.85,6.601,1.497,ENTER_NOW,1,0,0.0,1
47,2025-03-05,6.29,6.3038,6.95,6.6403,1.5059,ENTER_NOW,1,0,0.0,1
48,2025-03-06,6.5,6.8466,6.86,6.0998,1.3833,ENTER_NOW,1,0,0.0,1
49,2025-03-07,6.57,6.9479,6.73,5.8582,1.3285,ENTER_NOW,1,0,0.0,0
50,2025-03-10,6.55,7.0079,6.5,5.9021,1.3385,ENTER_NOW,1,1,0.05,0
51,2025-03-11,6.68,7.4125,6.775,5.7852,1.312,ENTER_NOW,1,0,0.0,0
52,2025-03-12,7.14,7.4609,6.91,5.8332,1.3228,ENTER_NOW,1,1,0.23,0
53,2025-03-13,6.85,7.3924,6.75,5.7664,1.3077,ENTER_NOW,1,1,0.1,0
54,2025-03-14,6.95,7.2162,6.51,5.6711,1.2861,ENTER_NOW,1,1,0.44,0
55,2025-03-17,6.86,7.2162,6.4,5.6617,1.2839,ENTER_NOW,1,1,0.46,0
56,2025-03-18,6.73,7.2162,6.35,5.6845,1.2891,ENTER_NOW,1,1,0.38,0
57,2025-03-19,6.5,7.2121,6.36,5.7788,1.3105,ENTER_NOW,1,1,0.14,0
58,2025-03-20,6.775,7.3058,6.25,5.6827,1.2887,ENTER_NOW,1,1,0.525,0
59,2025-03-21,6.91,7.2574,6.5,5.8109,1.3178,ENTER_NOW,1,1,0.41,0
60,2025-03-24,6.75,7.4858,6.37,5.7037,1.2935,ENTER_NOW,1,1,0.38,0
61,2025-03-25,6.51,7.3668,6.02,5.7232,1.2979,ENTER_NOW,1,1,0.49,0
62,2025-03-26,6.4,7.3708,5.62,5.6913,1.2907,ENTER_NOW,1,1,0.78,0
63,2025-03-27,6.35,7.3668,5.38,5.7834,1.3116,ENTER_NOW,1,1,0.97,0
64,2025-03-28,6.36,7.2097,5.36,5.8503,1.3267,ENTER_NOW,1,1,1.0,0
65,2025-03-31,6.25,7.1497,5.33,5.873,1.3319,ENTER_NOW,1,1,0.92,0
66,2025-04-01,6.5,7.1501,5.6,5.81,1.3176,ENTER_NOW,1,1,0.9,0
67,2025-04-02,6.37,7.2175,5.63,5.8987,1.3377,ENTER_NOW,1,1,0.74,0
68,2025-04-03,6.02,7.051,5.75,6.0042,1.3616,ENTER_NOW,1,1,0.27,1
69,2025-04-04,5.62,6.3562,5.69,6.9162,1.5684,ENTER_NOW,1,0,0.0,1
70,2025-04-07,5.38,6.0514,5.72,7.2145,1.6361,ENTER_NOW,1,0,0.0,1
71,2025-04-08,5.36,6.0514,5.74,7.2487,1.6438,ENTER_NOW,1,0,0.0,1
72,2025-04-09,5.33,6.0292,5.73,7.2479,1.6437,ENTER_NOW,1,0,0.0,1
73,2025-04-10,5.6,6.0947,5.6,7.1424,1.6197,ENTER_NOW,1,1,0.0,1
74,2025-04-11,5.63,6.0555,5.88,7.184,1.6292,ENTER_NOW,1,0,0.0,1
75,2025-04-14,5.75,6.0967,5.83,7.1149,1.6135,ENTER_NOW,1,0,0.0,1
76,2025-04-15,5.69,6.0555,5.92,7.1146,1.6134,ENTER_NOW,1,0,0.0,1
77,2025-04-16,5.72,6.0555,5.78,7.0895,1.6077,ENTER_NOW,1,0,0.0,1
78,2025-04-17,5.74,6.0555,5.57,7.1376,1.6187,ENTER_NOW,1,1,0.17,1
79,2025-04-21,5.73,6.1056,5.765,7.0252,1.5932,ENTER_NOW,1,0,0.0,1
80,2025-04-22,5.6,6.0555,5.95,7.0272,1.5936,ENTER_NOW,1,0,0.0,1
81,2025-04-23,5.88,6.1451,5.84,7.0427,1.5971,ENTER_NOW,1,1,0.04,1
82,2025-04-24,5.83,6.0555,5.914,7.0289,1.594,ENTER_NOW,1,0,0.0,1
83,2025-04-25,5.92,6.0555,5.62,7.0349,1.5954,ENTER_NOW,1,1,0.3,1
84,2025-04-28,5.78,6.0555,5.62,7.0204,1.5921,ENTER_NOW,1,1,0.16,1
85,2025-04-29,5.57,6.0555,5.42,6.9553,1.5773,ENTER_NOW,1,1,0.15,1
86,2025-04-30,5.765,6.1451,5.43,6.9723,1.5812,ENTER_NOW,1,1,0.335,1
87,2025-05-01,5.95,6.0684,5.54,7.0079,1.5892,ENTER_NOW,1,1,0.41,1
88,2025-05-02,5.84,5.9788,5.3,7.012,1.5902,ENTER_NOW,1,1,0.54,1
89,2025-05-05,5.914,6.0441,5.46,6.9707,1.5808,ENTER_NOW,1,1,0.454,1
90,2025-05-06,5.62,6.0441,5.55,6.9048,1.5659,ENTER_NOW,1,1,0.07,1
91,2025-05-07,5.62,6.0441,5.504,6.8944,1.5635,ENTER_NOW,1,1,0.116,1
92,2025-05-08,5.42,6.0401,5.31,7.0532,1.5995,ENTER_NOW,1,1,0.11,1
93,2025-05-09,5.43,6.0197,5.36,7.0575,1.6005,ENTER_NOW,1,1,0.07,1
94,2025-05-12,5.54,6.061,5.34,7.0607,1.6012,ENTER_NOW,1,1,0.2,1
95,2025-05-13,5.3,5.9544,5.21,7.1152,1.6136,ENTER_NOW,1,1,0.09,1
96,2025-05-14,5.46,5.9734,5.15,7.0738,1.6042,ENTER_NOW,1,1,0.31,1
97,2025-05-15,5.55,6.0238,5.15,7.0336,1.5951,ENTER_NOW,1,1,0.4,1
98,2025-05-16,5.504,5.9584,5.167,7.0447,1.5976,ENTER_NOW,1,1,0.337,1
99,2025-05-19,5.31,5.9544,5.19,7.0651,1.6022,ENTER_NOW,1,1,0.12,1
100,2025-05-20,5.36,5.9362,5.19,7.0598,1.601,ENTER_NOW,1,1,0.17,1
101,2025-05-21,5.34,5.9362,5.1,6.997,1.5868,ENTER_NOW,1,1,0.24,1
102,2025-05-22,5.21,5.9321,5.2,7.0673,1.6027,ENTER_NOW,1,1,0.01,1
103,2025-05-23,5.15,5.9321,5.42,7.0137,1.5906,ENTER_NOW,1,0,0.0,1
104,2025-05-27,5.15,5.9321,5.49,7.0343,1.5952,ENTER_NOW,1,0,0.0,1
105,2025-05-28,5.167,5.9321,5.41,7.0625,1.6016,ENTER_NOW,1,0,0.0,1
106,2025-05-29,5.19,5.9321,5.372,7.0034,1.5882,ENTER_NOW,1,0,0.0,1
107,2025-05-30,5.19,5.9362,5.52,7.0305,1.5944,ENTER_NOW,1,0,0.0,1
108,2025-06-02,5.1,5.9362,5.65,6.7179,1.5235,ENTER_NOW,0,0,0.0,1
109,2025-06-03,5.2,5.9774,5.73,6.7635,1.5338,ENTER_NOW,1,0,0.0,1
110,2025-06-04,5.42,6.0017,5.87,6.6825,1.5154,ENTER_NOW,1,0,0.0,1
111,2025-06-05,5.49,6.0238,5.68,6.7354,1.5274,ENTER_NOW,1,0,0.0,1
112,2025-06-06,5.41,5.9788,5.63,6.7025,1.52,ENTER_NOW,1,0,0.0,1
113,2025-06-09,5.372,6.0441,5.62,6.7721,1.5358,ENTER_NOW,1,0,0.0,1
114,2025-06-10,5.52,6.0631,5.73,6.7024,1.52,ENTER_NOW,1,0,0.0,1
115,2025-06-11,5.65,6.0854,5.78,6.6451,1.507,ENTER_NOW,1,0,0.0,1
116,2025-06-12,5.73,6.0943,5.735,6.6765,1.5141,ENTER_NOW,1,0,0.0,1
117,2025-06-13,5.87,6.1712,5.8,6.7255,1.5252,ENTER_NOW,1,1,0.07,1
118,2025-06-16,5.68,6.0943,5.66,6.7077,1.5212,ENTER_NOW,1,1,0.02,1
119,2025-06-17,5.63,6.0441,5.584,6.7866,1.5391,ENTER_NOW,1,1,0.046,1
120,2025-06-18,5.62,6.0441,5.55,6.6763,1.514,ENTER_NOW,1,1,0.07,1
121,2025-06-20,5.73,6.0854,5.63,6.6391,1.5056,ENTER_NOW,1,1,0.1,1
122,2025-06-23,5.78,6.0441,5.77,6.611,1.4992,ENTER_NOW,1,1,0.01,1
123,2025-06-24,5.735,6.0943,5.93,6.6259,1.5026,ENTER_NOW,1,0,0.0,1
124,2025-06-25,5.8,6.0943,6.07,6.6134,1.4998,ENTER_NOW,1,0,0.0,1
125,2025-06-26,5.66,6.2983,6.18,6.6219,1.5017,ENTER_NOW,1,0,0.0,1
126,2025-06-27,5.584,6.2983,6.25,6.6672,1.512,ENTER_NOW,1,0,0.0,1
127,2025-06-30,5.55,6.2942,6.66,6.6847,1.5159,ENTER_NOW,1,0,0.0,1
128,2025-07-01,5.63,6.2185,7.09,6.8242,1.5476,ENTER_NOW,1,0,0.0,1
129,2025-07-02,5.77,6.2597,7.26,6.7311,1.5265,ENTER_NOW,1,0,0.0,1
130,2025-07-03,5.93,6.2597,6.78,6.75,1.5308,ENTER_NOW,1,0,0.0,1
131,2025-07-07,6.07,6.2955,7.25,6.7654,1.5342,ENTER_NOW,1,0,0.0,1
132,2025-07-08,6.18,6.5298,7.61,6.7723,1.5358,ENTER_NOW,1,0,0.0,1
133,2025-07-09,6.25,7.1247,7.4,6.1909,1.404,ENTER_NOW,1,0,0.0,1
134,2025-07-10,6.66,7.0443,7.35,5.9061,1.3394,ENTER_NOW,1,0,0.0,0
135,2025-07-11,7.09,7.2013,7.67,5.8123,1.3181,ENTER_NOW,1,0,0.0,0
136,2025-07-14,7.26,7.3891,7.52,5.7223,1.2977,ENTER_NOW,1,0,0.0,0
137,2025-07-15,6.78,7.506,7.42,5.834,1.323,ENTER_NOW,1,0,0.0,0
138,2025-07-16,7.25,7.4194,7.15,5.6849,1.2892,ENTER_NOW,1,1,0.1,0
139,2025-07-17,7.61,7.5957,7.246,5.6302,1.2768,DEFER,1,0,0.0,0
140,2025-07-18,7.4,7.3254,6.94,5.7366,1.3009,DEFER,1,0,0.0,0
141,2025-07-21,7.35,7.2861,7.02,5.6713,1.2861,DEFER,1,0,0.0,0
142,2025-07-22,7.67,8.4577,7.4,5.0938,1.1552,ENTER_NOW,1,1,0.27,0
143,2025-07-23,7.52,8.1874,7.46,5.2422,1.1888,ENTER_NOW,1,1,0.06,0
144,2025-07-24,7.42,8.2029,7.31,5.5333,1.2548,ENTER_NOW,1,1,0.11,0
145,2025-07-25,7.15,7.6933,7.77,5.4754,1.2417,ENTER_NOW,1,0,0.0,0
146,2025-07-28,7.246,7.6973,7.73,5.313,1.2049,ENTER_NOW,1,0,0.0,0
147,2025-07-29,6.94,7.5015,7.75,5.5799,1.2654,ENTER_NOW,1,0,0.0,0
148,2025-07-30,7.02,7.3253,7.8,5.7771,1.3101,ENTER_NOW,1,0,0.0,0
149,2025-07-31,7.4,7.419,7.9,5.693,1.291,ENTER_NOW,1,0,0.0,0
150,2025-08-01,7.46,7.5056,8.02,5.6665,1.285,ENTER_NOW,1,0,0.0,0
151,2025-08-04,7.31,7.5056,8.167,5.6893,1.2902,ENTER_NOW,1,0,0.0,0
152,2025-08-05,7.77,8.158,8.13,5.3307,1.2089,ENTER_NOW,1,0,0.0,0
153,2025-08-06,7.73,8.6283,8.02,5.1345,1.1644,ENTER_NOW,1,0,0.0,0
154,2025-08-07,7.75,8.2029,8.08,5.3335,1.2095,ENTER_NOW,1,0,0.0,0
155,2025-08-08,7.8,8.2029,7.773,5.0724,1.1503,ENTER_NOW,1,1,0.027,0
156,2025-08-11,7.9,8.2029,8.04,5.0831,1.1527,ENTER_NOW,1,0,0.0,0
157,2025-08-12,8.02,8.2029,8.16,4.962,1.1253,ENTER_NOW,1,0,0.0,0
158,2025-08-13,8.167,8.2441,8.41,4.9743,1.1281,ENTER_NOW,1,0,0.0,0
159,2025-08-14,8.13,8.2029,8.5,5.012,1.1366,ENTER_NOW,1,0,0.0,0
160,2025-08-15,8.02,8.2029,8.6,5.0324,1.1412,ENTER_NOW,1,0,0.0,0
161,2025-08-18,8.08,8.2029,8.3,5.0002,1.1339,ENTER_NOW,1,0,0.0,0
162,2025-08-19,7.773,8.1737,8.35,5.0522,1.1457,ENTER_NOW,1,0,0.0,0
163,2025-08-20,8.04,8.2925,8.37,5.1225,1.1617,ENTER_NOW,1,0,0.0,0
164,2025-08-21,8.16,8.2029,8.02,4.9946,1.1327,ENTER_NOW,1,1,0.14,0
165,2025-08-22,8.41,8.2441,8.14,4.9555,1.1238,DEFER,1,0,0.0,0
166,2025-08-25,8.5,8.2715,8.063,4.9755,1.1283,DEFER,1,0,0.0,0
167,2025-08-26,8.6,8.746,8.04,4.9646,1.1259,ENTER_NOW,1,1,0.56,0
168,2025-08-27,8.3,8.4529,8.15,5.2075,1.1809,ENTER_NOW,1,1,0.15,0
169,2025-08-28,8.35,8.2029,8.39,5.1176,1.1606,DEFER,1,1,0.04,0
170,2025-08-29,8.37,8.2029,8.22,5.0276,1.1402,DEFER,1,0,0.0,0
171,2025-09-02,8.02,8.1737,8.115,5.2083,1.1811,ENTER_NOW,1,0,0.0,0
172,2025-09-03,8.14,8.1737,8.1,4.9611,1.1251,ENTER_NOW,1,1,0.04,0
173,2025-09-04,8.063,8.1737,8.21,5.1485,1.1676,ENTER_NOW,1,0,0.0,0
174,2025-09-05,8.04,8.1737,8.04,5.2009,1.1795,ENTER_NOW,1,1,0.0,0
175,2025-09-08,8.15,8.2029,8.14,5.2308,1.1862,ENTER_NOW,1,1,0.01,0
176,2025-09-09,8.39,8.2441,8.2,4.9983,1.1335,DEFER,1,0,0.0,0
177,2025-09-10,8.22,8.2715,8.16,5.1021,1.157,ENTER_NOW,1,1,0.06,0
178,2025-09-11,8.115,8.2029,8.06,5.053,1.1459,ENTER_NOW,1,1,0.055,0
179,2025-09-12,8.1,8.2029,8.25,5.0435,1.1437,ENTER_NOW,1,0,0.0,0
180,2025-09-15,8.21,8.2029,8.38,5.0151,1.1373,DEFER,1,1,0.17,0
181,2025-09-16,8.04,8.1737,8.2,5.1032,1.1573,ENTER_NOW,1,0,0.0,0
182,2025-09-17,8.14,8.2029,8.05,5.0321,1.1412,ENTER_NOW,1,1,0.09,0
183,2025-09-18,8.2,8.2029,7.77,5.1044,1.1576,ENTER_NOW,1,1,0.43,0
184,2025-09-19,8.16,8.2029,7.51,5.097,1.1559,ENTER_NOW,1,1,0.65,0
185,2025-09-22,8.06,8.1825,7.58,5.1415,1.166,ENTER_NOW,1,1,0.48,0
186,2025-09-23,8.25,8.2441,7.78,5.075,1.1509,DEFER,1,0,0.0,0
187,2025-09-24,8.38,8.2029,7.72,5.1773,1.1741,DEFER,1,0,0.0,0
188,2025-09-25,8.2,8.2029,7.866,5.2883,1.1993,ENTER_NOW,1,1,0.334,0
189,2025-09-26,8.05,8.2029,8.0,5.2393,1.1882,ENTER_NOW,1,1,0.05,0
190,2025-09-29,7.77,8.1737,7.6,5.2995,1.2018,ENTER_NOW,1,1,0.17,0
191,2025-09-30,7.51,8.0613,7.7,5.3161,1.2056,ENTER_NOW,1,0,0.0,0
192,2025-10-01,7.58,8.0639,8.18,5.201,1.1795,ENTER_NOW,1,0,0.0,0
193,2025-10-02,7.78,8.1946,8.64,5.1478,1.1674,ENTER_NOW,1,0,0.0,0
194,2025-10-03,7.72,8.1534,8.2,5.1949,1.1781,ENTER_NOW,1,0,0.0,0
195,2025-10-06,7.866,8.2238,8.52,5.1701,1.1725,ENTER_NOW,1,0,0.0,0
196,2025-10-07,8.0,8.1825,8.33,5.0654,1.1487,ENTER_NOW,1,0,0.0,0
197,2025-10-08,7.6,8.0905,8.16,5.1313,1.1637,ENTER_NOW,1,0,0.0,0
198,2025-10-09,7.7,8.1825,8.24,5.1458,1.167,ENTER_NOW,1,0,0.0,0
199,2025-10-10,8.18,8.2722,8.38,5.0767,1.1513,ENTER_NOW,1,0,0.0,0
200,2025-10-13,8.64,8.718,8.23,4.9418,1.1207,ENTER_NOW,1,1,0.41,0
201,2025-10-14,8.2,8.4529,7.82,5.1166,1.1603,ENTER_NOW,1,1,0.38,0
202,2025-10-15,8.52,8.718,7.85,4.9683,1.1267,ENTER_NOW,1,1,0.67,0
203,2025-10-16,8.33,8.2715,7.97,5.2225,1.1844,DEFER,1,0,0.0,0
204,2025-10-17,8.16,8.2029,7.953,5.123,1.1618,ENTER_NOW,1,1,0.207,0
205,2025-10-20,8.24,8.1737,8.2,5.0897,1.1542,DEFER,1,0,0.0,0
206,2025-10-21,8.38,8.2029,8.25,5.0729,1.1504,DEFER,1,0,0.0,0
207,2025-10-22,8.23,8.1737,8.1,5.1177,1.1606,DEFER,1,0,0.0,0
208,2025-10-23,7.82,8.1737,7.92,5.1095,1.1587,ENTER_NOW,1,0,0.0,0
209,2025-10-24,7.85,8.1737,8.18,5.045,1.1441,ENTER_NOW,1,0,0.0,0
210,2025-10-27,7.97,8.1737,8.3,5.0458,1.1443,ENTER_NOW,1,0,0.0,0
211,2025-10-28,7.953,8.1737,8.5,5.0639,1.1484,ENTER_NOW,1,0,0.0,0
212,2025-10-29,8.2,8.2722,8.35,5.0415,1.1433,ENTER_NOW,1,0,0.0,0
213,2025-10-30,8.25,8.2029,8.37,5.1531,1.1686,DEFER,1,1,0.12,0
214,2025-10-31,8.1,8.2029,8.42,5.1902,1.177,ENTER_NOW,1,0,0.0,0
215,2025-11-03,7.92,8.2029,8.48,5.2017,1.1796,ENTER_NOW,1,0,0.0,0
216,2025-11-04,8.18,8.2925,8.7,5.0932,1.155,ENTER_NOW,1,0,0.0,0
217,2025-11-05,8.3,8.2029,8.6,5.1666,1.1717,DEFER,1,1,0.3,0
218,2025-11-06,8.5,8.2441,8.8,5.0474,1.1446,DEFER,1,1,0.3,0
219,2025-11-07,8.35,8.2715,8.99,5.0883,1.1539,DEFER,1,1,0.64,0
220,2025-11-10,8.37,8.2029,8.9,5.0616,1.1479,DEFER,1,1,0.53,0
221,2025-11-11,8.42,8.2029,8.92,5.0651,1.1487,DEFER,1,1,0.5,0
222,2025-11-12,8.48,8.2832,8.95,5.0515,1.1456,DEFER,1,1,0.47,0
223,2025-11-13,8.7,8.3245,9.19,5.0556,1.1465,DEFER,1,1,0.49,0
224,2025-11-14,8.6,8.5581,9.23,5.221,1.184,DEFER,1,1,0.63,0
225,2025-11-17,8.8,8.6435,9.2,5.1275,1.1628,DEFER,1,1,0.4,0
226,2025-11-18,8.99,8.6674,8.77,4.7825,1.0846,DEFER,1,0,0.0,0
227,2025-11-19,8.9,8.7799,9.34,4.4983,1.0201,DEFER,1,1,0.44,0
228,2025-11-20,8.92,8.6303,9.25,4.5918,1.0413,DEFER,1,1,0.33,0
229,2025-11-21,8.95,8.6303,9.3,4.5495,1.0317,DEFER,1,1,0.35,0
230,2025-11-24,9.19,8.7157,9.27,4.4227,1.003,DEFER,1,1,0.08,0
231,2025-11-25,9.23,8.8423,9.0,4.2378,0.961,DEFER,1,0,0.0,0
232,2025-11-26,9.2,8.854,9.25,4.2743,0.9693,DEFER,1,1,0.05,0
233,2025-11-28,8.77,8.854,8.83,4.409,0.9999,ENTER_NOW,1,0,0.0,0
234,2025-12-01,9.34,8.7949,9.013,4.5766,1.0379,DEFER,1,0,0.0,0
235,2025-12-02,9.25,8.8263,8.84,4.354,0.9874,DEFER,1,0,0.0,0
236,2025-12-03,9.3,8.8263,8.68,4.1643,0.9444,DEFER,1,0,0.0,0
237,2025-12-04,9.27,8.8263,8.92,4.1945,0.9512,DEFER,1,0,0.0,0
238,2025-12-05,9.0,9.0707,8.77,4.129,0.9364,ENTER_NOW,1,1,0.23,0
239,2025-12-08,9.25,9.1561,8.42,3.9691,0.9001,DEFER,1,0,0.0,0
240,2025-12-09,8.83,8.7971,8.656,4.3675,0.9905,DEFER,1,0,0.0,0
241,2025-12-10,9.013,8.6846,8.7,4.2793,0.9704,DEFER,1,0,0.0,0
242,2025-12-11,8.84,8.783,8.88,4.5589,1.0339,DEFER,1,1,0.04,0
243,2025-12-12,8.68,8.5851,8.74,4.5596,1.034,DEFER,1,1,0.06,0
244,2025-12-15,8.92,8.6829,8.77,5.1349,1.1645,DEFER,1,0,0.0,0
245,2025-12-16,8.77,8.5939,8.75,4.8706,1.1046,DEFER,1,0,0.0,0
246,2025-12-17,8.42,8.5321,8.74,5.0842,1.153,ENTER_NOW,1,0,0.0,0
247,2025-12-18,8.656,8.4212,8.68,5.2205,1.1839,DEFER,1,1,0.024,0
248,2025-12-19,8.7,8.6266,8.77,5.2309,1.1863,DEFER,1,1,0.07,0
249,2025-12-22,8.88,8.712,8.46,5.1286,1.1631,DEFER,1,0,0.0,0
250,2025-12-23,8.74,8.5939,8.72,4.9968,1.1332,DEFER,1,0,0.0,0
251,2025-12-24,8.77,8.5613,8.81,5.2693,1.195,DEFER,1,1,0.04,0
252,2025-12-26,8.75,8.5613,8.79,5.3639,1.2164,DEFER,1,1,0.04,0
253,2025-12-29,8.74,8.5613,9.14,5.3615,1.2159,DEFER,1,1,0.4,0
254,2025-12-30,8.68,8.6266,8.85,5.3211,1.2067,DEFER,1,1,0.17,0
255,2025-12-31,8.77,8.6665,8.73,5.314,1.2051,DEFER,1,0,0.0,0
256,2026-01-02,8.46,8.4295,8.721,5.3488,1.213,DEFER,1,1,0.261,0
257,2026-01-05,8.72,8.3185,9.04,5.3413,1.2113,DEFER,1,1,0.32,0
258,2026-01-06,8.81,8.4586,9.48,5.2559,1.1919,DEFER,1,1,0.67,0
259,2026-01-07,8.79,8.5472,9.8,4.864,1.1031,DEFER,1,1,1.01,0
260,2026-01-08,9.14,8.6811,10.24,4.7239,1.0713,DEFER,1,1,1.1,0
261,2026-01-09,8.85,8.7452,10.07,4.8135,1.0916,DEFER,1,1,1.22,0
262,2026-01-12,8.73,8.5129,10.0,4.7168,1.0697,DEFER,1,1,1.27,0
263,2026-01-13,8.721,8.5444,10.36,5.115,1.16,DEFER,1,1,1.639,0
264,2026-01-14,9.04,8.6782,10.98,5.251,1.1908,DEFER,1,1,1.94,0
265,2026-01-15,9.48,8.879,11.26,4.6203,1.0478,DEFER,1,1,1.78,0
266,2026-01-16,9.8,9.5246,11.01,4.2018,0.9529,DEFER,1,1,1.21,0
267,2026-01-20,10.24,9.8716,11.48,3.8568,0.8746,DEFER,1,1,1.24,0
268,2026-01-21,10.07,10.1661,11.53,3.3478,0.7592,ENTER_NOW,1,0,0.0,0
269,2026-01-22,10.0,10.1661,11.2,3.6411,0.8257,ENTER_NOW,1,0,0.0,0
270,2026-01-23,10.36,10.2999,10.55,4.0437,0.917,DEFER,1,1,0.19,0
271,2026-01-26,10.98,10.2999,10.85,3.5914,0.8144,DEFER,1,0,0.0,0
272,2026-01-27,11.26,10.2515,10.71,3.396,0.7701,DEFER,1,0,0.0,0
273,2026-01-28,11.01,10.1661,10.65,3.4537,0.7832,DEFER,1,0,0.0,0
274,2026-01-29,11.48,10.2999,10.95,3.41,0.7733,DEFER,1,0,0.0,0
275,2026-01-30,11.53,10.1693,11.18,3.3744,0.7652,DEFER,1,0,0.0,0
276,2026-02-02,11.2,10.0041,11.44,3.5084,0.7956,DEFER,1,1,0.24,0
277,2026-02-03,10.55,10.3673,11.3,3.4444,0.7811,DEFER,1,1,0.75,0
278,2026-02-04,10.85,10.4819,11.49,3.3926,0.7694,DEFER,1,1,0.64,0
279,2026-02-05,10.71,10.3673,11.68,3.3411,0.7577,DEFER,1,1,0.97,0
280,2026-02-06,10.65,10.3673,11.76,3.8932,0.8829,DEFER,1,1,1.11,0
281,2026-02-09,10.95,10.5004,11.66,3.9458,0.8948,DEFER,1,1,0.71,0
282,2026-02-10,11.18,10.5004,11.73,3.9365,0.8927,DEFER,1,1,0.55,0
283,2026-02-11,11.44,10.5004,11.77,3.9691,0.9001,DEFER,1,1,0.33,0
284,2026-02-12,11.3,10.4149,11.87,3.8968,0.8837,DEFER,1,1,0.57,0
285,2026-02-13,11.49,10.4591,11.68,3.9438,0.8944,DEFER,1,1,0.19,0
286,2026-02-17,11.68,10.7522,11.91,3.7804,0.8573,DEFER,1,1,0.23,0
287,2026-02-18,11.76,10.6132,12.07,3.782,0.8577,DEFER,1,1,0.31,0
