scenario_idx,date,cost_e1_persistence,cost_e2_point_forecast,cost_e3_forecast_cqr,cost_e4_cqr_abstention,cost_e5_full_adaptive,abstained
0,2024-12-23,6.25,6.25,6.25,6.255,6.205,1
1,2024-12-24,6.13,6.13,6.13,5.975,5.9272,1
2,2024-12-26,6.065,6.065,6.065,5.8475,5.8007,1
3,2024-12-27,6.1,5.55,5.55,5.825,5.7784,1
4,2024-12-30,5.92,5.92,5.92,6.31,6.2595,1
5,2024-12-31,6.08,6.08,6.08,5.96,5.9123,1
6,2025-01-02,6.25,6.13,6.13,6.19,6.1405,1
7,2025-01-03,6.26,6.26,6.26,6.075,6.0264,1
8,2025-01-06,5.82,5.82,5.82,5.775,5.7288,1
9,2025-01-07,5.63,5.63,5.63,5.675,5.6296,1
10,2025-01-08,5.55,5.55,5.55,5.58,5.5354,1
11,2025-01-10,6.7,5.28,5.28,5.99,5.9421,1
12,2025-01-13,5.84,5.84,5.84,5.49,5.4461,1
13,2025-01-14,6.13,6.13,6.13,5.635,5.5899,1
14,2025-01-15,5.89,5.89,5.89,5.605,5.5602,1
15,2025-01-16,5.73,5.73,5.73,5.505,5.461,1
16,2025-01-17,5.72,5.72,5.72,5.52,5.4758,1
17,2025-01-21,5.61,5.61,5.61,5.55,5.5056,1
18,2025-01-22,5.28,5.28,5.28,5.525,5.4808,1
19,2025-01-23,5.14,5.14,5.14,5.305,5.2626,1
20,2025-01-24,5.14,5.14,5.14,5.505,5.461,1
21,2025-01-27,5.32,5.32,5.32,5.655,5.6098,1
22,2025-01-28,5.28,5.28,5.28,5.54,5.4957,1
23,2025-01-29,5.32,5.32,5.32,5.59,5.5453,1
24,2025-01-30,5.49,5.49,5.49,5.635,5.5899,1
25,2025-01-31,5.77,5.77,5.77,5.725,5.6792,1
26,2025-02-03,5.47,5.47,5.47,5.49,5.4461,1
27,2025-02-04,5.87,5.87,5.87,5.685,5.6395,1
28,2025-02-05,5.99,5.99,5.99,5.815,5.7685,1
29,2025-02-06,5.8,5.8,5.8,5.94,5.8925,1
30,2025-02-07,5.86,5.86,5.86,5.925,5.8776,1
31,2025-02-10,5.78,5.78,5.78,6.115,6.0661,1
32,2025-02-11,5.68,5.68,5.68,6.0,5.952,1
33,2025-02-12,5.51,5.51,5.51,5.8,5.7536,1
34,2025-02-13,5.5,5.5,5.5,5.88,5.833,1
35,2025-02-14,5.64,5.64,5.64,6.02,5.9718,1
36,2025-02-18,6.08,6.08,6.08,6.125,6.076,1
37,2025-02-19,5.99,5.99,5.99,6.195,6.1454,1
38,2025-02-20,6.45,6.45,6.45,6.3,6.2496,1
39,2025-02-21,6.32,6.32,6.32,6.16,6.1107,1
40,2025-02-24,6.09,6.09,6.09,6.19,6.1405,1
41,2025-02-25,6.26,6.26,6.26,6.38,6.329,1
42,2025-02-26,6.4,6.4,6.4,6.4,6.3488,0
43,2025-02-27,6.17,6.17,6.17,6.17,6.1206,0
44,2025-02-28,6.4,6.4,6.4,6.4,6.3488,0
45,2025-03-03,6.15,6.15,6.15,6.645,6.5918,1
46,2025-03-04,6.0,6.0,6.0,6.425,6.3736,1
47,2025-03-05,6.29,6.29,6.29,6.62,6.567,1
48,2025-03-06,6.5,6.5,6.5,6.68,6.6266,1
49,2025-03-07,6.57,6.57,6.57,6.57,6.5174,0
50,2025-03-10,6.55,6.55,6.55,6.55,6.4976,0
51,2025-03-11,6.68,6.68,6.68,6.68,6.6266,0
52,2025-03-12,7.14,7.14,7.14,7.14,7.0829,0
53,2025-03-13,6.85,6.85,6.85,6.85,6.7952,0
54,2025-03-14,6.95,6.95,6.95,6.95,6.8944,0
55,2025-03-17,6.86,6.86,6.86,6.86,6.8051,0
56,2025-03-18,6.73,6.73,6.73,6.73,6.6762,0
57,2025-03-19,6.5,6.5,6.5,6.5,6.448,0
58,2025-03-20,6.775,6.775,6.775,6.775,6.7208,0
59,2025-03-21,6.91,6.91,6.91,6.91,6.8547,0
60,2025-03-24,6.75,6.75,6.75,6.75,6.696,0
61,2025-03-25,6.51,6.51,6.51,6.51,6.4579,0
62,2025-03-26,6.4,6.4,6.4,6.4,6.3488,0
63,2025-03-27,6.35,6.35,6.35,6.35,6.2992,0
64,2025-03-28,6.36,6.36,6.36,6.36,6.3091,0
65,2025-03-31,6.25,6.25,6.25,6.25,6.2,0
66,2025-04-01,6.5,6.5,6.5,6.5,6.448,0
67,2025-04-02,6.37,6.37,6.37,6.37,6.319,0
68,2025-04-03,6.02,6.02,6.02,5.885,5.8379,1
69,2025-04-04,5.62,5.62,5.62,5.655,5.6098,1
70,2025-04-07,5.38,5.38,5.38,5.55,5.5056,1
71,2025-04-08,5.36,5.36,5.36,5.55,5.5056,1
72,2025-04-09,5.33,5.33,5.33,5.53,5.4858,1
73,2025-04-10,5.6,5.6,5.6,5.6,5.5552,1
74,2025-04-11,5.63,5.63,5.63,5.755,5.709,1
75,2025-04-14,5.75,5.75,5.75,5.79,5.7437,1
76,2025-04-15,5.69,5.69,5.69,5.805,5.7586,1
77,2025-04-16,5.72,5.72,5.72,5.75,5.704,1
78,2025-04-17,5.74,5.74,5.74,5.655,5.6098,1
79,2025-04-21,5.73,5.73,5.73,5.7475,5.7015,1
80,2025-04-22,5.6,5.6,5.6,5.775,5.7288,1
81,2025-04-23,5.88,5.88,5.88,5.86,5.8131,1
82,2025-04-24,5.83,5.83,5.83,5.872,5.825,1
83,2025-04-25,5.92,5.92,5.92,5.77,5.7238,1
84,2025-04-28,5.78,5.78,5.78,5.7,5.6544,1
85,2025-04-29,5.57,5.57,5.57,5.495,5.451,1
86,2025-04-30,5.765,5.765,5.765,5.5975,5.5527,1
87,2025-05-01,5.95,5.95,5.95,5.745,5.699,1
88,2025-05-02,5.84,5.84,5.84,5.57,5.5254,1
89,2025-05-05,5.914,5.914,5.914,5.687,5.6415,1
90,2025-05-06,5.62,5.62,5.62,5.585,5.5403,1
91,2025-05-07,5.62,5.62,5.62,5.562,5.5175,1
92,2025-05-08,5.42,5.42,5.42,5.365,5.3221,1
93,2025-05-09,5.43,5.43,5.43,5.395,5.3518,1
94,2025-05-12,5.54,5.54,5.54,5.44,5.3965,1
95,2025-05-13,5.3,5.3,5.3,5.255,5.213,1
96,2025-05-14,5.46,5.46,5.46,5.305,5.2626,1
97,2025-05-15,5.55,5.55,5.55,5.35,5.3072,1
98,2025-05-16,5.504,5.504,5.504,5.3355,5.2928,1
99,2025-05-19,5.31,5.31,5.31,5.25,5.208,1
100,2025-05-20,5.36,5.36,5.36,5.275,5.2328,1
101,2025-05-21,5.34,5.34,5.34,5.22,5.1782,1
102,2025-05-22,5.21,5.21,5.21,5.205,5.1634,1
103,2025-05-23,5.15,5.15,5.15,5.285,5.2427,1
104,2025-05-27,5.15,5.15,5.15,5.32,5.2774,1
105,2025-05-28,5.167,5.167,5.167,5.2885,5.2462,1
106,2025-05-29,5.19,5.19,5.19,5.281,5.2388,1
107,2025-05-30,5.19,5.19,5.19,5.355,5.3122,1
108,2025-06-02,5.1,5.1,5.1,5.375,5.332,1
109,2025-06-03,5.2,5.2,5.2,5.465,5.4213,1
110,2025-06-04,5.42,5.42,5.42,5.645,5.5998,1
111,2025-06-05,5.49,5.49,5.49,5.585,5.5403,1
112,2025-06-06,5.41,5.41,5.41,5.52,5.4758,1
113,2025-06-09,5.372,5.372,5.372,5.496,5.452,1
114,2025-06-10,5.52,5.52,5.52,5.625,5.58,1
115,2025-06-11,5.65,5.65,5.65,5.715,5.6693,1
116,2025-06-12,5.73,5.73,5.73,5.7325,5.6866,1
117,2025-06-13,5.87,5.87,5.87,5.835,5.7883,1
118,2025-06-16,5.68,5.68,5.68,5.67,5.6246,1
119,2025-06-17,5.63,5.63,5.63,5.607,5.5621,1
120,2025-06-18,5.62,5.62,5.62,5.585,5.5403,1
121,2025-06-20,5.73,5.73,5.73,5.68,5.6346,1
122,2025-06-23,5.78,5.78,5.78,5.775,5.7288,1
123,2025-06-24,5.735,5.735,5.735,5.8325,5.7858,1
124,2025-06-25,5.8,5.8,5.8,5.935,5.8875,1
125,2025-06-26,5.66,5.66,5.66,5.92,5.8726,1
126,2025-06-27,5.584,5.584,5.584,5.917,5.8697,1
127,2025-06-30,5.55,5.55,5.55,6.105,6.0562,1
128,2025-07-01,5.63,5.63,5.63,6.36,6.3091,1
129,2025-07-02,5.77,5.77,5.77,6.515,6.4629,1
130,2025-07-03,5.93,5.93,5.93,6.355,6.3042,1
131,2025-07-07,6.07,6.07,6.07,6.66,6.6067,1
132,2025-07-08,6.18,6.18,6.18,6.895,6.8398,1
133,2025-07-09,6.25,6.25,6.25,6.825,6.7704,1
134,2025-07-10,6.66,6.66,6.66,6.66,6.6067,0
135,2025-07-11,7.09,7.09,7.09,7.09,7.0333,0
136,2025-07-14,7.26,7.26,7.26,7.26,7.2019,0
137,2025-07-15,6.78,6.78,6.78,6.78,6.7258,0
138,2025-07-16,7.25,7.25,7.25,7.25,7.192,0
139,2025-07-17,7.61,7.246,7.246,7.246,7.188,0
140,2025-07-18,7.4,6.94,6.94,6.94,6.8845,0
141,2025-07-21,7.35,7.02,7.02,7.02,6.9638,0
142,2025-07-22,7.67,7.67,7.67,7.67,7.6086,0
143,2025-07-23,7.52,7.52,7.52,7.52,7.4598,0
144,2025-07-24,7.42,7.42,7.42,7.42,7.3606,0
145,2025-07-25,7.15,7.15,7.15,7.15,7.0928,0
146,2025-07-28,7.246,7.246,7.246,7.246,7.188,0
147,2025-07-29,6.94,6.94,6.94,6.94,6.8845,0
148,2025-07-30,7.02,7.02,7.02,7.02,6.9638,0
149,2025-07-31,7.4,7.4,7.4,7.4,7.3408,0
150,2025-08-01,7.46,7.46,7.46,7.46,7.4003,0
151,2025-08-04,7.31,7.31,7.31,7.31,7.2515,0
152,2025-08-05,7.77,7.77,7.77,7.77,7.7078,0
153,2025-08-06,7.73,7.73,7.73,7.73,7.6682,0
154,2025-08-07,7.75,7.75,7.75,7.75,7.688,0
155,2025-08-08,7.8,7.8,7.8,7.8,7.7376,0
156,2025-08-11,7.9,7.9,7.9,7.9,7.8368,0
157,2025-08-12,8.02,8.02,8.02,8.02,7.9558,0
158,2025-08-13,8.167,8.167,8.167,8.167,8.1017,0
159,2025-08-14,8.13,8.13,8.13,8.13,8.065,0
160,2025-08-15,8.02,8.02,8.02,8.02,7.9558,0
161,2025-08-18,8.08,8.08,8.08,8.08,8.0154,0
162,2025-08-19,7.773,7.773,7.773,7.773,7.7108,0
163,2025-08-20,8.04,8.04,8.04,8.04,7.9757,0
164,2025-08-21,8.16,8.16,8.16,8.16,8.0947,0
165,2025-08-22,8.41,8.14,8.14,8.14,8.0749,0
166,2025-08-25,8.5,8.063,8.063,8.063,7.9985,0
167,2025-08-26,8.6,8.6,8.6,8.6,8.5312,0
168,2025-08-27,8.3,8.3,8.3,8.3,8.2336,0
169,2025-08-28,8.35,8.39,8.39,8.39,8.3229,0
170,2025-08-29,8.37,8.22,8.22,8.22,8.1542,0
171,2025-09-02,8.02,8.02,8.02,8.02,7.9558,0
172,2025-09-03,8.14,8.14,8.14,8.14,8.0749,0
173,2025-09-04,8.063,8.063,8.063,8.063,7.9985,0
174,2025-09-05,8.04,8.04,8.04,8.04,7.9757,0
175,2025-09-08,8.15,8.15,8.15,8.15,8.0848,0
176,2025-09-09,8.39,8.2,8.2,8.2,8.1344,0
177,2025-09-10,8.22,8.22,8.22,8.22,8.1542,0
178,2025-09-11,8.115,8.115,8.115,8.115,8.0501,0
179,2025-09-12,8.1,8.1,8.1,8.1,8.0352,0
180,2025-09-15,8.21,8.38,8.38,8.38,8.313,0
181,2025-09-16,8.04,8.04,8.04,8.04,7.9757,0
182,2025-09-17,8.14,8.14,8.14,8.14,8.0749,0
183,2025-09-18,8.2,8.2,8.2,8.2,8.1344,0
184,2025-09-19,8.16,8.16,8.16,8.16,8.0947,0
185,2025-09-22,8.06,8.06,8.06,8.06,7.9955,0
186,2025-09-23,8.25,7.78,7.78,7.78,7.7178,0
187,2025-09-24,8.38,7.72,7.72,7.72,7.6582,0
188,2025-09-25,8.2,8.2,8.2,8.2,8.1344,0
189,2025-09-26,8.05,8.05,8.05,8.05,7.9856,0
190,2025-09-29,7.77,7.77,7.77,7.77,7.7078,0
191,2025-09-30,7.51,7.51,7.51,7.51,7.4499,0
192,2025-10-01,7.58,7.58,7.58,7.58,7.5194,0
193,2025-10-02,7.78,7.78,7.78,7.78,7.7178,0
194,2025-10-03,7.72,7.72,7.72,7.72,7.6582,0
195,2025-10-06,7.866,7.866,7.866,7.866,7.8031,0
196,2025-10-07,8.0,8.0,8.0,8.0,7.936,0
197,2025-10-08,7.6,7.6,7.6,7.6,7.5392,0
198,2025-10-09,7.7,7.7,7.7,7.7,7.6384,0
199,2025-10-10,8.18,8.18,8.18,8.18,8.1146,0
200,2025-10-13,8.64,8.64,8.64,8.64,8.5709,0
201,2025-10-14,8.2,8.2,8.2,8.2,8.1344,0
202,2025-10-15,8.52,8.52,8.52,8.52,8.4518,0
203,2025-10-16,8.33,7.97,7.97,7.97,7.9062,0
204,2025-10-17,8.16,8.16,8.16,8.16,8.0947,0
205,2025-10-20,8.24,8.2,8.2,8.2,8.1344,0
206,2025-10-21,8.38,8.25,8.25,8.25,8.184,0
207,2025-10-22,8.23,8.1,8.1,8.1,8.0352,0
208,2025-10-23,7.82,7.82,7.82,7.82,7.7574,0
209,2025-10-24,7.85,7.85,7.85,7.85,7.7872,0
210,2025-10-27,7.97,7.97,7.97,7.97,7.9062,0
211,2025-10-28,7.953,7.953,7.953,7.953,7.8894,0
212,2025-10-29,8.2,8.2,8.2,8.2,8.1344,0
213,2025-10-30,8.25,8.37,8.37,8.37,8.303,0
214,2025-10-31,8.1,8.1,8.1,8.1,8.0352,0
215,2025-11-03,7.92,7.92,7.92,7.92,7.8566,0
216,2025-11-04,8.18,8.18,8.18,8.18,8.1146,0
217,2025-11-05,8.3,8.6,8.6,8.6,8.5312,0
218,2025-11-06,8.5,8.8,8.8,8.8,8.7296,0
219,2025-11-07,8.35,8.99,8.99,8.99,8.9181,0
220,2025-11-10,8.37,8.9,8.9,8.9,8.8288,0
221,2025-11-11,8.42,8.92,8.92,8.92,8.8486,0
222,2025-11-12,8.48,8.95,8.95,8.95,8.8784,0
223,2025-11-13,8.7,9.19,9.19,9.19,9.1165,0
224,2025-11-14,8.6,9.23,9.23,9.23,9.1562,0
225,2025-11-17,8.8,9.2,9.2,9.2,9.1264,0
226,2025-11-18,8.99,8.77,8.77,8.77,8.6998,0
227,2025-11-19,8.9,9.34,9.34,9.34,9.2653,0
228,2025-11-20,8.92,9.25,9.25,9.25,9.176,0
229,2025-11-21,8.95,9.3,9.3,9.3,9.2256,0
230,2025-11-24,9.19,9.27,9.27,9.27,9.1958,0
231,2025-11-25,9.23,9.0,9.0,9.0,8.928,0
232,2025-11-26,9.2,9.25,9.25,9.25,9.176,0
233,2025-11-28,8.77,8.77,8.77,8.77,8.6998,0
234,2025-12-01,9.34,9.013,9.013,9.013,8.9409,0
235,2025-12-02,9.25,8.84,8.84,8.84,8.7693,0
236,2025-12-03,9.3,8.68,8.68,8.68,8.6106,0
237,2025-12-04,9.27,8.92,8.92,8.92,8.8486,0
238,2025-12-05,9.0,9.0,9.0,9.0,8.928,0
239,2025-12-08,9.25,8.42,8.42,8.42,8.3526,0
240,2025-12-09,8.83,8.656,8.656,8.656,8.5868,0
241,2025-12-10,9.013,8.7,8.7,8.7,8.6304,0
242,2025-12-11,8.84,8.88,8.88,8.88,8.809,0
243,2025-12-12,8.68,8.74,8.74,8.74,8.6701,0
244,2025-12-15,8.92,8.77,8.77,8.77,8.6998,0
245,2025-12-16,8.77,8.75,8.75,8.75,8.68,0
246,2025-12-17,8.42,8.42,8.42,8.42,8.3526,0
247,2025-12-18,8.656,8.68,8.68,8.68,8.6106,0
248,2025-12-19,8.7,8.77,8.77,8.77,8.6998,0
249,2025-12-22,8.88,8.46,8.46,8.46,8.3923,0
250,2025-12-23,8.74,8.72,8.72,8.72,8.6502,0
251,2025-12-24,8.77,8.81,8.81,8.81,8.7395,0
252,2025-12-26,8.75,8.79,8.79,8.79,8.7197,0
253,2025-12-29,8.74,9.14,9.14,9.14,9.0669,0
254,2025-12-30,8.68,8.85,8.85,8.85,8.7792,0
255,2025-12-31,8.77,8.73,8.73,8.73,8.6602,0
256,2026-01-02,8.46,8.721,8.721,8.721,8.6512,0
257,2026-01-05,8.72,9.04,9.04,9.04,8.9677,0
258,2026-01-06,8.81,9.48,9.48,9.48,9.4042,0
259,2026-01-07,8.79,9.8,9.8,9.8,9.7216,0
260,2026-01-08,9.14,10.24,10.24,10.24,10.1581,0
261,2026-01-09,8.85,10.07,10.07,10.07,9.9894,0
262,2026-01-12,8.73,10.0,10.0,10.0,9.92,0
263,2026-01-13,8.721,10.36,10.36,10.36,10.2771,0
264,2026-01-14,9.04,10.98,10.98,10.98,10.8922,0
265,2026-01-15,9.48,11.26,11.26,11.26,11.1699,0
266,2026-01-16,9.8,11.01,11.01,11.01,10.9219,0
267,2026-01-20,10.24,11.48,11.48,11.48,11.3882,0
268,2026-01-21,10.07,10.07,10.07,10.07,9.9894,0
269,2026-01-22,10.0,10.0,10.0,10.0,9.92,0
270,2026-01-23,10.36,10.55,10.55,10.55,10.4656,0
271,2026-01-26,10.98,10.85,10.85,10.85,10.7632,0
272,2026-01-27,11.26,10.71,10.71,10.71,10.6243,0
273,2026-01-28,11.01,10.65,10.65,10.65,10.5648,0
274,2026-01-29,11.48,10.95,10.95,10.95,10.8624,0
275,2026-01-30,11.53,11.18,11.18,11.18,11.0906,0
276,2026-02-02,11.2,11.44,11.44,11.44,11.3485,0
277,2026-02-03,10.55,11.3,11.3,11.3,11.2096,0
278,2026-02-04,10.85,11.49,11.49,11.49,11.3981,0
279,2026-02-05,10.71,11.68,11.68,11.68,11.5866,0
280,2026-02-06,10.65,11.76,11.76,11.76,11.6659,0
281,2026-02-09,10.95,11.66,11.66,11.66,11.5667,0
282,2026-02-10,11.18,11.73,11.73,11.73,11.6362,0
283,2026-02-11,11.44,11.77,11.77,11.77,11.6758,0
284,2026-02-12,11.3,11.87,11.87,11.87,11.775,0
285,2026-02-13,11.49,11.68,11.68,11.68,11.5866,0
286,2026-02-17,11.68,11.91,11.91,11.91,11.8147,0
287,2026-02-18,11.76,12.07,12.07,12.07,11.9734,0
