audit_item_id,category,item_description,canonical_source,verification_method,status,severity,notes
RC-001,RESEARCH_INTEGRITY,"Persistence Point MAE = 0.4175 vs LightGBM = 0.4644",results/tables/forecasting_metrics.csv,Metric Verification against CSV,PASS,P0,"LightGBM does not beat Persistence on raw point MAE. Confirmed across all canonical docs."
RC-002,RESEARCH_INTEGRITY,"LightGBM Inflection F1 = 59.51% (vs 0.00% Persistence, 27.18% AR-5)",results/tables/inflection_metrics.csv,Metric Verification against CSV,PASS,P0,"7-day turning point detection (+32.33 pp over AR baseline) verified."
RC-003,RESEARCH_INTEGRITY,"Split-CQR Nominal 90% Coverage yields 88.19%-95.83% test coverage",results/tables/cqr_coverage_results.csv,Metric Verification against CSV,PASS,P0,"Finite-sample marginal coverage confirmed (q_calib = 0.8415)."
RC-004,RESEARCH_INTEGRITY,"COVID-19 Pandemic Stress Coverage degradation to 50.59%",research/PRIMARINE_RESEARCH_PACKAGE/FINAL_RESEARCH_POSITION.md,Metric Verification against docs,PASS,P0,"Covariate shift stress degradation prominently disclosed in limitations."
RC-005,RESEARCH_INTEGRITY,"Physical Decision Flip Rate (PDFR) = 0.00% on tested dry-bulk fixtures",results/tables/feasibility_summary.csv,Metric Verification against CSV,PASS,P0,"Physical vessel-port feasibility invariant to uncertainty in tested testbed."
RC-006,RESEARCH_INTEGRITY,"Timing Decision Flip Rate (TDFR) = 50.00%-100.00%",research/fragility_surface/fragility_summary.csv,Metric Verification against CSV,PASS,P0,"Asymmetric fragility proven: timing is fragile, physical allocation is robust."
RC-007,RESEARCH_INTEGRITY,"CQR Width vs False-Breakout Association (AUC = 0.6719, p < 0.01)",research/fragility_surface/threshold_roc_data.csv,Metric Verification against CSV,PASS,P0,"High W (40.25%) vs Low W (23.39%), Risk Diff = +16.86 pp confirmed."
RC-008,RESEARCH_INTEGRITY,"Selective Abstention at tau = 1.35x reduces observed false breakouts by 52.33%",research/fragility_surface/abstention_frontier.csv,Metric Verification against CSV,PASS,P0,"86 down to 41 events; decision coverage 61.11%; nominal cost premium +0.453% (+$0.0334/MT)."
RC-009,RESEARCH_INTEGRITY,"Downstream E5 optimization significance (Wilcoxon p = 5.42e-11)",results/tables/downstream_significance.csv,Metric Verification against CSV,PASS,P0,"Paired Wilcoxon signed-rank test on 288 paired cycles verified."
RC-010,NEGATIVE_RESULTS,"Boundary-Crossing Degeneracy (AUC = 0.5025, 99.65% crossing)",results/tables/boundary_proximity_metrics.csv,Metric Verification against CSV,PASS,P0,"Degenerate negative finding preserved and locked."
RC-011,NEGATIVE_RESULTS,"Directional Sign Error Non-Correlation (AUC = 0.4487)",results/tables/directional_error_correlation.csv,Metric Verification against CSV,PASS,P0,"CQR width is orthogonal to point-forecast sign error; preserved."
RC-012,DATA_PROVENANCE,"BDI Historical Dataset (2018-2024, 1754 trading days)",data/raw/bdi_historical_2018_2024.csv,File and split audit,PASS,P0,"Chronological 3-way split: 2018-2021 train, 2022 calib, 2023-2024 test. Zero lookahead."
RC-013,DATA_PROVENANCE,"Dry-Bulk Port and Vessel Specifications (8 ports, 5 vessel classes)",data/fixtures/,File and schema audit,PASS,P1,"Open reproducible fixtures based on standard IMO and port authority tariffs."
RC-014,REPRODUCIBILITY,"Reproduction scripts E1 to E6 verified on disk",scripts/experiments/,Script execution check,PASS,P0,"All reproduction scripts E1-E6 present, deterministic (seed=42)."
RC-015,FIGURE_INTEGRITY,"All research figures indexed and traceable to script/data",research/PRIMARINE_RESEARCH_PACKAGE/FIGURE_INDEX.md,Index and file verification,PASS,P1,"Figures in results/figures/ indexed with metrics, captions, and data sources."
RC-016,PROTOTYPE_INTEGRITY,"Standalone prototype uses curated fixtures without claiming live APIs",prototype/README.md,Source code & UI audit,PASS,P0,"Explicitly labeled LOCAL VERTICAL-SLICE PROTOTYPE; no deceptive live API claims."
RC-017,LANGUAGE_SAFETY,"Strict scientific hedging enforced ('associated with', 'pre-calibrated threshold')",release_audit/CLAIM_LANGUAGE_AUDIT.md,Text grep audit,PASS,P0,"Overclaiming words ('guarantees', 'eliminates', 'first', 'optimal') audited & hedged."
RC-018,FOUR_REALITY_STATES,"Strict separation of Validated, Prototype, Planned, and Future states",docs/FINAL_PROJECT_STATUS.md,Cross-document audit,PASS,P0,"All documents and matrices maintain 4-state reality taxonomy."
RC-019,PACKAGE_INTEGRITY,"Google Drive package mirrors canonical repo structure",PRIMARINE_GOOGLE_DRIVE_INDEX.md,Directory structure audit,PASS,P1,"Folders 00_START_HERE through 08_PROTOTYPE_AND_DEMO verified."
RC-020,SECURITY_SECRETS,"Zero API keys, private credentials, or personal path leaks in canonical docs",release_audit/PUBLICATION_BLOCKERS.md,Security grep audit,PASS,P0,"Zero secrets or unmasked tokens found across repo."
