date,current_freight,forecast_freight,actual_future_freight,lower_bound,upper_bound,forecast_delta_pct,actual_delta_pct,decision_signal
2024-12-31,6.079999923706055,6.387080638829782,5.840000152587891,4.615622245924536,8.158539031735028,5.0506697200178055,-3.9473647060816504,ENTER_NOW (Rising Market Ahead)
2025-01-03,6.260000228881836,6.692855770460836,5.889999866485596,4.971431886734325,8.414279654187348,6.914625012023637,-5.910548703962745,ENTER_NOW (Rising Market Ahead)
2025-01-07,5.630000114440918,6.198275293711236,5.71999979019165,4.276196129063438,8.120354458359035,10.093697472806367,1.598573249046368,ENTER_NOW (Rising Market Ahead)
2025-01-10,6.699999809265137,6.18534971695679,5.28000020980835,2.8136787751093117,9.55702065880427,-7.6813448799902835,-21.194024475838518,DEFER_ENTRY (Softening Market Ahead)
2025-01-14,6.130000114440918,6.493988222215283,5.139999866485596,2.766747594325517,10.22122885010505,5.937815676657008,-16.15008530951087,ENTER_NOW (Rising Market Ahead)
2025-01-16,5.730000019073486,6.305935747202853,5.28000020980835,2.5786951193130867,10.03317637509262,10.051234314349845,-7.853399786513431,ENTER_NOW (Rising Market Ahead)
2025-01-21,5.610000133514404,6.098417969337823,5.489999771118164,2.3711773414480564,9.825658597227589,8.70620007485539,-2.139043842073237,ENTER_NOW (Rising Market Ahead)
2025-01-23,5.139999866485596,6.029242145981115,5.46999979019165,2.3020015180913487,9.756482773870882,17.30043390260877,6.4202321454861755,ENTER_NOW (Rising Market Ahead)
2025-01-27,5.320000171661377,6.023879130929175,5.989999771118164,2.2966385030394085,9.751119758818941,13.230807078113017,12.59397702702618,ENTER_NOW (Rising Market Ahead)
2025-01-29,5.320000171661377,6.117231643820588,5.860000133514404,2.3899910159308217,9.844472271710355,14.985553504413607,10.15037489527733,ENTER_NOW (Rising Market Ahead)
2025-01-31,5.769999980926514,6.425761494777326,5.679999828338623,2.6985208668875598,10.153002122667093,11.365017608639821,-1.5597946773899107,ENTER_NOW (Rising Market Ahead)
2025-02-04,5.869999885559082,6.425975134497207,5.5,2.698734506607441,10.153215762386974,9.471469502169711,-6.303234970571754,ENTER_NOW (Rising Market Ahead)
2025-02-06,5.800000190734863,6.200027957592202,6.079999923706055,2.472787329702436,9.927268585481968,6.897030236246515,4.827581444195009,ENTER_NOW (Rising Market Ahead)
2025-02-10,5.78000020980835,6.226007318543191,6.449999809265137,2.4987666906534245,9.953247946432958,7.716385684173356,11.591688151149784,ENTER_NOW (Rising Market Ahead)
2025-02-12,5.510000228881836,6.019913683885853,6.090000152587891,3.86061929752072,8.179208070250986,9.254327292605128,10.526313967572305,ENTER_NOW (Rising Market Ahead)
2025-02-14,5.639999866485596,6.049417038242727,6.400000095367432,4.0370091070092355,8.06182496947622,7.259169883850514,13.475181682147952,ENTER_NOW (Rising Market Ahead)
2025-02-19,5.989999771118164,6.2405065492402825,6.400000095367432,3.990769459714726,8.49024363876584,4.182083267014146,6.844746910111017,ENTER_NOW (Rising Market Ahead)
2025-02-21,6.320000171661377,7.288084543734158,6.0,5.003739368598854,9.572429718869461,15.317790281298278,-5.063293717874323,ENTER_NOW (Rising Market Ahead)
2025-02-25,6.260000228881836,6.53504251206401,6.5,4.208345821929253,8.861739202198766,4.393646535557746,3.8338620182611867,ENTER_NOW (Rising Market Ahead)
2025-02-27,6.170000076293945,6.890037691789559,6.550000190734863,4.513607155136254,9.266468228442864,11.669977416404018,6.158834841849268,ENTER_NOW (Rising Market Ahead)
2025-03-03,6.150000095367432,7.031046487609872,7.139999866485596,4.561478453594814,9.50061452162493,14.32595737528688,16.09755700433069,ENTER_NOW (Rising Market Ahead)
2025-03-05,6.289999961853027,6.529169837469244,6.949999809265137,4.1637888665693445,8.894550808369143,3.802382783254536,10.492843424718783,ENTER_NOW (Rising Market Ahead)
2025-03-07,6.570000171661377,7.142891816907814,6.730000019073486,4.936884420297236,9.348899213518392,8.71981172416877,2.4353096382286656,ENTER_NOW (Rising Market Ahead)
2025-03-11,6.679999828338623,7.441980589146056,6.775000095367432,5.285493505949214,9.598467672342899,11.406897910010052,1.4221597226064004,ENTER_NOW (Rising Market Ahead)
2025-03-13,6.849999904632568,7.4403339510015325,6.75,5.081080823123827,9.799587078879238,8.61801539544152,-1.4598526426976983,ENTER_NOW (Rising Market Ahead)
2025-03-17,6.860000133514404,7.358477613047751,6.400000095367432,5.047615532478047,9.669339693617456,7.266435420285841,-6.705539784170717,ENTER_NOW (Rising Market Ahead)
2025-03-19,6.5,7.0613205116463424,6.360000133514404,4.868048196404681,9.254592826888004,8.6357001791745,-2.1538440997783956,ENTER_NOW (Rising Market Ahead)
2025-03-21,6.909999847412109,7.164711920812201,6.5,5.144776538865528,9.184647302758874,3.6861371783602137,-5.933427734671514,ENTER_NOW (Rising Market Ahead)
2025-03-25,6.510000228881836,6.958583170662084,6.019999980926514,4.934699486627632,8.982466854696536,6.89067474667812,-7.526885264633626,ENTER_NOW (Rising Market Ahead)
2025-03-27,6.349999904632568,6.735902734955413,5.380000114440918,4.7418551258531885,8.729950344057638,6.077210017614551,-15.27558747652891,ENTER_NOW (Rising Market Ahead)
2025-03-31,6.25,6.655325542860165,5.329999923706055,4.775839505845277,8.534811579875052,6.485208685762643,-14.720001220703125,ENTER_NOW (Rising Market Ahead)
2025-04-02,6.369999885559082,6.780814223646021,5.630000114440918,4.91814427538929,8.643484171902752,6.449204795407666,-11.616951089681468,ENTER_NOW (Rising Market Ahead)
2025-04-04,5.619999885559082,6.213127105277738,5.690000057220459,4.190001857750637,8.236252352804838,10.553865334459005,1.2455546812598073,ENTER_NOW (Rising Market Ahead)
2025-04-08,5.360000133514404,5.993158898215405,5.739999771118164,3.9299452087982782,8.056372587632533,11.812663226294667,7.089545301085738,ENTER_NOW (Rising Market Ahead)
2025-04-10,5.599999904632568,6.003126186310816,5.599999904632568,4.099661870418766,7.9065905022028655,7.1986837239901265,0.0,ENTER_NOW (Rising Market Ahead)
2025-04-14,5.75,6.078697392877831,5.829999923706055,4.192342279815499,7.965052505940163,5.716476397875317,1.3913030209748642,ENTER_NOW (Rising Market Ahead)
2025-04-16,5.71999979019165,6.244677108326624,5.78000020980835,4.356756748953437,8.132597467699812,9.172680723426993,1.0489584233828948,ENTER_NOW (Rising Market Ahead)
2025-04-21,5.730000019073486,6.183434220189863,5.764999866485596,4.451365090856195,7.915503349523531,7.913336816876567,0.6108175793299331,ENTER_NOW (Rising Market Ahead)
2025-04-23,5.880000114440918,6.111843869814523,5.840000152587891,4.250598246009705,7.973089493619341,3.942920933015138,-0.680271446845552,ENTER_NOW (Rising Market Ahead)
2025-04-25,5.920000076293945,6.2876572087214235,5.619999885559082,4.4607701531048685,8.114544264337978,6.2104244542111555,-5.067570724131987,ENTER_NOW (Rising Market Ahead)
2025-04-29,5.570000171661377,6.171447152692202,5.420000076293945,4.278334327667983,8.06455997771642,10.797970601344339,-2.692999833834669,ENTER_NOW (Rising Market Ahead)
2025-05-01,5.949999809265137,6.156507840599412,5.539999961853027,4.22548434072639,8.087531340472433,3.4707233269605795,-6.8907539589105795,ENTER_NOW (Rising Market Ahead)
2025-05-05,5.914000034332275,6.223425644162134,5.460000038146973,4.423334731861908,8.02351655646236,5.232086710070413,-7.67669924838886,ENTER_NOW (Rising Market Ahead)
2025-05-07,5.619999885559082,6.0465089103401715,5.504000186920166,4.45946417534522,7.633553645335123,7.5891287093622415,-2.0640516192355096,ENTER_NOW (Rising Market Ahead)
2025-05-09,5.429999828338623,6.006863491683881,5.360000133514404,4.344715503408612,7.669011479959151,10.623640544787216,-1.2891288588794676,ENTER_NOW (Rising Market Ahead)
2025-05-13,5.300000190734863,6.03054177340521,5.210000038146973,4.391438797688216,7.669644749122203,13.783802950562803,-1.6981160254526668,ENTER_NOW (Rising Market Ahead)
2025-05-15,5.550000190734863,6.033877896464379,5.150000095367432,4.353378841968072,7.714376950960685,8.71851692072548,-7.207208677851748,ENTER_NOW (Rising Market Ahead)
2025-05-19,5.309999942779541,5.983238124455458,5.190000057220459,4.245421592801218,7.721054656109699,12.678685290597352,-2.2598848748059988,ENTER_NOW (Rising Market Ahead)
2025-05-21,5.340000152587891,5.989409407196331,5.099999904632568,4.26548131694045,7.713337497452212,12.161221648911777,-4.494386537405106,ENTER_NOW (Rising Market Ahead)
2025-05-23,5.150000095367432,5.96090819881096,5.420000076293945,4.3728656247540645,7.548950772867855,15.745788124799498,5.242717979158606,ENTER_NOW (Rising Market Ahead)
2025-05-28,5.166999816894531,5.964173602160779,5.409999847412109,4.415508344306934,7.512838860014623,15.428175218039094,4.7029231493881865,ENTER_NOW (Rising Market Ahead)
2025-05-30,5.190000057220459,6.0026630714633935,5.519999980926514,4.553180605061818,7.452145537864969,15.65824672992705,6.358379962769951,ENTER_NOW (Rising Market Ahead)
2025-06-03,5.199999809265137,6.001366029660757,5.730000019073486,4.551883563259182,7.450848496062333,15.41088941902999,10.192312100935426,ENTER_NOW (Rising Market Ahead)
2025-06-05,5.489999771118164,6.030715045555593,5.679999828338623,4.581232579154017,7.480197511957169,9.849094662663344,3.4608390736191437,ENTER_NOW (Rising Market Ahead)
2025-06-09,5.372000217437744,5.9919619419090795,5.619999885559082,4.542479475507504,7.441444408310655,11.540612423262994,4.616523791572463,ENTER_NOW (Rising Market Ahead)
2025-06-11,5.650000095367432,6.001602142755659,5.78000020980835,4.552119676354083,7.451084609157235,6.223044981477329,2.300886942418074,ENTER_NOW (Rising Market Ahead)
2025-06-13,5.869999885559082,6.184913961873205,5.800000190734863,4.735431495471629,7.634396428274781,5.364805493247966,-1.192499083286638,ENTER_NOW (Rising Market Ahead)
2025-06-17,5.630000114440918,5.990928508198334,5.584000110626221,4.541446041796759,7.44041097459991,6.410806153123108,-0.8170515609175126,ENTER_NOW (Rising Market Ahead)
2025-06-20,5.730000019073486,6.009544854785884,5.630000114440918,4.560062388384308,7.45902732118746,4.878618408060644,-1.7451990279179417,ENTER_NOW (Rising Market Ahead)
2025-06-24,5.735000133514404,6.245121705020085,5.929999828338623,4.795639238618509,7.694604171421661,8.894883341407677,3.400168967471725,ENTER_NOW (Rising Market Ahead)
2025-06-26,5.659999847412109,6.3059719110465915,6.179999828338623,4.856489444645016,7.755454377448167,11.412934294156145,9.187279062635847,ENTER_NOW (Rising Market Ahead)
2025-06-30,5.550000190734863,6.064728260534325,6.659999847412109,4.61524579413275,7.514210726935901,9.27437931729707,19.999993126671832,ENTER_NOW (Rising Market Ahead)
2025-07-02,5.769999980926514,6.183560692979118,7.260000228881836,4.734078226577542,7.633043159380693,7.167430041935575,25.823227952871957,ENTER_NOW (Rising Market Ahead)
2025-07-07,6.070000171661377,6.577372280506129,7.25,5.127889814104553,8.026854746907706,8.3586835996066,19.439864826489018,ENTER_NOW (Rising Market Ahead)
2025-07-09,6.25,6.9731103550327775,7.400000095367432,5.523627888631202,8.422592821434353,11.56976568052444,18.400001525878906,ENTER_NOW (Rising Market Ahead)
2025-07-11,7.090000152587891,7.445939648204523,7.670000076293945,5.962303355525736,8.92957594088331,5.020303074136217,8.180534714013389,ENTER_NOW (Rising Market Ahead)
2025-07-15,6.78000020980835,7.4727928860552755,7.420000076293945,5.659714224715724,9.285871547394827,10.21818074938539,9.439525762251954,ENTER_NOW (Rising Market Ahead)
2025-07-17,7.610000133514404,7.661295118356976,7.245999813079834,5.71429441466689,9.608295822047062,0.6740470951724242,-4.783184153066103,NEUTRAL / SPOT_EXECUTE
2025-07-21,7.349999904632568,7.354328942680525,7.019999980926514,5.342136830864184,9.366521054496868,0.05889847760717007,-4.489794938610297,NEUTRAL / SPOT_EXECUTE
2025-07-23,7.519999980926514,8.19742674475535,7.460000038146973,6.09788742599321,10.296966063517491,9.008334648231923,-0.797871581538869,ENTER_NOW (Rising Market Ahead)
2025-07-25,7.150000095367432,7.614675330349635,7.769999980926514,5.403976408175804,9.825374252523465,6.498954248731713,8.671326955097346,ENTER_NOW (Rising Market Ahead)
2025-07-29,6.940000057220459,7.213143272265884,7.75,4.960381474809026,9.465905069722742,3.935781164169353,11.671468819900186,ENTER_NOW (Rising Market Ahead)
2025-07-31,7.400000095367432,7.497808673709715,7.900000095367432,5.188278006571121,9.807339340848308,1.3217375281321073,6.756756669679118,NEUTRAL / SPOT_EXECUTE
2025-08-04,7.309999942779541,7.415383219338708,8.166999816894531,5.079270692426229,9.751495746251187,1.4416317015605422,11.723664580346442,NEUTRAL / SPOT_EXECUTE
2025-08-06,7.730000019073486,8.352668405960559,8.020000457763672,5.909868001112974,10.795468810808144,8.05521843920649,3.751622742233122,ENTER_NOW (Rising Market Ahead)
2025-08-08,7.800000190734863,8.271089478484726,7.7729997634887695,5.9469579596376825,10.595220997331769,6.039606105515741,-0.3461593152031699,ENTER_NOW (Rising Market Ahead)
2025-08-12,8.020000457763672,8.287147105175247,8.15999984741211,6.108456803168085,10.46583740718241,3.3310053885716053,1.7456282002192736,ENTER_NOW (Rising Market Ahead)
2025-08-14,8.130000114440918,8.219778654855146,8.5,6.463037563783015,9.976519745927277,1.104287074421546,4.55104403875554,NEUTRAL / SPOT_EXECUTE
2025-08-18,8.079999923706055,8.27030962074318,8.300000190734863,6.662429390128596,9.878189851357766,2.355318054877363,2.722775607749029,ENTER_NOW (Rising Market Ahead)
2025-08-20,8.039999961853027,8.251831702207072,8.369999885559082,6.588850973154084,9.91481243126006,2.634723151232736,4.104476682484929,ENTER_NOW (Rising Market Ahead)
2025-08-22,8.40999984741211,8.391812973719682,8.140000343322754,6.734319345418351,10.049306602021014,-0.2162529610273807,-3.2104578952214675,NEUTRAL / SPOT_EXECUTE
2025-08-26,8.600000381469727,8.534205662577492,8.039999961853027,6.9883409735880555,10.080070351566928,-0.7650548369044463,-6.511632497404564,NEUTRAL / SPOT_EXECUTE
2025-08-28,8.350000381469727,8.308698873287398,8.390000343322754,6.805146109339199,9.812251637235597,-0.49462881790981694,0.479041437432686,NEUTRAL / SPOT_EXECUTE
2025-09-02,8.020000457763672,8.087010679117205,8.114999771118164,6.582761374176712,9.591259984057697,0.8355388719294166,1.1845300240915717,NEUTRAL / SPOT_EXECUTE
2025-09-04,8.062999725341797,8.103358765744607,8.210000038146973,6.653876299343032,9.552841232146182,0.5005462207317589,1.8231466924543933,NEUTRAL / SPOT_EXECUTE
2025-09-08,8.149999618530273,8.196397959591845,8.140000343322754,6.7469154931902695,9.645880425993422,0.569304824948434,-0.12269049908646187,NEUTRAL / SPOT_EXECUTE
2025-09-10,8.220000267028809,8.12434152818223,8.15999984741211,6.674859061780654,9.573823994583805,-1.1637315783343098,-0.7299320884132635,NEUTRAL / SPOT_EXECUTE
2025-09-12,8.100000381469727,8.118170525238467,8.25,6.668688058836891,9.567652991640042,0.22432275201255675,1.851847055136266,NEUTRAL / SPOT_EXECUTE
2025-09-16,8.039999961853027,8.099044480998627,8.199999809265137,6.649562014597051,9.548526947400202,0.7343845699719525,1.9900478628265224,NEUTRAL / SPOT_EXECUTE
2025-09-18,8.199999809265137,8.181906216424405,7.769999980926514,6.7324237500228294,9.631388682825982,-0.22065357636091254,-5.2439004675679195,NEUTRAL / SPOT_EXECUTE
2025-09-22,8.0600004196167,8.10088944046888,7.579999923706055,6.651406974067304,9.550371906870456,0.5073079246083326,-5.955340830285856,NEUTRAL / SPOT_EXECUTE
2025-09-24,8.380000114440918,8.220898128463885,7.71999979019165,6.771415662062309,9.67038059486546,-1.8985916921750274,-7.875898749833135,NEUTRAL / SPOT_EXECUTE
2025-09-26,8.050000190734863,8.127722893623583,8.0,6.678240427222007,9.577205360025157,0.9654993918903769,-0.6211203670828596,NEUTRAL / SPOT_EXECUTE
2025-09-30,7.510000228881836,8.032563274727076,7.699999809265137,6.583080808325501,9.482045741128651,6.958229426353091,2.5299543887176394,ENTER_NOW (Rising Market Ahead)
2025-10-02,7.78000020980835,8.218458022494156,8.640000343322754,6.76897555609258,9.66794048889573,5.6357043812548575,11.053985993858854,ENTER_NOW (Rising Market Ahead)
2025-10-06,7.866000175476074,8.25751476175741,8.520000457763672,6.808032295355834,9.706997228158986,4.977302028316314,8.314267323900939,ENTER_NOW (Rising Market Ahead)
2025-10-08,7.599999904632568,7.998968355798529,8.15999984741211,6.549485889396953,9.448450822200105,5.249584949636249,7.368420392192293,ENTER_NOW (Rising Market Ahead)
2025-10-10,8.180000305175781,8.182282426899766,8.380000114440918,6.630153580841881,9.73441127295765,0.02789879754088525,2.44498535212266,NEUTRAL / SPOT_EXECUTE
2025-10-14,8.199999809265137,8.263316192191963,7.820000171661377,6.407325631172016,10.11930675321191,0.7721510292632662,-4.634142029788832,NEUTRAL / SPOT_EXECUTE
2025-10-16,8.329999923706055,8.293461675926904,7.96999979019165,6.369267567560224,10.217655784293585,-0.4386344311380766,-4.321730333873024,NEUTRAL / SPOT_EXECUTE
2025-10-20,8.239999771118164,8.228623465829234,8.199999809265137,6.281993572317678,10.17525335934079,-0.13806196122486847,-0.4854364437391164,NEUTRAL / SPOT_EXECUTE
2025-10-22,8.229999542236328,8.080550252049509,8.100000381469727,6.1377754574332055,10.023325046665812,-1.8159088517544375,-1.5795767678897954,NEUTRAL / SPOT_EXECUTE
2025-10-24,7.849999904632568,8.067150462381788,8.180000305175781,6.042935618473275,10.0913653062903,2.7662491769085378,4.2038268095833695,ENTER_NOW (Rising Market Ahead)
2025-10-28,7.953000068664551,8.113968047547523,8.5,6.150768610078946,10.077167485016101,2.023990663815016,6.877906785021569,ENTER_NOW (Rising Market Ahead)
2025-10-30,8.25,8.207034350062088,8.369999885559082,6.271483745260859,10.142584954863317,-0.5207957568231767,1.4545440673828125,NEUTRAL / SPOT_EXECUTE
2025-11-03,7.920000076293945,8.108393551818297,8.479999542236328,6.151992314899587,10.064794788737007,2.378705476130602,7.070700259442761,ENTER_NOW (Rising Market Ahead)
2025-11-05,8.300000190734863,8.297969869742118,8.600000381469727,6.313324667620171,10.282615071864067,-0.024461698145636368,3.6144600462750343,NEUTRAL / SPOT_EXECUTE
2025-11-07,8.350000381469727,8.293273096483714,8.989999771118164,6.4077893942367155,10.178756798730713,-0.6793686514302558,7.664662998922976,NEUTRAL / SPOT_EXECUTE
2025-11-11,8.420000076293945,8.503995750577545,8.920000076293945,6.979894603963039,10.02809689719205,0.9975733197447909,5.938242226478393,NEUTRAL / SPOT_EXECUTE
2025-11-13,8.699999809265137,8.525449095779607,9.1899995803833,7.075966629378031,9.974931562181183,-2.0063300840494387,5.632181400697673,DEFER_ENTRY (Softening Market Ahead)
2025-11-17,8.800000190734863,8.782116840619302,9.199999809265137,7.332634374217727,10.231599307020879,-0.2032198832721556,4.545450112051311,NEUTRAL / SPOT_EXECUTE
2025-11-19,8.899999618530273,8.794169372285008,9.34000015258789,7.3446869058834325,10.243651838686585,-1.1891039413633337,4.943826437267623,NEUTRAL / SPOT_EXECUTE
2025-11-21,8.949999809265137,8.822630161899758,9.300000190734863,7.373147695498182,10.272112628301333,-1.4231245818969123,3.9106188707110627,NEUTRAL / SPOT_EXECUTE
2025-11-25,9.229999542236328,9.030461443037789,9.0,7.580978976636213,10.479943909439363,-2.161843002109117,-2.4918694869252587,DEFER_ENTRY (Softening Market Ahead)
2025-11-28,8.770000457763672,8.806625521181985,8.829999923706055,7.357143054780409,10.256107987583562,0.41761757704232183,0.6841443878063665,NEUTRAL / SPOT_EXECUTE
2025-12-02,9.25,9.04904872966928,8.84000015258789,7.599566263267705,10.498531196070857,-2.172446165737508,-4.432430782833615,DEFER_ENTRY (Softening Market Ahead)
2025-12-04,9.270000457763672,9.01509738384049,8.920000076293945,7.565614917438915,10.464579850242067,-2.7497633369553762,-3.7756242091293477,DEFER_ENTRY (Softening Market Ahead)
2025-12-08,9.25,9.302306656288199,8.420000076293945,7.852824189886623,10.751789122689775,0.5654773652778231,-8.972972148173564,NEUTRAL / SPOT_EXECUTE
2025-12-10,9.012999534606934,8.907240854191132,8.699999809265137,7.346906087819667,10.467575620562597,-1.1734015963245465,-3.4727586985884287,NEUTRAL / SPOT_EXECUTE
2025-12-12,8.680000305175781,8.714267044480566,8.739999771118164,7.1026388544236525,10.32589523453748,0.3947780887098844,0.6912380625909177,NEUTRAL / SPOT_EXECUTE
2025-12-16,8.770000457763672,8.844112266518241,8.75,7.218030300213167,10.470194232823316,0.8450604890101416,-0.22805537878810944,NEUTRAL / SPOT_EXECUTE
2025-12-18,8.656000137329102,8.605442226841973,8.680000305175781,6.903330194345712,10.307554259338232,-0.5840793632742355,0.2772662600036093,NEUTRAL / SPOT_EXECUTE
2025-12-22,8.880000114440918,8.824895527520846,8.460000038146973,7.101576047755316,10.548215007286377,-0.6205471420035118,-4.729730527941422,NEUTRAL / SPOT_EXECUTE
2025-12-24,8.770000457763672,8.730748874981524,8.8100004196167,7.0368935377568915,10.424604212206155,-0.44756648498690127,0.45609988329723794,NEUTRAL / SPOT_EXECUTE
2025-12-29,8.739999771118164,8.74042420995466,9.140000343322754,7.048807561592377,10.432040858316945,0.004856279720959026,4.576665705717922,NEUTRAL / SPOT_EXECUTE
2025-12-31,8.770000457763672,8.860647930858345,8.729999542236328,7.4111654644567695,10.310130397259922,1.0336085332176623,-0.4561107575762189,NEUTRAL / SPOT_EXECUTE
2026-01-05,8.720000267028809,8.646341109168702,9.039999961853027,7.196858642767126,10.095823575570279,-0.8447150872072687,3.6697211585436476,NEUTRAL / SPOT_EXECUTE
2026-01-07,8.789999961853027,8.938961211216215,9.800000190734863,7.489478744814639,10.38844367761779,1.6946672356046875,11.490332574118884,NEUTRAL / SPOT_EXECUTE
2026-01-09,8.850000381469727,9.025803726255745,10.06999969482422,7.576321259854169,10.475286192657322,1.9864783865333884,13.785302381556368,NEUTRAL / SPOT_EXECUTE
2026-01-13,8.720999717712402,8.95128084684665,10.359999656677246,7.5017983804450745,10.400763313248227,2.6405359085902225,18.793716225400455,ENTER_NOW (Rising Market Ahead)
2026-01-15,9.479999542236328,9.333977613672221,11.260000228881836,7.833965935459802,10.83398929188464,-1.5403157765307252,18.776379457773754,NEUTRAL / SPOT_EXECUTE
2026-01-20,10.239999771118164,10.135820106783255,11.479999542236328,8.664374286554242,11.607265927012268,-1.017379557260802,12.1093730354914,NEUTRAL / SPOT_EXECUTE
2026-01-22,10.0,10.323219531706156,11.199999809265137,8.823525591400061,11.822913472012251,3.232195317061563,11.999998092651367,ENTER_NOW (Rising Market Ahead)
2026-01-26,10.979999542236328,10.502054191466202,10.850000381469728,8.852231310826078,12.151877072106327,-4.352872228560962,-1.1839632621707967,DEFER_ENTRY (Softening Market Ahead)
2026-01-28,11.010000228881836,10.753219055638427,10.649999618530272,9.043802011550525,12.462636099726328,-2.332254022754798,-3.2697602440297637,DEFER_ENTRY (Softening Market Ahead)
2026-01-30,11.529999732971191,10.722934247361152,11.18000030517578,8.992105662786916,12.45376283193539,-6.999700817877335,-3.03555451779026,DEFER_ENTRY (Softening Market Ahead)
2026-02-03,10.550000190734863,11.182612764071447,11.300000190734863,9.231069603688365,13.134155924454529,5.996327600943093,7.109004610811846,ENTER_NOW (Rising Market Ahead)
2026-02-05,10.710000038146973,10.945034305816195,11.68000030517578,8.971844182677192,12.918224428955199,2.194530969487165,9.05695857678666,ENTER_NOW (Rising Market Ahead)
2026-02-09,10.949999809265137,11.10281021106607,11.65999984741211,9.152421667652401,13.053198754479737,1.3955288078784713,6.484018726157598,NEUTRAL / SPOT_EXECUTE
2026-02-11,11.4399995803833,11.32837253867362,11.770000457763672,9.48698790320115,13.169757174146088,-0.9757608898963028,2.8846231598315697,NEUTRAL / SPOT_EXECUTE
2026-02-13,11.489999771118164,11.479172224400573,11.68000030517578,9.64399087824707,13.314353570554076,-0.09423452509379313,1.6536165173406725,NEUTRAL / SPOT_EXECUTE
2026-02-18,11.760000228881836,11.511282394574259,12.06999969482422,9.7774373835684,13.245127405580119,-2.114947529479984,2.6360498291576984,DEFER_ENTRY (Softening Market Ahead)
