Date,miner_bhp_close
2018-04-02,22.717185974121094
2018-04-03,22.956417083740234
2018-04-04,23.070837020874023
2018-04-05,23.133249282836914
2018-04-06,22.696378707885742
2018-04-09,22.691177368164062
2018-04-10,23.814558029174805
2018-04-11,23.980981826782227
2018-04-12,24.038190841674805
2018-04-13,24.33983612060547
2018-04-16,24.06940269470215
2018-04-17,24.272228240966797
2018-04-18,25.03154945373535
2018-04-19,24.833911895751953
2018-04-20,24.807910919189453
2018-04-23,24.573871612548828
2018-04-24,24.740304946899414
2018-04-25,24.573871612548828
2018-04-26,24.657081604003906
2018-04-27,24.19941520690918
2018-04-30,24.313831329345703
2018-05-01,24.079795837402344
2018-05-02,24.4178524017334
2018-05-03,24.781909942626953
2018-05-04,25.104358673095703
2018-05-07,24.88591957092285
2018-05-08,24.750703811645508
2018-05-09,25.562030792236328
2018-05-10,25.941694259643555
2018-05-11,26.21733856201172
2018-05-14,26.622995376586914
2018-05-15,26.352554321289062
2018-05-16,26.768627166748047
2018-05-17,26.721811294555664
2018-05-18,26.425363540649414
2018-05-21,26.779022216796875
2018-05-22,26.59699249267578
2018-05-23,26.51898193359375
2018-05-24,26.461767196655273
2018-05-25,25.49441909790039
2018-05-29,25.0367488861084
2018-05-30,25.707651138305664
2018-05-31,25.88968276977539
2018-06-01,26.12891960144043
2018-06-04,26.10291862487793
2018-06-05,26.295345306396484
2018-06-06,27.018259048461914
2018-06-07,26.91944694519043
2018-06-08,26.872634887695312
2018-06-11,26.955852508544922
2018-06-12,26.59699249267578
2018-06-13,26.362957000732422
2018-06-14,26.191328048706055
2018-06-15,25.327993392944336
2018-06-18,25.468416213989258
2018-06-19,24.776702880859375
2018-06-20,24.844316482543945
2018-06-21,24.90152359008789
2018-06-22,25.447616577148438
2018-06-25,24.776702880859375
2018-06-26,25.395601272583008
2018-06-27,25.645244598388672
2018-06-28,26.01449966430664
2018-06-29,26.00930404663086
2018-07-02,25.2603816986084
2018-07-03,25.333192825317383
2018-07-05,25.322790145874023
2018-07-06,25.785663604736328
2018-07-09,26.43577003479004
2018-07-10,26.617799758911133
2018-07-11,25.468416213989258
2018-07-12,25.822072982788086
2018-07-13,25.54642677307129
2018-07-16,25.213571548461914
2018-07-17,25.343597412109375
2018-07-18,25.920888900756836
2018-07-19,25.20836639404297
2018-07-20,25.213571548461914
2018-07-23,25.083553314208984
2018-07-24,26.076908111572266
2018-07-25,26.30054473876953
2018-07-26,26.030109405517578
2018-07-27,26.399370193481445
2018-07-30,26.680208206176758
2018-07-31,27.179479598999023
2018-08-01,26.638601303100586
2018-08-02,25.98329734802246
2018-08-03,26.20173454284668
2018-08-06,25.905284881591797
2018-08-07,26.30054473876953
2018-08-08,26.165328979492188
2018-08-09,26.076908111572266
2018-08-10,25.582836151123047
2018-08-13,25.291587829589844
2018-08-14,25.66084861755371
2018-08-15,24.423053741455078
2018-08-16,24.584272384643555
2018-08-17,24.922327041625977
2018-08-20,25.12516212463379
2018-08-21,24.672693252563477
2018-08-22,25.067955017089844
2018-08-23,24.615480422973633
2018-08-24,25.203174591064453
2018-08-27,25.499622344970703
2018-08-28,25.650447845458984
2018-08-29,25.88968276977539
2018-08-30,25.322790145874023
2018-08-31,24.9847412109375
2018-09-04,24.56867790222168
2018-09-05,24.360639572143555
2018-09-06,24.093412399291992
2018-09-07,23.74066925048828
2018-09-10,23.441370010375977
2018-09-11,23.59101676940918
2018-09-12,23.879627227783203
2018-09-13,24.098752975463867
2018-09-14,24.30184555053711
2018-09-17,24.173580169677734
2018-09-18,24.68665885925293
2018-09-19,25.290599822998047
2018-09-20,25.798336029052734
2018-09-21,26.306072235107422
2018-09-24,26.290037155151367
2018-09-25,26.712261199951172
2018-09-26,26.50382423400879
2018-09-27,26.477100372314453
2018-09-28,26.637435913085938
2018-10-01,26.9527645111084
2018-10-02,26.974149703979492
2018-10-03,26.76570701599121
2018-10-04,26.728296279907227
2018-10-05,26.284692764282227
2018-10-08,26.22590446472168
2018-10-09,26.306072235107422
2018-10-10,25.461620330810547
2018-10-11,25.48834991455078
2018-10-12,25.5524845123291
2018-10-15,25.702129364013672
2018-10-16,25.910566329956055
2018-10-17,25.54179573059082
2018-10-18,24.804241180419922
2018-10-19,24.90044403076172
2018-10-22,25.167675018310547
2018-10-23,24.659940719604492
2018-10-24,23.537574768066406
2018-10-25,23.79945945739746
2018-10-26,23.81549644470215
2018-10-29,23.671184539794922
2018-10-30,24.221681594848633
2018-10-31,24.681316375732422
2018-11-01,25.9212646484375
2018-11-02,25.686100006103516
2018-11-05,25.867816925048828
2018-11-06,25.69144630432129
2018-11-07,26.15641975402832
2018-11-08,25.73954200744629
2018-11-09,25.199743270874023
2018-11-12,25.199743270874023
2018-11-13,24.953889846801758
2018-11-14,24.782861709594727
2018-11-15,25.18370819091797
2018-11-16,25.54179573059082
2018-11-19,25.424217224121094
2018-11-20,24.58510971069336
2018-11-21,24.92182159423828
2018-11-23,23.927736282348633
2018-11-26,23.77273941040039
2018-11-27,23.59101676940918
2018-11-28,24.339262008666992
2018-11-29,24.03996467590332
2018-11-30,23.708599090576172
2018-12-03,24.85234260559082
2018-12-04,24.520978927612305
2018-12-06,23.981170654296875
2018-12-07,23.826181411743164
2018-12-10,23.997215270996094
2018-12-11,24.537012100219727
2018-12-12,24.911134719848633
2018-12-13,25.48834991455078
2018-12-14,24.67062759399414
2018-12-17,25.114229202270508
2018-12-18,25.344043731689453
2018-12-19,25.194395065307617
2018-12-20,24.996644973754883
2018-12-21,25.17301368713379
2018-12-24,24.708038330078125
2018-12-26,25.81437110900879
2018-12-27,25.627309799194336
2018-12-28,25.61127471923828
2018-12-31,25.809030532836914
2019-01-02,25.57920265197754
2019-01-03,24.79355239868164
2019-01-04,26.306072235107422
2019-01-07,26.445026397705078
2019-01-08,26.364858627319336
2019-01-09,26.509166717529297
2019-01-10,26.498023986816406
2019-01-11,26.30850601196289
2019-01-14,26.27506446838379
2019-01-15,26.49243927001953
2019-01-16,26.38654136657715
2019-01-17,26.67081069946289
2019-01-18,26.776708602905273
2019-01-22,25.84588050842285
2019-01-23,25.935060501098633
2019-01-24,25.9852237701416
2019-01-25,26.8714656829834
2019-01-28,26.8714656829834
2019-01-29,27.373109817504883
2019-01-30,28.276071548461914
2019-01-31,28.532468795776367
2019-02-01,28.476728439331055
2019-02-04,28.493450164794922
2019-02-05,28.510177612304688
2019-02-06,28.43214225769043
2019-02-07,28.131153106689453
2019-02-08,28.25935173034668
2019-02-11,28.37082862854004
2019-02-12,28.5659122467041
2019-02-13,28.794437408447266
2019-02-14,28.967227935791016
2019-02-15,29.407562255859375
2019-02-19,29.65281105041504
2019-02-20,30.193470001220703
2019-02-21,29.758710861206055
2019-02-22,30.265928268432617
2019-02-25,30.187896728515625
2019-02-26,30.36625862121582
2019-02-27,30.254783630371094
2019-02-28,29.485593795776367
2019-03-01,29.268213272094727
2019-03-04,29.42428207397461
2019-03-05,29.480016708374023
2019-03-06,29.66953468322754
2019-03-07,29.532939910888672
2019-03-08,29.396347045898438
2019-03-11,29.66953468322754
2019-03-12,29.75490379333496
2019-03-13,30.056543350219727
2019-03-14,29.70937156677246
2019-03-15,29.66383934020996
2019-03-18,30.176076889038086
2019-03-19,30.07362937927246
2019-03-20,30.386655807495117
2019-03-21,30.557392120361328
2019-03-22,29.737831115722656
2019-03-25,29.999631881713867
2019-03-26,30.44925880432129
2019-03-27,30.654155731201172
2019-03-28,30.739526748657227
2019-03-29,31.11515998840332
2019-04-01,31.87212562561035
2019-04-02,31.934728622436523
2019-04-03,32.04286193847656
2019-04-04,31.974571228027344
2019-04-05,32.059940338134766
2019-04-08,32.515254974365234
2019-04-09,32.16238784790039
2019-04-10,32.44126892089844
2019-04-11,32.07132339477539
2019-04-12,32.34451675415039
2019-04-15,31.883506774902344
2019-04-16,31.51355743408203
2019-04-17,31.371274948120117
2019-04-18,31.27451515197754
2019-04-22,31.376962661743164
2019-04-23,31.1208553314209
2019-04-24,30.33542823791504
2019-04-25,30.3638916015625
2019-04-26,30.324052810668945
2019-04-29,30.358198165893555
2019-04-30,30.13623046875
2019-05-01,29.550010681152344
2019-05-02,29.43618392944336
2019-05-03,30.056543350219727
2019-05-06,29.538623809814453
2019-05-07,29.532939910888672
2019-05-08,29.470333099365234
2019-05-09,29.282512664794922
2019-05-10,29.52155303955078
2019-05-13,28.827198028564453
2019-05-14,29.16868019104004
2019-05-15,29.26544189453125
2019-05-16,29.618316650390625
2019-05-17,29.635385513305664
2019-05-20,29.77766990661621
2019-05-21,29.789051055908203
2019-05-22,29.458948135375977
2019-05-23,29.18575668334961
2019-05-24,29.868728637695312
2019-05-28,30.250064849853516
2019-05-29,29.959796905517578
2019-05-30,29.880115509033203
2019-05-31,29.54432487487793
2019-06-03,29.81181526184082
2019-06-04,30.17037582397461
2019-06-05,29.81181526184082
2019-06-06,30.00533103942871
2019-06-07,30.221603393554688
2019-06-10,30.352502822875977
2019-06-11,31.331438064575195
2019-06-12,31.17776870727539
2019-06-13,31.570470809936523
2019-06-14,31.285911560058594
2019-06-17,31.21760368347168
2019-06-18,32.082706451416016
2019-06-19,31.71845245361328
2019-06-20,32.492488861083984
2019-06-21,32.21361541748047
2019-06-24,32.63477325439453
2019-06-25,32.486793518066406
2019-06-26,32.93642807006836
2019-06-27,33.12993240356445
2019-06-28,33.07301712036133
2019-07-01,33.26084518432617
2019-07-02,33.56248474121094
2019-07-03,33.53971862792969
2019-07-05,32.21929931640625
2019-07-08,32.54941177368164
2019-07-09,32.36728286743164
2019-07-10,32.691688537597656
2019-07-11,32.56078338623047
2019-07-12,32.577857971191406
2019-07-15,32.92504119873047
2019-07-16,32.759986877441406
2019-07-17,33.0161018371582
2019-07-18,32.91935729980469
2019-07-19,33.18115997314453
2019-07-22,33.27791213989258
2019-07-23,33.2266960144043
2019-07-24,32.065635681152344
2019-07-25,31.934728622436523
2019-07-26,31.946109771728516
2019-07-29,32.116851806640625
2019-07-30,32.020103454589844
2019-07-31,31.26313591003418
2019-08-01,30.124845504760742
2019-08-02,29.62400245666504
2019-08-05,28.701982498168945
2019-08-06,28.582469940185547
2019-08-07,28.3946533203125
2019-08-08,29.02640724182129
2019-08-09,28.44586944580078
2019-08-12,28.195444107055664
2019-08-13,28.827198028564453
2019-08-14,27.984861373901367
2019-08-15,28.058849334716797
2019-08-16,27.779970169067383
2019-08-19,27.967790603637695
2019-08-20,27.563697814941406
2019-08-21,27.09699821472168
2019-08-22,26.892108917236328
2019-08-23,26.573379516601562
2019-08-26,26.87502670288086
2019-08-27,26.829496383666992
2019-08-28,27.2108211517334
2019-08-29,27.398645401000977
2019-08-30,27.979171752929688
2019-09-03,27.734437942504883
2019-09-04,28.690603256225586
2019-09-05,28.960771560668945
2019-09-06,28.87267303466797
2019-09-09,29.21918487548828
2019-09-10,29.577455520629883
2019-09-11,29.7066707611084
2019-09-12,29.929853439331055
2019-09-13,30.493675231933594
2019-09-16,30.564163208007812
2019-09-17,30.293983459472656
2019-09-18,30.064929962158203
2019-09-19,30.158906936645508
2019-09-20,29.947465896606445
2019-09-23,29.718412399291992
2019-09-24,28.90203857421875
2019-09-25,29.14871597290039
2019-09-26,29.06061553955078
2019-09-27,29.23093605041504
2019-09-30,29.001882553100586
2019-10-01,28.784576416015625
2019-10-02,28.00343894958496
2019-10-03,28.115028381347656
2019-10-04,28.43218231201172
2019-10-07,28.073917388916016
2019-10-08,27.880102157592773
2019-10-09,27.92121696472168
2019-10-10,28.408687591552734
2019-10-11,29.136966705322266
2019-10-14,28.555519104003906
2019-10-15,28.590763092041016
2019-10-16,28.291223526000977
2019-10-17,27.99756622314453
2019-10-18,27.915332794189453
2019-10-21,28.4145565032959
2019-10-22,28.520278930664062
2019-10-23,28.79631996154785
2019-10-24,28.702350616455078
2019-10-25,28.90791130065918
2019-10-28,29.301422119140625
2019-10-29,29.20157241821289
2019-10-30,28.99601173400879
2019-10-31,28.725841522216797
2019-11-01,29.360153198242188
2019-11-04,29.90047836303711
2019-11-05,30.452566146850586
2019-11-06,30.18826675415039
2019-11-07,30.229385375976562
2019-11-08,29.830001831054688
2019-11-11,29.583324432373047
2019-11-12,29.5539608001709
2019-11-13,29.195697784423828
2019-11-14,29.307289123535156
2019-11-15,29.888736724853516
2019-11-18,29.747779846191406
2019-11-19,30.02381706237793
2019-11-20,29.495237350463867
2019-11-21,29.5539608001709
2019-11-22,29.859373092651367
2019-11-25,30.22350311279297
2019-11-26,30.28811264038086
2019-11-27,30.452566146850586
2019-11-29,30.264619827270508
2019-12-02,30.393835067749023
2019-12-03,29.830001831054688
2019-12-04,30.20001983642578
2019-12-05,30.000322341918945
2019-12-06,30.393835067749023
2019-12-09,30.699237823486328
2019-12-10,30.887182235717773
2019-12-11,31.257192611694336
2019-12-12,31.56260108947754
2019-12-13,31.80927276611328
2019-12-16,32.414215087890625
2019-12-17,32.48469161987305
2019-12-18,32.14992141723633
2019-12-19,32.08531951904297
2019-12-20,31.92673110961914
2019-12-23,32.020713806152344
2019-12-24,31.985469818115234
2019-12-26,32.191036224365234
2019-12-27,32.26150894165039
2019-12-30,32.1381721496582
2019-12-31,32.13230514526367
2020-01-02,32.255638122558594
2020-01-03,32.038330078125
2020-01-06,32.003089904785156
2020-01-07,32.003089904785156
2020-01-08,32.16166687011719
2020-01-09,31.85625457763672
2020-01-10,31.94436264038086
2020-01-13,32.15578842163086
2020-01-14,32.414215087890625
2020-01-15,32.320247650146484
2020-01-16,32.631526947021484
2020-01-17,33.17185592651367
2020-01-21,32.64326858520508
2020-01-22,33.089637756347656
2020-01-23,32.678504943847656
2020-01-24,31.97372055053711
2020-01-27,30.981149673461914
2020-01-28,31.133852005004883
2020-01-29,31.08100128173828
2020-01-30,31.116235733032227
2020-01-31,30.017942428588867
2020-02-03,29.824134826660156
2020-02-04,30.64051055908203
2020-02-05,31.039880752563477
2020-02-06,30.851940155029297
2020-02-07,29.994457244873047
2020-02-10,29.98857879638672
2020-02-11,30.258752822875977
2020-02-12,30.757970809936523
2020-02-13,30.540660858154297
2020-02-14,30.358591079711914
2020-02-18,30.282238006591797
2020-02-19,30.205886840820312
2020-02-20,29.741912841796875
2020-02-21,29.606822967529297
2020-02-24,28.115028381347656
2020-02-25,27.474851608276367
2020-02-26,27.275157928466797
2020-02-27,26.382436752319336
2020-02-28,25.436843872070312
2020-03-02,25.988929748535156
2020-03-03,25.806856155395508
2020-03-04,26.887523651123047
2020-03-05,26.05333709716797
2020-03-06,25.23728370666504
2020-03-09,21.078418731689453
2020-03-10,22.82538414001465
2020-03-11,21.42902374267578
2020-03-12,18.69675064086914
2020-03-13,20.72781753540039
2020-03-16,19.071529388427734
2020-03-17,21.078418731689453
2020-03-18,18.70883560180664
2020-03-19,19.555118560791016
2020-03-20,19.023164749145508
2020-03-23,19.174291610717773
2020-03-24,22.039554595947266
2020-03-25,22.559406280517578
2020-03-26,22.879789352416992
2020-03-27,21.513648986816406
2020-03-30,22.39620018005371
2020-03-31,22.178585052490234
2020-04-01,21.682907104492188
2020-04-02,22.910011291503906
2020-04-03,22.118135452270508
2020-04-06,23.514501571655273
2020-04-07,23.284791946411133
2020-04-08,23.7623348236084
2020-04-09,23.883235931396484
2020-04-13,23.943687438964844
2020-04-14,24.397045135498047
2020-04-15,23.218299865722656
2020-04-16,23.339200973510742
2020-04-17,24.191518783569336
2020-04-20,23.435914993286133
2020-04-21,22.263212203979492
2020-04-22,22.819337844848633
2020-04-23,23.182031631469727
2020-04-24,23.61725616455078
2020-04-27,23.8771915435791
2020-04-28,24.143163681030273
2020-04-29,25.45490074157715
2020-04-30,24.590482711791992
2020-05-01,23.236434936523438
2020-05-04,23.502408981323242
2020-05-05,23.671663284301758
2020-05-06,23.80465316772461
2020-05-07,24.445404052734375
2020-05-08,25.03780174255371
2020-05-11,24.36077880859375
2020-05-12,23.82278823852539
2020-05-13,23.955768585205078
2020-05-14,24.397045135498047
2020-05-15,24.995487213134766
2020-05-18,27.074918746948242
2020-05-19,27.111186981201172
2020-05-20,27.721715927124023
2020-05-21,27.52828598022461
2020-05-22,27.504104614257812
2020-05-26,27.764036178588867
2020-05-27,27.933290481567383
2020-05-28,28.229488372802734
2020-05-29,28.471282958984375
2020-06-01,29.166440963745117
2020-06-02,30.085256576538086
2020-06-03,30.51445198059082
2020-06-04,30.466083526611328
2020-06-05,31.10079574584961
2020-06-08,31.844308853149414
2020-06-09,31.60251808166504
2020-06-10,31.711326599121094
2020-06-11,29.42032814025879
2020-06-12,30.230331420898438
2020-06-15,29.831369400024414
2020-06-16,30.254514694213867
2020-06-17,30.00667381286621
2020-06-18,29.63189697265625
2020-06-19,28.99113655090332
2020-06-22,29.686294555664062
2020-06-23,30.1154842376709
2020-06-24,29.263158798217773
2020-06-25,29.867643356323242
2020-06-26,29.34174346923828
2020-06-29,29.607709884643555
2020-06-30,30.061080932617188
2020-07-01,29.891826629638672
2020-07-02,30.2666072845459
2020-07-06,30.484216690063477
2020-07-07,30.175931930541992
2020-07-08,30.895265579223633
2020-07-09,30.526531219482422
2020-07-10,30.87109375
2020-07-13,30.689746856689453
2020-07-14,31.650875091552734
2020-07-15,32.08610534667969
2020-07-16,32.00752258300781
2020-07-17,32.54551315307617
2020-07-20,32.39439392089844
2020-07-21,32.23118209838867
2020-07-22,32.1525993347168
2020-07-23,31.862442016601562
2020-07-24,31.801998138427734
2020-07-27,32.877986907958984
2020-07-28,32.352081298828125
2020-07-29,32.799400329589844
2020-07-30,32.12842559814453
2020-07-31,31.9410343170166
2020-08-03,32.454837799072266
2020-08-04,32.738948822021484
2020-08-05,33.86329650878906
2020-08-06,34.35896682739258
2020-08-07,33.78470993041992
2020-08-10,34.55241012573242
2020-08-11,34.35293197631836
2020-08-12,34.73374557495117
2020-08-13,34.47382354736328
2020-08-14,34.44964599609375
2020-08-17,35.04808807373047
2020-08-18,34.39524459838867
2020-08-19,33.71821594238281
2020-08-20,33.69403839111328
2020-08-21,32.950523376464844
2020-08-24,33.422019958496094
2020-08-25,33.07746124267578
2020-08-26,33.34343719482422
2020-08-27,33.270896911621094
2020-08-28,33.74843978881836
2020-08-31,33.28298568725586
2020-09-01,34.32875061035156
2020-09-02,34.080909729003906
2020-09-03,32.767738342285156
2020-09-04,33.112979888916016
2020-09-08,32.706085205078125
2020-09-09,33.433570861816406
2020-09-10,32.45331573486328
2020-09-11,33.40890884399414
2020-09-14,33.82197570800781
2020-09-15,34.15489196777344
2020-09-16,34.4508171081543
2020-09-17,34.21037673950195
2020-09-18,33.729496002197266
2020-09-21,32.62594223022461
2020-09-22,32.60744094848633
2020-09-23,31.953935623168945
2020-09-24,32.459476470947266
2020-09-25,32.2991828918457
2020-09-28,32.51496505737305
2020-09-29,31.8121337890625
2020-09-30,31.879955291748047
2020-10-01,31.651840209960938
2020-10-02,31.725826263427734
2020-10-05,32.16355514526367
2020-10-06,31.133974075317383
2020-10-07,32.02175521850586
2020-10-08,32.379329681396484
2020-10-09,32.59510803222656
2020-10-12,32.367000579833984
2020-10-13,32.08957290649414
2020-10-14,32.009422302246094
2020-10-15,31.94160270690918
2020-10-16,31.842966079711914
2020-10-19,31.201786041259766
2020-10-20,31.565532684326172
2020-10-21,31.658010482788086
2020-10-22,31.89228057861328
2020-10-23,31.68267250061035
2020-10-26,31.047657012939453
2020-10-27,30.665424346923828
2020-10-28,29.40772819519043
2020-10-29,29.66050148010254
2020-10-30,29.66050148010254
2020-11-02,29.648170471191406
2020-11-03,30.548276901245117
2020-11-04,30.116727828979492
2020-11-05,30.86270523071289
2020-11-06,31.479223251342773
2020-11-09,32.736907958984375
2020-11-10,33.05133056640625
2020-11-11,33.00817108154297
2020-11-12,32.12656021118164
2020-11-13,32.64442825317383
2020-11-16,33.27327346801758
2020-11-17,33.125308990478516
2020-11-18,32.87870788574219
2020-11-19,32.72457504272461
2020-11-20,33.10681915283203
2020-11-23,33.982269287109375
2020-11-24,35.66535568237305
2020-11-25,35.338592529296875
2020-11-27,35.301605224609375
2020-11-30,34.395328521728516
2020-12-01,35.603702545166016
2020-12-02,37.07100296020508
2020-12-03,37.97111129760742
2020-12-04,38.87739181518555
2020-12-07,38.550636291503906
2020-12-08,38.84656524658203
2020-12-09,38.83424377441406
2020-12-10,39.91929626464844
2020-12-11,39.77750015258789
2020-12-14,39.08700180053711
2020-12-15,39.88230895996094
2020-12-16,39.9932861328125
2020-12-17,40.862571716308594
2020-12-18,40.51731872558594
2020-12-21,40.43101119995117
2020-12-22,39.845314025878906
2020-12-23,40.461830139160156
2020-12-24,40.16590881347656
2020-12-28,40.252220153808594
2020-12-29,40.50498580932617
2020-12-30,40.6529541015625
2020-12-31,40.283042907714844
2021-01-04,41.52223587036133
2021-01-05,42.847740173339844
2021-01-06,44.210235595703125
2021-01-07,45.11651611328125
2021-01-08,45.289146423339844
2021-01-11,43.945133209228516
2021-01-12,44.35820007324219
2021-01-13,43.815670013427734
2021-01-14,45.54807662963867
2021-01-15,43.532073974609375
2021-01-19,44.04378128051758
2021-01-20,44.86990737915039
2021-01-21,44.59248352050781
2021-01-22,44.25956344604492
2021-01-25,43.901981353759766
2021-01-26,44.26572799682617
2021-01-27,42.625797271728516
2021-01-28,42.7306022644043
2021-01-29,41.17082977294922
2021-02-01,42.1325798034668
2021-02-02,41.37427520751953
2021-02-03,41.337284088134766
2021-02-04,41.306453704833984
2021-02-05,41.78733825683594
2021-02-08,42.940223693847656
2021-02-09,42.958717346191406
2021-02-10,43.03886032104492
2021-02-11,42.98337173461914
2021-02-12,43.3902702331543
2021-02-16,46.53449630737305
2021-02-17,46.589988708496094
2021-02-18,46.73177719116211
2021-02-19,46.92289733886719
2021-02-22,47.81068801879883
2021-02-23,48.48884582519531
2021-02-24,49.16084289550781
2021-02-25,48.11277389526367
2021-02-26,46.799598693847656
2021-03-01,48.55666732788086
2021-03-02,49.38279342651367
2021-03-03,49.937652587890625
2021-03-04,48.05345153808594
2021-03-05,48.28739929199219
2021-03-08,47.92066955566406
2021-03-09,47.81951141357422
2021-03-10,46.13764190673828
2021-03-11,46.85211944580078
2021-03-12,47.155616760253906
2021-03-15,46.18822479248047
2021-03-16,45.42948532104492
2021-03-17,45.239803314208984
2021-03-18,44.190208435058594
2021-03-19,43.519996643066406
2021-03-22,43.734962463378906
2021-03-23,42.698020935058594
2021-03-24,42.9825553894043
2021-03-25,42.78022003173828
2021-03-26,44.45576477050781
2021-03-29,44.145957946777344
2021-03-30,44.0700798034668
2021-03-31,43.87406921386719
2021-04-01,43.96891403198242
2021-04-05,44.98056411743164
2021-04-06,44.17756652832031
2021-04-07,44.98688507080078
2021-04-08,45.03746795654297
2021-04-09,44.72132873535156
2021-04-12,44.27240753173828
2021-04-13,44.430477142333984
2021-04-14,45.973243713378906
2021-04-15,46.83314895629883
2021-04-16,46.63081741333008
2021-04-19,46.864768981933594
2021-04-20,45.81517791748047
2021-04-21,46.750946044921875
2021-04-22,45.89105224609375
2021-04-23,47.218833923339844
2021-04-26,47.85112762451172
2021-04-27,47.155616760253906
2021-04-28,47.88274002075195
2021-04-29,47.275753021240234
2021-04-30,46.004859924316406
2021-05-03,46.85844039916992
2021-05-04,47.14929962158203
2021-05-05,48.812191009521484
2021-05-06,49.551971435546875
2021-05-07,50.19057083129883
2021-05-10,51.10737609863281
2021-05-11,51.02518081665039
2021-05-12,49.98191452026367
2021-05-13,49.10936737060547
2021-05-14,48.98291778564453
2021-05-17,49.7606201171875
2021-05-18,49.00188064575195
2021-05-19,46.85211944580078
2021-05-20,46.85211944580078
2021-05-21,46.38422393798828
2021-05-24,46.18822479248047
2021-05-25,45.46741485595703
2021-05-26,45.81517791748047
2021-05-27,46.94064712524414
2021-05-28,46.85844039916992
2021-06-01,48.24313735961914
2021-06-02,48.21152114868164
2021-06-03,47.38956069946289
2021-06-04,48.12932586669922
2021-06-07,47.31368637084961
2021-06-08,48.05978012084961
2021-06-09,47.054447174072266
2021-06-10,47.579246520996094
2021-06-11,47.97126007080078
2021-06-14,47.73099899291992
2021-06-15,47.37058639526367
2021-06-16,46.675079345703125
2021-06-17,44.575897216796875
2021-06-18,43.33662796020508
2021-06-21,44.531646728515625
2021-06-22,45.06908416748047
2021-06-23,45.28406524658203
2021-06-24,46.02383041381836
2021-06-25,46.302032470703125
2021-06-28,46.03647232055664
2021-06-29,46.04280090332031
2021-06-30,46.04912185668945
2021-07-01,45.78356170654297
2021-07-02,46.13132095336914
2021-07-06,45.70136642456055
2021-07-07,46.807861328125
2021-07-08,46.47275161743164
2021-07-09,48.3569450378418
2021-07-12,48.37592315673828
2021-07-13,48.16727066040039
2021-07-14,48.091400146484375
2021-07-15,48.274757385253906
2021-07-16,47.02915573120117
2021-07-19,45.73930740356445
2021-07-20,46.681400299072266
2021-07-21,47.889060974121094
2021-07-22,47.81951141357422
2021-07-23,48.325340270996094
2021-07-26,49.96927261352539
2021-07-27,49.33699035644531
2021-07-28,50.01985549926758
2021-07-29,50.73433303833008
2021-07-30,49.672096252441406
2021-08-02,49.5772590637207
2021-08-03,50.411865234375
2021-08-04,49.96294021606445
2021-08-05,48.698387145996094
2021-08-06,48.50870895385742
2021-08-09,48.39488983154297
2021-08-10,49.020843505859375
2021-08-11,49.23583221435547
2021-08-12,48.552955627441406
2021-08-13,49.20420455932617
2021-08-16,47.93964767456055
2021-08-17,44.15227508544922
2021-08-18,41.39552688598633
2021-08-19,39.73262023925781
2021-08-20,40.213157653808594
2021-08-23,40.737953186035156
2021-08-24,41.243778228759766
2021-08-25,41.623146057128906
2021-08-26,40.990867614746094
2021-08-27,42.097354888916016
2021-08-30,42.78654861450195
2021-08-31,41.81914520263672
2021-09-01,41.27538299560547
2021-09-02,41.67952346801758
2021-09-03,42.440635681152344
2021-09-07,41.72666549682617
2021-09-08,41.086795806884766
2021-09-09,40.7028694152832
2021-09-10,40.99250411987305
2021-09-13,41.14741516113281
2021-09-14,40.29199981689453
2021-09-15,40.62877655029297
2021-09-16,39.14022445678711
2021-09-17,37.4091911315918
2021-09-20,36.39885711669922
2021-09-21,36.73563766479492
2021-09-22,37.045475006103516
2021-09-23,37.07915115356445
2021-09-24,36.72890090942383
2021-09-27,37.092620849609375
2021-09-28,35.40199661254883
2021-09-29,35.44241714477539
2021-09-30,36.048614501953125
2021-10-01,36.06881332397461
2021-10-04,35.94084548950195
2021-10-05,35.89369583129883
2021-10-06,36.203529357910156
2021-10-07,36.67501449584961
2021-10-08,37.08588409423828
2021-10-11,37.61125946044922
2021-10-12,37.6381950378418
2021-10-13,37.415924072265625
2021-10-14,38.83039474487305
2021-10-15,38.715877532958984
2021-10-18,39.072872161865234
2021-10-19,39.120018005371094
2021-10-20,39.072872161865234
2021-10-21,37.671878814697266
2021-10-22,38.203983306884766
2021-10-25,38.68893814086914
2021-10-26,38.32522201538086
2021-10-27,37.564109802246094
2021-10-28,37.79311752319336
2021-10-29,36.93770217895508
2021-11-01,36.70869064331055
2021-11-02,35.765716552734375
2021-11-03,36.18332290649414
2021-11-04,35.819602966308594
2021-11-05,35.981258392333984
2021-11-08,36.85013961791992
2021-11-09,35.9677848815918
2021-11-10,35.24034881591797
2021-11-11,37.08588409423828
2021-11-12,36.72216796875
2021-11-15,36.1967887878418
2021-11-16,35.52323913574219
2021-11-17,35.24034881591797
2021-11-18,35.22687911987305
2021-11-19,35.26729202270508
2021-11-22,36.3853874206543
2021-11-23,37.40245819091797
2021-11-24,37.368778228759766
2021-11-26,36.66154861450195
2021-11-29,37.69208526611328
2021-11-30,37.84700012207031
2021-12-01,37.227325439453125
2021-12-02,38.837127685546875
2021-12-03,36.715431213378906
2021-12-06,37.60451889038086
2021-12-07,38.9583625793457
2021-12-08,38.82365798950195
2021-12-09,38.4329948425293
2021-12-10,38.52729034423828
2021-12-13,38.81691360473633
2021-12-14,39.120018005371094
2021-12-15,39.24125671386719
2021-12-16,39.36922836303711
2021-12-17,39.247989654541016
2021-12-20,39.214317321777344
2021-12-21,40.2179069519043
2021-12-22,39.90807342529297
2021-12-23,40.35935592651367
2021-12-27,40.608577728271484
2021-12-28,40.157291412353516
2021-12-29,40.5546875
2021-12-30,40.58835983276367
2021-12-31,40.648983001708984
2022-01-03,40.64224624633789
2022-01-04,41.302337646484375
2022-01-05,41.79402542114258
2022-01-06,41.8411750793457
2022-01-07,43.34994125366211
2022-01-10,42.534934997558594
2022-01-11,43.4375
2022-01-12,45.229156494140625
2022-01-13,45.195472717285156
2022-01-14,45.10791015625
2022-01-18,44.757667541503906
2022-01-19,46.124977111816406
2022-01-20,45.821876525878906
2022-01-21,43.76080322265625
2022-01-24,43.51832962036133
2022-01-25,43.026634216308594
2022-01-26,43.42402648925781
2022-01-27,44.31985092163086
2022-01-28,43.221961975097656
2022-01-31,42.838035583496094
2022-02-01,43.79448318481445
2022-02-02,44.131256103515625
2022-02-03,44.279441833496094
2022-02-04,44.562339782714844
2022-02-07,46.10477066040039
2022-02-08,46.58300018310547
2022-02-09,46.40787124633789
2022-02-10,47.10837173461914
2022-02-11,46.414608001708984
2022-02-14,45.97679901123047
2022-02-15,45.478370666503906
2022-02-16,46.293365478515625
2022-02-17,45.747779846191406
2022-02-18,46.70423889160156
2022-02-22,46.30010223388672
2022-02-23,46.313575744628906
2022-02-24,44.72189712524414
2022-02-25,47.22914505004883
2022-02-28,47.74326705932617
2022-03-01,48.24330520629883
2022-03-02,50.687164306640625
2022-03-03,51.41257858276367
2022-03-04,51.49708938598633
2022-03-07,50.99000549316406
2022-03-08,48.996891021728516
2022-03-09,49.187049865722656
2022-03-10,50.15190887451172
2022-03-11,48.27851867675781
2022-03-14,46.12342071533203
2022-03-15,45.62337875366211
2022-03-16,47.07420349121094
2022-03-17,47.82072830200195
2022-03-18,48.45458984375
2022-03-21,50.454750061035156
2022-03-22,50.02513885498047
2022-03-23,51.38440704345703
2022-03-24,52.3070068359375
2022-03-25,53.06058883666992
2022-03-28,53.23666763305664
2022-03-29,53.264835357666016
2022-03-30,55.018497467041016
2022-03-31,54.40578079223633
2022-04-01,55.849544525146484
2022-04-04,55.48332977294922
2022-04-05,54.356475830078125
2022-04-06,54.455074310302734
2022-04-07,54.476200103759766
2022-04-08,54.70157241821289
2022-04-11,53.45499801635742
2022-04-12,54.25082778930664
2022-04-13,55.025543212890625
2022-04-14,55.03962326049805
2022-04-18,55.20161437988281
2022-04-19,54.835384368896484
2022-04-20,54.159271240234375
2022-04-21,50.327980041503906
2022-04-22,47.88412094116211
2022-04-25,46.41217041015625
2022-04-26,45.25010681152344
2022-04-27,47.313655853271484
2022-04-28,47.96863555908203
2022-04-29,47.17279815673828
2022-05-02,47.468597412109375
2022-05-03,47.80664825439453
2022-05-04,48.78560256958008
2022-05-05,46.33470153808594
2022-05-06,46.37696075439453
2022-05-09,43.764068603515625
2022-05-10,44.031700134277344
2022-05-11,44.20777130126953
2022-05-12,43.651390075683594
2022-05-13,44.75006866455078
2022-05-16,44.70077133178711
2022-05-17,46.165672302246094
2022-05-18,44.947269439697266
2022-05-19,46.391048431396484
2022-05-20,47.41225051879883
2022-05-23,48.384159088134766
2022-05-24,48.60248947143555
2022-05-25,48.37711715698242
2022-05-26,48.17992401123047
2022-05-27,50.018096923828125
2022-05-31,49.764549255371094
2022-06-01,50.42657470703125
2022-06-02,53.24388122558594
2022-06-03,52.97544479370117
2022-06-06,52.72280502319336
2022-06-07,54.64128875732422
2022-06-08,53.36229705810547
2022-06-09,51.538551330566406
2022-06-10,50.117454528808594
2022-06-13,48.009490966796875
2022-06-14,47.346317291259766
2022-06-15,48.909523010253906
2022-06-16,47.535797119140625
2022-06-17,45.60151290893555
2022-06-21,45.56993865966797
2022-06-22,43.904090881347656
2022-06-23,43.225120544433594
2022-06-24,44.46463394165039
2022-06-27,45.53835678100586
2022-06-28,45.941001892089844
2022-06-29,45.941001892089844
2022-06-30,44.35410690307617
2022-07-01,42.735633850097656
2022-07-05,41.79612350463867
2022-07-06,41.44874572753906
2022-07-07,42.743526458740234
2022-07-08,41.835601806640625
2022-07-11,40.35923767089844
2022-07-12,39.624996185302734
2022-07-13,39.70395278930664
2022-07-14,38.08547592163086
2022-07-15,38.89866256713867
2022-07-18,40.00395965576172
2022-07-19,40.161861419677734
2022-07-20,40.153968811035156
2022-07-21,40.07501220703125
2022-07-22,40.33555221557617
2022-07-25,41.701385498046875
2022-07-26,41.622440338134766
2022-07-27,42.19087219238281
2022-07-28,42.64878845214844
2022-07-29,43.454078674316406
2022-08-01,42.78300094604492
2022-08-02,41.85928726196289
2022-08-03,42.040870666503906
2022-08-04,41.94613265991211
2022-08-05,42.94879913330078
2022-08-08,42.93301010131836
2022-08-09,42.55405044555664
2022-08-10,43.36723327636719
2022-08-11,43.698822021484375
2022-08-12,44.02251434326172
2022-08-15,43.217227935791016
2022-08-16,45.76731491088867
2022-08-17,44.64622116088867
2022-08-18,45.10413360595703
2022-08-19,44.80411911010742
2022-08-22,45.246246337890625
2022-08-23,46.41469955444336
2022-08-24,45.909423828125
2022-08-25,47.314727783203125
2022-08-26,46.485755920410156
2022-08-29,45.68046569824219
2022-08-30,43.73829650878906
2022-08-31,43.33564758300781
2022-09-01,42.062320709228516
2022-09-02,42.34059143066406
2022-09-06,42.03701400756836
2022-09-07,41.32023239135742
2022-09-08,42.49238204956055
2022-09-09,44.98003005981445
2022-09-12,45.99195861816406
2022-09-13,44.00183868408203
2022-09-14,43.86690902709961
2022-09-15,43.580204010009766
2022-09-16,42.96461486816406
2022-09-19,43.757286071777344
2022-09-20,43.38624572753906
2022-09-21,42.171939849853516
2022-09-22,43.183860778808594
2022-09-23,41.210609436035156
2022-09-26,40.030033111572266
2022-09-27,40.898597717285156
2022-09-28,42.273136138916016
2022-09-29,42.517677307128906
2022-09-30,42.19723892211914
2022-10-03,43.56333923339844
2022-10-04,44.88726806640625
2022-10-05,44.34757614135742
2022-10-06,43.48744201660156
2022-10-07,43.1585693359375
2022-10-10,43.19229507446289
2022-10-11,42.273136138916016
2022-10-12,41.43829345703125
2022-10-13,42.36589431762695
2022-10-14,40.73838424682617
2022-10-17,42.00328826904297
2022-10-18,41.56478500366211
2022-10-19,40.9576301574707
2022-10-20,40.68778610229492
2022-10-21,42.38275146484375
2022-10-24,41.328670501708984
2022-10-25,41.88522720336914
2022-10-26,43.057373046875
2022-10-27,42.07918167114258
2022-10-28,40.08062744140625
2022-10-31,40.3251838684082
2022-11-01,41.82619857788086
2022-11-02,40.5359992980957
2022-11-03,40.7552490234375
2022-11-04,44.72705078125
2022-11-07,44.516231536865234
2022-11-08,44.98846435546875
2022-11-09,43.93437194824219
2022-11-10,45.90761947631836
2022-11-11,48.95183181762695
2022-11-14,49.23854446411133
2022-11-15,50.33479309082031
2022-11-16,49.48309326171875
2022-11-17,49.41563415527344
2022-11-18,49.53369140625
2022-11-21,48.26878356933594
2022-11-22,49.542118072509766
2022-11-23,50.629940032958984
2022-11-25,50.326358795166016
2022-11-28,49.7360725402832
2022-11-29,51.279258728027344
2022-11-30,52.95736312866211
2022-12-01,53.14288330078125
2022-12-02,53.488624572753906
2022-12-05,52.68751907348633
2022-12-06,52.906768798828125
2022-12-07,52.66222381591797
2022-12-08,53.5223503112793
2022-12-09,53.952423095703125
2022-12-12,53.2019157409668
2022-12-13,53.42959976196289
2022-12-14,52.62849044799805
2022-12-15,52.00447082519531
2022-12-16,51.59126663208008
2022-12-19,51.287689208984375
2022-12-20,51.89484786987305
2022-12-21,52.83930587768555
2022-12-22,51.785221099853516
2022-12-23,52.324913024902344
2022-12-27,52.906768798828125
2022-12-28,52.06349563598633
2022-12-29,52.485130310058594
2022-12-30,52.324913024902344
2023-01-03,51.776790618896484
2023-01-04,52.932071685791016
2023-01-05,53.40430450439453
2023-01-06,55.6895637512207
2023-01-09,55.33539581298828
2023-01-10,56.31357955932617
2023-01-11,56.75209045410156
2023-01-12,58.177207946777344
2023-01-13,58.421749114990234
2023-01-17,57.13998794555664
2023-01-18,57.39295959472656
2023-01-19,58.08444595336914
2023-01-20,58.573543548583984
2023-01-23,58.50608444213867
2023-01-24,58.8265266418457
2023-01-25,59.669795989990234
2023-01-26,60.07456588745117
2023-01-27,58.92771530151367
2023-01-30,58.75062561035156
2023-01-31,59.155399322509766
2023-02-01,59.11323928833008
2023-02-02,56.96290588378906
2023-02-03,56.56656265258789
2023-02-06,55.672691345214844
2023-02-07,56.33887481689453
2023-02-08,56.11962890625
2023-02-09,56.229251861572266
2023-02-10,55.63896560668945
2023-02-13,56.27984619140625
2023-02-14,56.63402557373047
2023-02-15,56.330448150634766
2023-02-16,56.608726501464844
2023-02-17,56.02687454223633
2023-02-21,55.883514404296875
2023-02-22,54.12107467651367
2023-02-23,52.982666015625
2023-02-24,50.95881652832031
2023-02-27,50.975677490234375
2023-02-28,51.4141845703125
2023-03-01,53.26094055175781
2023-03-02,54.82099533081055
2023-03-03,55.529335021972656
2023-03-06,54.00301742553711
2023-03-07,52.459835052490234
2023-03-08,53.34526824951172
2023-03-09,52.71165084838867
2023-03-10,52.17351531982422
2023-03-13,52.702972412109375
2023-03-14,52.946006774902344
2023-03-15,50.49834060668945
2023-03-16,49.97755432128906
2023-03-17,49.99491500854492
2023-03-20,51.00175857543945
2023-03-21,50.51570129394531
2023-03-22,49.93415832519531
2023-03-23,50.003597259521484
2023-03-24,50.4723014831543
2023-03-27,50.671932220458984
2023-03-28,51.76556396484375
2023-03-29,52.763736724853516
2023-03-30,54.586463928222656
2023-03-31,55.03780746459961
2023-04-03,54.51702880859375
2023-04-04,52.84185028076172
2023-04-05,52.63353729248047
2023-04-06,52.04331588745117
2023-04-10,52.35578536987305
2023-04-11,54.43022537231445
2023-04-12,54.15248107910156
2023-04-13,54.42155075073242
2023-04-14,53.44942855834961
2023-04-17,53.93548583984375
2023-04-18,54.98572540283203
2023-04-19,54.456268310546875
2023-04-20,52.69429397583008
2023-04-21,50.99307632446289
2023-04-24,51.3142204284668
2023-04-25,49.56093215942383
2023-04-26,50.654571533203125
2023-04-27,51.26214599609375
2023-04-28,51.24478530883789
2023-05-01,50.906280517578125
2023-05-02,50.11643600463867
2023-05-03,50.51570129394531
2023-05-04,50.49834060668945
2023-05-05,52.763736724853516
2023-05-08,52.833168029785156
2023-05-09,52.494659423828125
2023-05-10,51.77425003051758
2023-05-11,50.05567169189453
2023-05-12,50.611175537109375
2023-05-15,51.62669372558594
2023-05-16,50.45494079589844
2023-05-17,51.331581115722656
2023-05-18,50.76740646362305
2023-05-19,50.802120208740234
2023-05-22,50.8802375793457
2023-05-23,50.11643600463867
2023-05-24,48.09406280517578
2023-05-25,47.76424026489258
2023-05-26,49.187705993652344
2023-05-30,48.44993591308594
2023-05-31,47.651405334472656
2023-06-01,48.94467544555664
2023-06-02,50.967044830322266
2023-06-05,50.22926712036133
2023-06-06,51.01043701171875
2023-06-07,50.9757194519043
2023-06-08,52.08671569824219
2023-06-09,51.782928466796875
2023-06-12,51.661415100097656
2023-06-13,53.310550689697266
2023-06-14,54.44758987426758
2023-06-15,55.53255081176758
2023-06-16,54.829490661621094
2023-06-20,54.12644577026367
2023-06-21,53.76189422607422
2023-06-22,52.85921096801758
2023-06-23,51.47914123535156
2023-06-26,51.68745040893555
2023-06-27,52.46862030029297
2023-06-28,51.53989791870117
2023-06-29,51.8784065246582
2023-06-30,51.79160690307617
2023-07-03,52.763736724853516
2023-07-05,51.57461166381836
2023-07-06,50.16850662231445
2023-07-07,50.368141174316406
2023-07-10,49.882080078125
2023-07-11,51.00175857543945
2023-07-12,52.685611724853516
2023-07-13,54.10040283203125
2023-07-14,53.90077209472656
2023-07-17,53.04147720336914
2023-07-18,53.197715759277344
2023-07-19,52.59881591796875
2023-07-20,52.833168029785156
2023-07-21,52.72032928466797
2023-07-24,53.37131118774414
2023-07-25,55.714820861816406
2023-07-26,54.78609848022461
2023-07-27,53.84869384765625
2023-07-28,53.23243713378906
2023-07-31,54.378150939941406
2023-08-01,52.90260696411133
2023-08-02,51.80028533935547
2023-08-03,51.930484771728516
2023-08-04,51.98256301879883
2023-08-07,52.02595520019531
2023-08-08,51.58329391479492
2023-08-09,51.6440544128418
2023-08-10,51.48781967163086
2023-08-11,51.17535400390625
2023-08-14,50.20322799682617
2023-08-15,49.17903137207031
2023-08-16,48.27634048461914
2023-08-17,48.80580139160156
2023-08-18,48.43257522583008
2023-08-21,48.814483642578125
2023-08-22,48.0506706237793
2023-08-23,49.4567756652832
2023-08-24,48.059349060058594
2023-08-25,47.920475006103516
2023-08-28,48.666927337646484
2023-08-29,49.72584915161133
2023-08-30,50.1251106262207
2023-08-31,49.89944076538086
2023-09-01,50.56777572631836
2023-09-05,50.77608871459961
2023-09-06,50.77608871459961
2023-09-07,49.43752670288086
2023-09-08,49.0716552734375
2023-09-11,50.42805862426758
2023-09-12,50.410213470458984
2023-09-13,50.1157341003418
2023-09-14,52.114646911621094
2023-09-15,52.159271240234375
2023-09-18,51.98078918457031
2023-09-19,51.61491775512695
2023-09-20,51.28474044799805
2023-09-21,49.678462982177734
2023-09-22,50.64223098754883
2023-09-25,50.08003234863281
2023-09-26,49.0805778503418
2023-09-27,49.70523452758789
2023-09-28,51.043800354003906
2023-09-29,50.75823974609375
2023-10-02,49.892635345458984
2023-10-03,49.00026321411133
2023-10-04,49.11627197265625
2023-10-05,49.375057220458984
2023-10-06,50.82070541381836
2023-10-09,50.1871223449707
2023-10-10,50.954559326171875
2023-10-11,51.24904251098633
2023-10-12,50.49945068359375
2023-10-13,50.50837326049805
2023-10-16,51.58815002441406
2023-10-17,52.1057243347168
2023-10-18,50.99917984008789
2023-10-19,50.454833984375
2023-10-20,48.946720123291016
2023-10-23,48.946720123291016
2023-10-24,50.169273376464844
2023-10-25,50.570838928222656
2023-10-26,50.61545944213867
2023-10-27,51.03487777709961
2023-10-30,51.35613250732422
2023-10-31,50.91886901855469
2023-11-01,51.69523239135742
2023-11-02,52.67684555053711
2023-11-03,52.75715255737305
2023-11-06,52.66792297363281
2023-11-07,51.33828353881836
2023-11-08,50.91886901855469
2023-11-09,51.133033752441406
2023-11-10,51.820167541503906
2023-11-13,52.1057243347168
2023-11-14,54.12248992919922
2023-11-15,54.0778694152832
2023-11-16,53.88154983520508
2023-11-17,54.35450744628906
2023-11-20,54.979164123535156
2023-11-21,55.791229248046875
2023-11-22,55.52351760864258
2023-11-24,55.336116790771484
2023-11-27,54.71146011352539
2023-11-28,55.00593948364258
2023-11-29,54.256343841552734
2023-11-30,54.39912033081055
2023-12-01,56.1660270690918
2023-12-04,54.75607681274414
2023-12-05,54.45267105102539
2023-12-06,54.83639144897461
2023-12-07,55.94293212890625
2023-12-08,55.73768615722656
2023-12-11,55.3896598815918
2023-12-12,55.46105194091797
2023-12-13,57.15656280517578
2023-12-14,58.477272033691406
2023-12-15,58.709293365478516
2023-12-18,58.97700119018555
2023-12-19,59.976463317871094
2023-12-20,58.9234619140625
2023-12-21,60.49404525756836
2023-12-22,60.520816802978516
2023-12-26,60.87776184082031
2023-12-27,61.47565460205078
2023-12-28,61.23471450805664
2023-12-29,60.95807647705078
2024-01-02,60.601131439208984
2024-01-03,59.9496955871582
2024-01-04,59.42319107055664
2024-01-05,58.91453170776367
2024-01-08,58.91453170776367
2024-01-09,57.64736557006836
2024-01-10,56.81745529174805
2024-01-11,56.656837463378906
2024-01-12,56.45158386230469
2024-01-16,54.89885711669922
2024-01-17,53.91724395751953
2024-01-18,53.97078323364258
2024-01-19,54.01539993286133
2024-01-22,53.649532318115234
2024-01-23,54.70253372192383
2024-01-24,55.47889709472656
2024-01-25,55.05948257446289
2024-01-26,55.291500091552734
2024-01-29,55.291500091552734
2024-01-30,55.1219482421875
2024-01-31,54.631141662597656
2024-02-01,55.291500091552734
2024-02-02,54.515132904052734
2024-02-05,53.087337493896484
2024-02-06,53.83692932128906
2024-02-07,54.00648498535156
2024-02-08,53.57814407348633
2024-02-09,53.70307540893555
2024-02-12,53.94401168823242
2024-02-13,52.58760452270508
2024-02-14,53.40858840942383
2024-02-15,53.19442367553711
2024-02-16,53.845855712890625
2024-02-20,51.84693145751953
2024-02-21,51.54352569580078
2024-02-22,52.07895278930664
2024-02-23,52.03433609008789
2024-02-26,51.043800354003906
2024-02-27,51.52568435668945
2024-02-28,50.94563674926758
2024-02-29,51.168731689453125
2024-03-01,52.06110763549805
2024-03-04,51.811241149902344
2024-03-05,51.302589416503906
2024-03-06,52.25742721557617
2024-03-07,52.89783477783203
2024-03-08,52.42210006713867
2024-03-11,51.35170364379883
2024-03-12,51.23277282714844
2024-03-13,52.028709411621094
2024-03-14,51.26936721801758
2024-03-15,50.93086624145508
2024-03-18,51.12298583984375
2024-03-19,51.81828689575195
2024-03-20,52.86124038696289
2024-03-21,52.961875915527344
2024-03-22,52.184234619140625
2024-03-25,52.11104202270508
2024-03-26,51.73594665527344
2024-03-27,52.63252258300781
2024-03-28,52.77890396118164
2024-04-01,53.38271713256836
2024-04-02,54.132911682128906
2024-04-03,53.83100891113281
2024-04-04,52.82465362548828
2024-04-05,52.751461029052734
2024-04-08,54.608642578125
2024-04-09,55.340545654296875
2024-04-10,54.59949493408203
2024-04-11,54.4256706237793
2024-04-12,53.5748405456543
2024-04-15,54.03227615356445
2024-04-16,52.11104202270508
2024-04-17,53.4376106262207
2024-04-18,53.053367614746094
2024-04-19,53.172298431396484
2024-04-22,53.529090881347656
2024-04-23,53.70292282104492
2024-04-24,54.196956634521484
2024-04-25,52.33976364135742
2024-04-26,51.62616729736328
2024-04-29,51.97381591796875
2024-04-30,50.46427536010742
2024-05-01,50.31789779663086
2024-05-02,50.84852600097656
2024-05-03,51.47063446044922
2024-05-06,52.019561767578125
2024-05-07,52.577632904052734
2024-05-08,51.690208435058594
2024-05-09,52.257423400878906
2024-05-10,52.32146453857422
2024-05-13,52.312320709228516
2024-05-14,53.78526306152344
2024-05-15,54.22439956665039
2024-05-16,54.91054916381836
2024-05-17,56.237117767333984
2024-05-20,56.33774948120117
2024-05-21,56.38349533081055
2024-05-22,53.730369567871094
2024-05-23,53.74866485595703
2024-05-24,54.55375289916992
2024-05-28,54.52630615234375
2024-05-29,54.389076232910156
2024-05-30,53.66632843017578
2024-05-31,54.46226501464844
2024-06-03,54.32503128051758
2024-06-04,53.126556396484375
2024-06-05,53.629730224609375
2024-06-06,54.617794036865234
2024-06-07,53.23633575439453
2024-06-10,53.4376106262207
2024-06-11,51.964664459228516
2024-06-12,52.50444030761719
2024-06-13,52.46784591674805
2024-06-14,51.99211883544922
2024-06-17,51.461490631103516
2024-06-18,51.836585998535156
2024-06-20,52.33976364135742
2024-06-21,51.763397216796875
2024-06-24,51.86403274536133
2024-06-25,52.12019729614258
2024-06-26,52.449554443359375
2024-06-27,51.90977478027344
2024-06-28,52.22998046875
2024-07-01,52.797203063964844
2024-07-02,52.83379364013672
2024-07-03,54.471412658691406
2024-07-05,54.4256706237793
2024-07-08,53.38271713256836
2024-07-09,53.39186477661133
2024-07-10,53.56568908691406
2024-07-11,53.27293014526367
2024-07-12,54.22439956665039
2024-07-15,53.34612274169922
2024-07-16,52.33061599731445
2024-07-17,52.13849639892578
2024-07-18,51.34255599975586
2024-07-19,50.91256332397461
2024-07-22,51.004051208496094
2024-07-23,50.38193893432617
2024-07-24,49.796424865722656
2024-07-25,50.12577819824219
2024-07-26,50.665550231933594
2024-07-29,50.32704544067383
2024-07-30,49.503665924072266
2024-07-31,50.80278015136719
2024-08-01,49.64089584350586
2024-08-02,49.41217803955078
2024-08-05,48.52475357055664
2024-08-06,48.96389389038086
2024-08-07,48.268585205078125
2024-08-08,48.625389099121094
2024-08-09,49.1834602355957
2024-08-12,49.000484466552734
2024-08-13,49.09197235107422
2024-08-14,47.802001953125
2024-08-15,48.1679573059082
2024-08-16,48.70772933959961
2024-08-19,49.366432189941406
2024-08-20,49.073673248291016
2024-08-21,50.63810348510742
2024-08-22,49.668338775634766
2024-08-23,50.491722106933594
2024-08-26,50.78448486328125
2024-08-27,50.93086624145508
2024-08-28,49.78727340698242
2024-08-29,50.43683624267578
2024-08-30,50.43683624267578
2024-09-03,47.884342193603516
2024-09-04,47.802001953125
2024-09-05,48.03986740112305
2024-09-06,47.01521682739258
2024-09-09,47.37202072143555
2024-09-10,46.951175689697266
2024-09-11,48.3143310546875
2024-09-12,49.11027145385742
2024-09-13,49.759429931640625
2024-09-16,50.37095260620117
2024-09-17,50.28628158569336
2024-09-18,49.90995407104492
2024-09-19,51.92329025268555
2024-09-20,50.60615921020508
2024-09-23,51.35880661010742
2024-09-24,53.95543670654297
2024-09-25,54.31294631958008
2024-09-26,57.30472183227539
2024-09-27,58.33961486816406
2024-09-30,58.43369674682617
2024-10-01,58.697120666503906
2024-10-02,58.7347526550293
2024-10-03,57.28590774536133
2024-10-04,56.98484802246094
2024-10-07,57.21064376831055
2024-10-08,54.94329071044922
2024-10-09,54.73631286621094
2024-10-10,55.423099517822266
2024-10-11,55.46073913574219
2024-10-14,55.912322998046875
2024-10-15,54.71749496459961
2024-10-16,53.372135162353516
2024-10-17,53.522666931152344
2024-10-18,53.739051818847656
2024-10-21,52.98640441894531
2024-10-22,53.2874641418457
2024-10-23,52.43132781982422
2024-10-24,52.83587646484375
2024-10-25,53.09930419921875
2024-10-28,53.739051818847656
2024-10-29,53.75786590576172
2024-10-30,53.08048629760742
2024-10-31,52.17730712890625
2024-11-01,52.6288948059082
2024-11-04,52.79824447631836
2024-11-05,53.32509994506836
2024-11-06,52.6288948059082
2024-11-07,54.331764221191406
2024-11-08,51.92329025268555
2024-11-11,50.36154556274414
2024-11-12,49.48659133911133
2024-11-13,49.223167419433594
2024-11-14,48.96915054321289
2024-11-15,48.77157974243164
2024-11-18,49.38310623168945
2024-11-19,49.561859130859375
2024-11-20,49.17612838745117
2024-11-21,48.94092559814453
2024-11-22,49.260799407958984
2024-11-25,49.354881286621094
2024-11-26,48.16004943847656
2024-11-27,48.73394775390625
2024-11-29,49.53363800048828
2024-12-02,49.721797943115234
2024-12-03,49.97581481933594
2024-12-04,49.637123107910156
2024-12-05,49.100860595703125
2024-12-06,48.35762405395508
2024-12-09,50.56852340698242
2024-12-10,50.23924255371094
2024-12-11,50.3897705078125
2024-12-12,49.34547424316406
2024-12-13,48.611637115478516
2024-12-16,48.08478546142578
2024-12-17,47.98129653930664
2024-12-18,46.47600555419922
2024-12-19,46.04322814941406
2024-12-20,46.287841796875
2024-12-23,46.48541259765625
2024-12-24,46.494815826416016
2024-12-26,46.42896270751953
2024-12-27,46.29724884033203
2024-12-30,45.8927001953125
2024-12-31,45.93974304199219
2025-01-02,46.29724884033203
2025-01-03,45.92092514038086
2025-01-06,45.61986541748047
2025-01-07,45.328216552734375
2025-01-08,45.83625411987305
2025-01-10,45.66690444946289
2025-01-13,46.38192367553711
2025-01-14,46.6829833984375
2025-01-15,46.86174011230469
2025-01-16,46.626529693603516
2025-01-17,47.125160217285156
2025-01-21,47.153385162353516
2025-01-22,46.16553497314453
2025-01-23,46.5418586730957
2025-01-24,46.918182373046875
2025-01-27,46.946407318115234
2025-01-28,45.82684326171875
2025-01-29,45.9021110534668
2025-01-30,46.8052864074707
2025-01-31,46.24079895019531
2025-02-03,45.9021110534668
2025-02-04,46.88055419921875
2025-02-05,47.087528228759766
2025-02-06,47.68964767456055
2025-02-07,47.36977005004883
2025-02-10,47.811954498291016
2025-02-11,47.2286491394043
2025-02-12,47.66142654418945
2025-02-13,48.76217269897461
2025-02-14,48.498741149902344
2025-02-18,48.86566162109375
2025-02-19,48.05656433105469
2025-02-20,49.025596618652344
2025-02-21,48.3952522277832
2025-02-24,48.065975189208984
2025-02-25,47.69905471801758
2025-02-26,47.247467041015625
2025-02-27,46.43836975097656
2025-02-28,45.61045837402344
2025-03-03,45.94914627075195
2025-03-04,46.30665969848633
2025-03-05,47.70846176147461
2025-03-06,47.68964767456055
2025-03-07,48.14072799682617
2025-03-10,47.61286926269531
2025-03-11,47.776023864746094
2025-03-12,46.41318893432617
2025-03-13,46.69151306152344
2025-03-14,47.45930862426758
2025-03-17,48.53422164916992
2025-03-18,48.505428314208984
2025-03-19,48.04475402832031
2025-03-20,47.324947357177734
2025-03-21,47.17138671875
2025-03-24,47.31534957885742
2025-03-25,47.65126037597656
2025-03-26,47.814414978027344
2025-03-27,47.63206481933594
2025-03-28,46.95064163208008
2025-03-31,46.585941314697266
2025-04-01,46.816280364990234
2025-04-02,45.9525146484375
2025-04-03,44.60887145996094
2025-04-04,40.37640380859375
2025-04-07,40.616336822509766
2025-04-08,38.60087966918945
2025-04-09,42.56461715698242
2025-04-10,41.73923873901367
2025-04-11,43.42838668823242
2025-04-14,44.42652130126953
2025-04-15,44.38813018798828
2025-04-16,43.7930908203125
2025-04-17,44.61846923828125
2025-04-21,45.00236511230469
2025-04-22,45.731773376464844
2025-04-23,46.4323844909668
2025-04-24,47.324947357177734
2025-04-25,46.26922607421875
2025-04-28,46.47077178955078
2025-04-29,46.643524169921875
2025-04-30,45.63579559326172
2025-05-01,45.78935623168945
2025-05-02,46.8642692565918
2025-05-05,46.6627197265625
2025-05-06,46.8642692565918
2025-05-07,46.422786712646484
2025-05-08,46.2308349609375
2025-05-09,46.71070861816406
2025-05-12,47.89119338989258
2025-05-13,48.76456069946289
2025-05-14,48.275089263916016
2025-05-15,48.49583053588867
2025-05-16,48.47663497924805
2025-05-19,48.32307815551758
2025-05-20,47.718441009521484
2025-05-21,47.353736877441406
2025-05-22,47.17138671875
2025-05-23,47.881595611572266
2025-05-27,47.79521560668945
2025-05-28,47.21937561035156
2025-05-29,47.286556243896484
2025-05-30,47.01782989501953
2025-06-02,47.44011688232422
2025-06-03,46.643524169921875
2025-06-04,47.12339782714844
2025-06-05,47.82401657104492
2025-06-06,47.584075927734375
2025-06-09,48.1599235534668
2025-06-10,48.83174514770508
2025-06-11,48.57261276245117
2025-06-12,47.8048210144043
2025-06-13,46.595542907714844
2025-06-16,46.931453704833984
2025-06-17,45.856536865234375
2025-06-18,45.702980041503906
2025-06-20,44.28255844116211
2025-06-23,44.94478225708008
2025-06-24,45.38626480102539
2025-06-25,44.85840606689453
2025-06-26,46.39399719238281
2025-06-27,46.6627197265625
2025-06-30,46.154056549072266
2025-07-01,46.71070861816406
2025-07-02,48.68777847290039
2025-07-03,48.48623275756836
2025-07-07,47.40172576904297
2025-07-08,47.37293243408203
2025-07-09,47.61286926269531
2025-07-10,49.436378479003906
2025-07-11,49.983436584472656
2025-07-14,49.82987594604492
2025-07-15,48.3422737121582
2025-07-16,49.110069274902344
2025-07-17,49.609130859375
2025-07-18,49.75309753417969
2025-07-21,51.039154052734375
2025-07-22,52.84347152709961
2025-07-23,53.08340835571289
2025-07-24,51.902923583984375
2025-07-25,51.01036071777344
2025-07-28,50.17538070678711
2025-07-29,50.588069915771484
2025-07-30,48.61100387573242
2025-07-31,48.63019561767578
2025-08-01,48.68777847290039
2025-08-04,49.551551818847656
2025-08-05,49.071678161621094
2025-08-06,49.46517562866211
2025-08-07,50.01222610473633
2025-08-08,50.73203659057617
2025-08-11,51.16392135620117
2025-08-12,51.864532470703125
2025-08-13,52.52675247192383
2025-08-14,51.65338897705078
2025-08-15,51.9701042175293
2025-08-18,51.27908706665039
2025-08-19,51.5382194519043
2025-08-20,51.432647705078125
2025-08-21,52.30601119995117
2025-08-22,53.6976432800293
2025-08-25,53.52488708496094
2025-08-26,53.40971755981445
2025-08-27,53.6208610534668
2025-08-28,53.86079788208008
2025-08-29,53.52488708496094
2025-09-02,53.42890930175781
2025-09-03,53.640052795410156
2025-09-04,53.313743591308594
2025-09-05,52.200439453125
2025-09-08,52.018089294433594
2025-09-09,51.01036071777344
2025-09-10,51.1063346862793
2025-09-11,52.02768325805664
2025-09-12,51.8933219909668
2025-09-15,52.593936920166016
2025-09-16,51.93171691894531
2025-09-17,51.02955627441406
2025-09-18,50.07940673828125
2025-09-19,50.041019439697266
2025-09-22,51.01036071777344
2025-09-23,51.14472579956055
2025-09-24,51.34627151489258
2025-09-25,53.4481086730957
2025-09-26,52.536354064941406
2025-09-29,53.9567756652832
2025-09-30,53.50569152832031
2025-10-01,53.50569152832031
2025-10-02,53.2657585144043
2025-10-03,53.23696517944336
2025-10-06,53.716835021972656
2025-10-07,52.97783660888672
2025-10-08,53.80321502685547
2025-10-09,53.784019470214844
2025-10-10,51.4614372253418
2025-10-13,53.46730422973633
2025-10-14,54.148719787597656
2025-10-15,54.4078483581543
2025-10-16,54.01435470581055
2025-10-17,53.352134704589844
2025-10-20,54.51342010498047
2025-10-21,53.716835021972656
2025-10-22,53.54408645629883
2025-10-23,53.064212799072266
2025-10-24,53.380924224853516
2025-10-27,54.11033248901367
2025-10-28,54.83013916015625
2025-10-29,55.62672424316406
2025-10-30,54.93571090698242
2025-10-31,54.753360748291016
2025-11-03,53.889591217041016
2025-11-04,52.24842834472656
2025-11-05,53.275352478027344
2025-11-06,53.37133026123047
2025-11-07,52.93944549560547
2025-11-10,53.611263275146484
2025-11-11,53.52488708496094
2025-11-12,54.0527458190918
2025-11-13,53.6976432800293
2025-11-14,53.00662612915039
2025-11-17,52.392391204833984
2025-11-18,51.54781723022461
2025-11-19,51.31747817993164
2025-11-20,50.46330642700195
2025-11-21,50.943180084228516
2025-11-24,50.799217224121094
2025-11-25,51.51902389526367
2025-11-26,52.670719146728516
2025-11-28,52.52675247192383
2025-12-01,52.949039459228516
2025-12-02,54.0047607421875
2025-12-03,55.58833312988281
2025-12-04,56.5960693359375
2025-12-05,56.48089599609375
2025-12-08,55.99142837524414
2025-12-09,56.63445281982422
2025-12-10,58.093265533447266
2025-12-11,58.46756362915039
2025-12-12,57.23909378051758
2025-12-15,56.80720901489258
2025-12-16,56.260154724121094
2025-12-17,56.672847747802734
2025-12-18,56.88399124145508
2025-12-19,56.931976318359375
2025-12-22,58.323604583740234
2025-12-23,58.62112808227539
2025-12-24,58.419578552246094
2025-12-26,59.39851760864258
2025-12-29,57.958900451660156
2025-12-30,58.46756362915039
2025-12-31,57.93970489501953
2026-01-02,59.273746490478516
2026-01-05,60.59819793701172
2026-01-06,62.19137191772461
2026-01-07,61.28921127319336
2026-01-08,60.41584777832031
2026-01-09,59.2353630065918
2026-01-12,60.271881103515625
2026-01-13,61.41398239135742
2026-01-14,63.36225509643555
2026-01-15,63.371856689453125
2026-01-16,62.24895477294922
2026-01-20,61.797874450683594
2026-01-21,62.96876525878906
2026-01-22,62.35452651977539
2026-01-23,64.80187225341797
2026-01-26,65.04180145263672
2026-01-27,67.65230560302734
2026-01-28,68.10338592529297
2026-01-29,69.2646713256836
2026-01-30,65.96316528320312
2026-02-02,66.59658813476562
2026-02-03,69.81172943115234
2026-02-04,69.31266784667969
2026-02-05,66.3182601928711
2026-02-06,66.83653259277344
2026-02-09,68.78480529785156
2026-02-10,69.43743133544922
2026-02-11,72.10551452636719
2026-02-12,69.8309326171875
2026-02-13,70.42597198486328
2026-02-17,71.29933166503906
2026-02-18,71.52967834472656
2026-02-19,72.04793548583984
2026-02-20,73.72748565673828
2026-02-23,74.86958312988281
2026-02-24,76.44355773925781
2026-02-25,78.39183807373047
2026-02-26,77.806396484375
2026-02-27,78.28626251220703
