Date,miner_vale_close
2018-04-02,6.566920757293701
2018-04-03,6.500792980194092
2018-04-04,6.434666156768799
2018-04-05,6.5872673988342285
2018-04-06,6.43975305557251
2018-04-09,6.358365535736084
2018-04-10,6.663567066192627
2018-04-11,6.683914661407471
2018-04-12,6.653395175933838
2018-04-13,6.673740386962891
2018-04-16,6.602527141571045
2018-04-17,6.8365159034729
2018-04-18,7.126458168029785
2018-04-19,7.182409286499023
2018-04-20,7.121368885040283
2018-04-23,6.9891157150268555
2018-04-24,7.095936298370361
2018-04-25,6.958593845367432
2018-04-26,7.121368885040283
2018-04-27,7.095936298370361
2018-04-30,7.039982318878174
2018-05-01,6.8873820304870605
2018-05-02,6.9840288162231445
2018-05-03,7.06541633605957
2018-05-04,7.162064552307129
2018-05-07,7.045069694519043
2018-05-08,6.9891157150268555
2018-05-09,7.085762023925781
2018-05-10,7.345183849334717
2018-05-11,7.4316582679748535
2018-05-14,7.6147780418396
2018-05-15,7.584259033203125
2018-05-16,7.696166038513184
2018-05-17,7.645298957824707
2018-05-18,7.416398048400879
2018-05-21,7.329922676086426
2018-05-22,7.319751262664795
2018-05-23,7.294317722320557
2018-05-24,7.329922676086426
2018-05-25,7.1366286277771
2018-05-29,6.8365159034729
2018-05-30,6.8873820304870605
2018-05-31,6.91790246963501
2018-06-01,7.1366286277771
2018-06-04,7.151890754699707
2018-06-05,7.202756404876709
2018-06-06,7.436744213104248
2018-06-07,7.039982318878174
2018-06-08,6.994203567504883
2018-06-11,6.963681697845459
2018-06-12,7.101021766662598
2018-06-13,7.075589179992676
2018-06-14,6.948422431945801
2018-06-15,6.6991729736328125
2018-06-18,6.6991729736328125
2018-06-19,6.597440242767334
2018-06-20,6.607612609863281
2018-06-21,6.399058818817139
2018-06-22,6.516053199768066
2018-06-25,6.378711700439453
2018-06-26,6.495707988739014
2018-06-27,6.338019847869873
2018-06-28,6.500792980194092
2018-06-29,6.521141052246094
2018-07-02,6.353279113769531
2018-07-03,6.383797645568848
2018-07-05,6.449925899505615
2018-07-06,6.627960681915283
2018-07-09,6.6991729736328125
2018-07-10,6.658481121063232
2018-07-11,6.434666156768799
2018-07-12,6.622873783111572
2018-07-13,6.683914661407471
2018-07-16,6.607612609863281
2018-07-17,6.7398681640625
2018-07-18,6.821255683898926
2018-07-19,6.551660060882568
2018-07-20,6.577093601226807
2018-07-23,6.6991729736328125
2018-07-24,7.00437593460083
2018-07-25,7.121368885040283
2018-07-26,7.177322864532471
2018-07-27,7.345183849334717
2018-07-30,7.406223773956299
2018-07-31,7.457090854644775
2018-08-01,7.151890754699707
2018-08-02,7.141716957092285
2018-08-03,7.428597927093506
2018-08-06,7.365777969360352
2018-08-07,7.323897838592529
2018-08-08,7.302957534790039
2018-08-09,7.135436058044434
2018-08-10,7.009792327880859
2018-08-13,6.999321937561035
2018-08-14,7.140669822692871
2018-08-15,6.7742133140563965
2018-08-16,6.674746036529541
2018-08-17,6.805622577667236
2018-08-20,6.821328639984131
2018-08-21,6.721861362457275
2018-08-22,6.868443965911865
2018-08-23,6.768977642059326
2018-08-24,6.920795917510986
2018-08-27,7.114493370056152
2018-08-28,7.03596830368042
2018-08-29,7.03596830368042
2018-08-30,6.894618511199951
2018-08-31,6.910325527191162
2018-09-04,6.570042610168457
2018-09-05,6.606690883636475
2018-09-06,6.800387382507324
2018-09-07,6.810859203338623
2018-09-10,6.789917469024658
2018-09-11,6.643334865570068
2018-09-12,6.763744354248047
2018-09-13,6.721861362457275
2018-09-14,6.936500549316406
2018-09-17,6.994087219238281
2018-09-18,7.229664325714111
2018-09-19,7.444304943084717
2018-09-20,7.601357936859131
2018-09-21,7.884054660797119
2018-09-24,7.742704391479492
2018-09-25,7.983519554138184
2018-09-26,7.847408771514893
2018-09-27,7.768881320953369
2018-09-28,7.768881320953369
2018-10-01,7.868348121643066
2018-10-02,8.177217483520508
2018-10-03,8.088221549987793
2018-10-04,7.904993057250977
2018-10-05,7.857875823974609
2018-10-08,7.96258020401001
2018-10-09,8.135335922241211
2018-10-10,7.774116516113281
2018-10-11,7.826465606689453
2018-10-12,7.988753795623779
2018-10-15,8.093457221984863
2018-10-16,8.103925704956055
2018-10-17,8.339507102966309
2018-10-18,7.931167125701904
2018-10-19,7.988753795623779
2018-10-22,8.255745887756348
2018-10-23,7.973049163818359
2018-10-24,7.590887546539307
2018-10-25,7.706060409545898
2018-10-26,7.889286041259766
2018-10-29,7.4704813957214355
2018-10-30,7.638002872467041
2018-10-31,7.904993057250977
2018-11-01,8.12486743927002
2018-11-02,8.088221549987793
2018-11-05,8.062045097351074
2018-11-06,8.004459381103516
2018-11-07,8.02016544342041
2018-11-08,7.941639423370361
2018-11-09,7.643238544464111
2018-11-12,7.569948196411133
2018-11-13,7.643238544464111
2018-11-14,7.606593132019043
2018-11-15,7.815995693206787
2018-11-16,7.836935997009277
2018-11-19,7.706060409545898
2018-11-20,7.365777969360352
2018-11-21,7.512360095977783
2018-11-23,6.941736698150635
2018-11-26,6.674746036529541
2018-11-27,6.7480363845825195
2018-11-28,7.077847957611084
2018-11-29,7.051673412322998
2018-11-30,7.1720805168151855
2018-12-03,7.371014595031738
2018-12-04,7.1197285652160645
2018-12-06,7.083083629608154
2018-12-07,6.878915309906006
2018-12-10,6.732331275939941
2018-12-11,6.810859203338623
2018-12-12,6.816093444824219
2018-12-13,6.826563358306885
2018-12-14,6.784682750701904
2018-12-17,6.821328639984131
2018-12-18,6.905089855194092
2018-12-19,6.6642746925354
2018-12-20,6.7742133140563965
2018-12-21,6.753271102905273
2018-12-24,6.596220016479492
2018-12-26,6.842268943786621
2018-12-27,6.800387382507324
2018-12-28,6.816093444824219
2018-12-31,6.905089855194092
2019-01-02,7.051673412322998
2019-01-03,6.716624736785889
2019-01-04,7.339602470397949
2019-01-07,7.24013614654541
2019-01-08,7.360543727874756
2019-01-09,7.596124172210693
2019-01-10,7.538536548614502
2019-01-11,7.386718273162842
2019-01-14,7.39718770980835
2019-01-15,7.360543727874756
2019-01-16,7.386718273162842
2019-01-17,7.575183391571045
2019-01-18,7.648473739624023
2019-01-22,7.564709663391113
2019-01-23,7.721763610839844
2019-01-24,7.779350757598877
2019-01-25,7.151139259338379
2019-01-28,5.863305568695068
2019-01-29,6.009888648986816
2019-01-30,6.590984344482422
2019-01-31,6.512458324432373
2019-02-01,6.580512523651123
2019-02-04,6.360639572143555
2019-02-05,6.339698791503906
2019-02-06,5.9470672607421875
2019-02-07,5.84760046005249
2019-02-08,5.962773323059082
2019-02-11,5.873777389526367
2019-02-12,6.203587532043457
2019-02-13,6.2821149826049805
2019-02-14,6.355405330657959
2019-02-15,6.454871654510498
2019-02-19,6.381580829620361
2019-02-20,6.40252161026001
2019-02-21,6.297819137573242
2019-02-22,6.543868541717529
2019-02-25,6.570042610168457
2019-02-26,6.554339408874512
2019-02-27,6.538632869720459
2019-02-28,6.5333967208862305
2019-03-01,6.486282825469971
2019-03-04,6.501987457275391
2019-03-05,6.627630233764648
2019-03-06,6.538632869720459
2019-03-07,6.596220016479492
2019-03-08,6.590984344482422
2019-03-11,6.800387382507324
2019-03-12,6.831799030303955
2019-03-13,6.952205657958984
2019-03-14,6.884148597717285
2019-03-15,6.910325527191162
2019-03-18,6.952205657958984
2019-03-19,7.1720805168151855
2019-03-20,7.062142848968506
2019-03-21,7.046437740325928
2019-03-22,6.711392402648926
2019-03-25,6.732331275939941
2019-03-26,6.816093444824219
2019-03-27,6.632864475250244
2019-03-28,6.611924648284912
2019-03-29,6.837033271789551
2019-04-01,7.109258651733398
2019-04-02,7.051673412322998
2019-04-03,6.983615875244141
2019-04-04,7.051673412322998
2019-04-05,7.009792327880859
2019-04-08,7.234899997711182
2019-04-09,7.104024410247803
2019-04-10,7.098789215087891
2019-04-11,7.015026569366455
2019-04-12,6.931264877319336
2019-04-15,6.952205657958984
2019-04-16,7.104024410247803
2019-04-17,6.946971893310547
2019-04-18,6.973146438598633
2019-04-22,6.837033271789551
2019-04-23,6.894618511199951
2019-04-24,6.575279712677002
2019-04-25,6.6381001472473145
2019-04-26,6.711392402648926
2019-04-29,6.690451145172119
2019-04-30,6.690451145172119
2019-05-01,6.481046199798584
2019-05-02,6.470576286315918
2019-05-03,6.695687770843506
2019-05-06,6.554339408874512
2019-05-07,6.538632869720459
2019-05-08,6.507222652435303
2019-05-09,6.412991046905518
2019-05-10,6.528163433074951
2019-05-13,6.271642684936523
2019-05-14,6.303053855895996
2019-05-15,6.2821149826049805
2019-05-16,6.025594711303711
2019-05-17,6.067474842071533
2019-05-20,5.973243236541748
2019-05-21,6.130296230316162
2019-05-22,6.151236534118652
2019-05-23,6.172176361083984
2019-05-24,6.29258394241333
2019-05-28,6.491517543792725
2019-05-29,6.522928714752197
2019-05-30,6.559573173522949
2019-05-31,6.528163433074951
2019-06-03,6.5333967208862305
2019-06-04,6.617160320281982
2019-06-05,6.49675178527832
2019-06-06,6.559573173522949
2019-06-07,6.559573173522949
2019-06-10,6.501987457275391
2019-06-11,6.941736698150635
2019-06-12,6.92603063583374
2019-06-13,7.030732154846191
2019-06-14,6.868443965911865
2019-06-17,6.737566947937012
2019-06-18,7.046437740325928
2019-06-19,7.088319301605225
2019-06-20,7.177314758300781
2019-06-21,7.083083629608154
2019-06-24,7.140669822692871
2019-06-25,6.978381156921387
2019-06-26,7.03596830368042
2019-06-27,7.030732154846191
2019-06-28,7.03596830368042
2019-07-01,7.292486190795898
2019-07-02,6.95743989944458
2019-07-03,6.999321937561035
2019-07-05,6.868443965911865
2019-07-08,6.962676048278809
2019-07-09,6.994087219238281
2019-07-10,7.229664325714111
2019-07-11,7.245370864868164
2019-07-12,7.224431991577148
2019-07-15,7.329131603240967
2019-07-16,7.344836711883545
2019-07-17,7.302957534790039
2019-07-18,7.334369659423828
2019-07-19,7.35007381439209
2019-07-22,7.287252902984619
2019-07-23,7.166844844818115
2019-07-24,7.025496959686279
2019-07-25,6.941736698150635
2019-07-26,6.946971893310547
2019-07-29,6.931264877319336
2019-07-30,6.8893842697143555
2019-07-31,6.800387382507324
2019-08-01,6.554339408874512
2019-08-02,6.428697109222412
2019-08-05,6.051769733428955
2019-08-06,6.151236534118652
2019-08-07,6.093650817871094
2019-08-08,6.266409397125244
2019-08-09,6.046535968780518
2019-08-12,5.915657043457031
2019-08-13,6.125059604644775
2019-08-14,5.790015697479248
2019-08-15,5.742898941040039
2019-08-16,5.6957831382751465
2019-08-19,5.591080665588379
2019-08-20,5.648667335510254
2019-08-21,5.6853132247924805
2019-08-22,5.63819694519043
2019-08-23,5.4759087562561035
2019-08-26,5.381677150726318
2019-08-27,5.407852649688721
2019-08-28,5.460204124450684
2019-08-29,5.6120219230651855
2019-08-30,5.758603572845459
2019-09-03,5.711487770080566
2019-09-04,5.884246826171875
2019-09-05,5.931361198425293
2019-09-06,5.936596870422363
2019-09-09,6.077944755554199
2019-09-10,6.1407647132873535
2019-09-11,6.182648658752441
2019-09-12,6.3711113929748535
2019-09-13,6.360639572143555
2019-09-16,6.214057445526123
2019-09-17,6.245467662811279
2019-09-18,6.161706924438477
2019-09-19,6.062240123748779
2019-09-20,6.062240123748779
2019-09-23,6.004653453826904
2019-09-24,5.868542671203613
2019-09-25,6.004653453826904
2019-09-26,5.988948345184326
2019-09-27,5.983713150024414
2019-09-30,6.020359516143799
2019-10-01,5.994183540344238
2019-10-02,5.690548419952393
2019-10-03,5.790015697479248
2019-10-04,5.994183540344238
2019-10-07,5.884246826171875
2019-10-08,5.784780502319336
2019-10-09,5.816189765930176
2019-10-10,5.978477954864502
2019-10-11,6.182648658752441
2019-10-14,6.062240123748779
2019-10-15,5.988948345184326
2019-10-16,5.868542671203613
2019-10-17,5.84760046005249
2019-10-18,5.837131500244141
2019-10-21,5.957539081573486
2019-10-22,6.057004928588867
2019-10-23,6.0988850593566895
2019-10-24,6.025594711303711
2019-10-25,6.303053855895996
2019-10-28,6.40252161026001
2019-10-29,6.355405330657959
2019-10-30,6.350170612335205
2019-10-31,6.14600133895874
2019-11-01,6.355405330657959
2019-11-04,6.454871654510498
2019-11-05,6.481046199798584
2019-11-06,6.3711113929748535
2019-11-07,6.392050266265869
2019-11-08,6.161706924438477
2019-11-11,6.077944755554199
2019-11-12,6.020359516143799
2019-11-13,5.873777389526367
2019-11-14,5.863305568695068
2019-11-15,5.999417781829834
2019-11-18,5.915657043457031
2019-11-19,5.999417781829834
2019-11-20,5.894715309143066
2019-11-21,6.004653453826904
2019-11-22,6.2245283126831055
2019-11-25,6.297819137573242
2019-11-26,6.297819137573242
2019-11-27,6.214057445526123
2019-11-29,6.156471252441406
2019-12-02,6.355405330657959
2019-12-03,6.2821149826049805
2019-12-04,6.3344645500183105
2019-12-05,6.344934940338135
2019-12-06,6.486282825469971
2019-12-09,6.481046199798584
2019-12-10,6.4391679763793945
2019-12-11,6.585748672485352
2019-12-12,6.75850772857666
2019-12-13,6.837033271789551
2019-12-16,6.8893842697143555
2019-12-17,6.852739334106445
2019-12-18,6.84750509262085
2019-12-19,6.920795917510986
2019-12-20,6.946971893310547
2019-12-23,6.962676048278809
2019-12-24,7.051673412322998
2019-12-26,7.062142848968506
2019-12-27,7.103517055511475
2019-12-30,7.08739709854126
2019-12-31,7.092771530151367
2020-01-02,7.227105140686035
2020-01-03,7.141129970550537
2020-01-06,7.060531139373779
2020-01-07,7.108890533447266
2020-01-08,7.103517055511475
2020-01-09,6.979930877685547
2020-01-10,6.96918249130249
2020-01-13,7.157249927520752
2020-01-14,7.227105140686035
2020-01-15,7.125010013580322
2020-01-16,7.071278095245361
2020-01-17,7.323823928833008
2020-01-21,7.1196370124816895
2020-01-22,7.210984230041504
2020-01-23,7.146503925323486
2020-01-24,6.899332523345947
2020-01-27,6.447973251342773
2020-01-28,6.544691562652588
2020-01-29,6.421107292175293
2020-01-30,6.453347682952881
2020-01-31,6.30289363861084
2020-02-03,6.394240379333496
2020-02-04,6.571558952331543
2020-02-05,6.684398651123047
2020-02-06,6.662905693054199
2020-02-07,6.469466686248779
2020-02-10,6.233040809631348
2020-02-11,6.40498685836792
2020-02-12,6.512452602386475
2020-02-13,6.410360813140869
2020-02-14,6.378119945526123
2020-02-18,6.458719730377197
2020-02-19,6.47484016418457
2020-02-20,6.367372989654541
2020-02-21,6.136321544647217
2020-02-24,5.674215793609619
2020-02-25,5.539883136749268
2020-02-26,5.470030784606934
2020-02-27,5.330325126647949
2020-02-28,5.276590824127197
2020-03-02,5.51839017868042
2020-03-03,5.4915242195129395
2020-03-04,5.674215793609619
2020-03-05,5.437791347503662
2020-03-06,5.120765209197998
2020-03-09,4.282529354095459
2020-03-10,5.050912380218506
2020-03-11,4.567315578460693
2020-03-12,3.8472909927368164
2020-03-13,4.67478084564209
2020-03-16,4.244915962219238
2020-03-17,4.389995098114014
2020-03-18,3.976250410079956
2020-03-19,3.858036994934082
2020-03-20,3.7505714893341064
2020-03-23,3.5356390476226807
2020-03-24,4.029983043670654
2020-03-25,4.320141315460205
2020-03-26,4.470594882965088
2020-03-27,4.21267557144165
2020-03-30,4.320141315460205
2020-03-31,4.454474449157715
2020-04-01,4.379248142242432
2020-04-02,4.379248142242432
2020-04-03,4.072969913482666
2020-04-06,4.357755661010742
2020-04-07,4.502834320068359
2020-04-08,4.535074234008789
2020-04-09,4.567315578460693
2020-04-13,4.604926586151123
2020-04-14,4.615674018859863
2020-04-15,4.438354969024658
2020-04-16,4.368503093719482
2020-04-17,4.492087364196777
2020-04-20,4.293275356292725
2020-04-21,4.185809135437012
2020-04-22,4.282529354095459
2020-04-23,4.223422050476074
2020-04-24,4.121330261230469
2020-04-27,4.2341694831848145
2020-04-28,4.357755661010742
2020-04-29,4.707021236419678
2020-04-30,4.432981491088867
2020-05-01,4.287902355194092
2020-05-04,4.287902355194092
2020-05-05,4.196555137634277
2020-05-06,4.180436134338379
2020-05-07,4.261034965515137
2020-05-08,4.578060626983643
2020-05-11,4.422235012054443
2020-05-12,4.352382183074951
2020-05-13,4.3953680992126465
2020-05-14,4.427608013153076
2020-05-15,4.443728923797607
2020-05-18,4.841353416442871
2020-05-19,4.873591899871826
2020-05-20,4.981060028076172
2020-05-21,4.905833721160889
2020-05-22,4.8252339363098145
2020-05-26,4.895086288452148
2020-05-27,5.142258167266846
2020-05-28,5.002553462982178
2020-05-29,5.244352340698242
2020-06-01,5.287338733673096
2020-06-02,5.513016700744629
2020-06-03,5.679591178894043
2020-06-04,5.824668884277344
2020-06-05,5.932135105133057
2020-06-08,6.055722236633301
2020-06-09,6.02885627746582
2020-06-10,5.921388149261475
2020-06-11,5.507643699645996
2020-06-12,5.711829662322998
2020-06-15,5.701083183288574
2020-06-16,5.727949142456055
2020-06-17,5.770936012268066
2020-06-18,5.668843746185303
2020-06-19,5.539883136749268
2020-06-22,5.6204833984375
2020-06-23,5.803176403045654
2020-06-24,5.588243007659912
2020-06-25,5.674215793609619
2020-06-26,5.475404739379883
2020-06-29,5.48615026473999
2020-06-30,5.539883136749268
2020-07-01,5.523764133453369
2020-07-02,5.593616962432861
2020-07-06,5.695710182189941
2020-07-07,5.625856399536133
2020-07-08,5.78168249130249
2020-07-09,5.711829662322998
2020-07-10,5.7978034019470215
2020-07-13,5.7924299240112305
2020-07-14,6.233040809631348
2020-07-15,6.200800895690918
2020-07-16,6.061094760894775
2020-07-17,6.07721471786499
2020-07-20,6.147068500518799
2020-07-21,6.1578145027160645
2020-07-22,6.222293853759766
2020-07-23,6.066468238830566
2020-07-24,6.050347328186035
2020-07-27,6.399613857269287
2020-07-28,6.308265686035156
2020-07-29,6.496333122253418
2020-07-30,6.367372989654541
2020-07-31,6.254534721374512
2020-08-03,6.136321544647217
2020-08-04,6.173933982849121
2020-08-05,6.319013595581055
2020-08-06,6.195427417755127
2020-08-07,5.9966139793396
2020-08-10,6.104081630706787
2020-08-11,6.001988887786865
2020-08-12,6.07721471786499
2020-08-13,6.061094760894775
2020-08-14,6.087960720062256
2020-08-17,6.104081630706787
2020-08-18,6.233040809631348
2020-08-19,6.082587718963623
2020-08-20,6.114828586578369
2020-08-21,5.953628063201904
2020-08-24,6.071840763092041
2020-08-25,6.02885627746582
2020-08-26,5.937508583068848
2020-08-27,5.873030662536621
2020-08-28,6.071840763092041
2020-08-31,5.910643100738525
2020-09-01,6.179308891296387
2020-09-02,6.141696453094482
2020-09-03,6.0396013259887695
2020-09-04,6.114828586578369
2020-09-08,5.932135105133057
2020-09-09,6.082587718963623
2020-09-10,5.953628063201904
2020-09-11,6.270654678344727
2020-09-14,6.31364107131958
2020-09-15,6.36199951171875
2020-09-16,6.227667331695557
2020-09-17,6.383493423461914
2020-09-18,6.1846818923950195
2020-09-21,5.980494976043701
2020-09-22,5.962003707885742
2020-09-23,5.9676079750061035
2020-09-24,5.995624542236328
2020-09-25,6.018037796020508
2020-09-28,5.877953052520752
2020-09-29,5.833125114440918
2020-09-30,5.928383827209473
2020-10-01,5.833125114440918
2020-10-02,5.821918964385986
2020-10-05,6.0236406326293945
2020-10-06,5.883556365966797
2020-10-07,6.0236406326293945
2020-10-08,6.191742897033691
2020-10-09,6.270190238952637
2020-10-12,6.2870001792907715
2020-10-13,6.281398296356201
2020-10-14,6.354240417480469
2020-10-15,6.264587879180908
2020-10-16,6.214155673980713
2020-10-19,6.236569881439209
2020-10-20,6.214155673980713
2020-10-21,6.309413909912109
2020-10-22,6.3318281173706055
2020-10-23,6.337430953979492
2020-10-26,6.242175102233887
2020-10-27,6.186140060424805
2020-10-28,5.900367259979248
2020-10-29,6.034848690032959
2020-10-30,5.922779560089111
2020-11-02,6.00683069229126
2020-11-03,6.1581220626831055
2020-11-04,6.074071884155273
2020-11-05,6.34863805770874
2020-11-06,6.595187664031982
2020-11-09,6.611997127532959
2020-11-10,6.572772979736328
2020-11-11,6.634410858154297
2020-11-12,6.438292026519775
2020-11-13,6.54475736618042
2020-11-16,6.75768518447876
2020-11-17,7.037853717803955
2020-11-18,6.948200225830078
2020-11-19,7.1499223709106445
2020-11-20,7.105095386505127
2020-11-23,7.390867710113525
2020-11-24,7.850345611572266
2020-11-25,8.01284408569336
2020-11-27,8.253789901733398
2020-11-30,8.158533096313477
2020-12-01,8.76369857788086
2020-12-02,8.589994430541992
2020-12-03,8.59559440612793
2020-12-04,8.993436813354492
2020-12-07,9.122315406799316
2020-12-08,9.071885108947754
2020-12-09,9.015851974487305
2020-12-10,9.525757789611816
2020-12-11,9.447312355041504
2020-12-14,9.223176002502441
2020-12-15,9.340849876403809
2020-12-16,9.492138862609863
2020-12-17,9.65463638305664
2020-12-18,9.733084678649902
2020-12-21,9.525757789611816
2020-12-22,9.413691520690918
2020-12-23,9.430500984191895
2020-12-24,9.464119911193848
2020-12-28,9.374467849731445
2020-12-29,9.436105728149414
2020-12-30,9.49774169921875
2020-12-31,9.391277313232422
2021-01-04,9.749894142150879
2021-01-05,9.912393569946289
2021-01-06,10.175750732421875
2021-01-07,10.607213020324707
2021-01-08,10.601608276367188
2021-01-11,10.42790412902832
2021-01-12,10.483936309814453
2021-01-13,10.170148849487305
2021-01-14,10.61281681060791
2021-01-15,9.884374618530273
2021-01-19,9.867565155029297
2021-01-20,9.777912139892578
2021-01-21,9.789116859436035
2021-01-22,9.643427848815918
2021-01-25,9.49774169921875
2021-01-26,9.621015548706055
2021-01-27,9.251192092895508
2021-01-28,9.385672569274902
2021-01-29,9.049469947814941
2021-02-01,9.380069732666016
2021-02-02,9.17834758758545
2021-02-03,9.464119911193848
2021-02-04,9.245589256286621
2021-02-05,9.671446800231934
2021-02-08,9.889978408813477
2021-02-09,9.884374618530273
2021-02-10,9.889978408813477
2021-02-11,9.733084678649902
2021-02-12,9.805926322937012
2021-02-16,10.102909088134766
2021-02-17,10.013251304626465
2021-02-18,10.07489013671875
2021-02-19,10.209372520446777
2021-02-22,9.822738647460938
2021-02-23,10.030062675476074
2021-02-24,10.114115715026855
2021-02-25,9.749894142150879
2021-02-26,9.469725608825684
2021-03-01,9.822738647460938
2021-03-02,10.058080673217773
2021-03-03,10.0188570022583
2021-03-04,9.805926322937012
2021-03-05,10.396051406860352
2021-03-08,10.09132194519043
2021-03-09,9.968254089355469
2021-03-10,10.09132194519043
2021-03-11,10.560138702392578
2021-03-12,10.325730323791504
2021-03-15,10.103039741516113
2021-03-16,10.07374095916748
2021-03-17,10.290569305419922
2021-03-18,10.126483917236328
2021-03-19,10.108901977539062
2021-03-22,9.968254089355469
2021-03-23,9.716265678405762
2021-03-24,9.780730247497559
2021-03-25,9.5756196975708
2021-03-26,9.810029983520508
2021-03-29,9.93895435333252
2021-03-30,9.974116325378418
2021-03-31,10.185086250305176
2021-04-01,10.032719612121582
2021-04-05,10.712505340576172
2021-04-06,10.730084419250488
2021-04-07,10.929332733154297
2021-04-08,11.034818649291992
2021-04-09,10.67734432220459
2021-04-12,10.60116195678711
2021-04-13,10.659762382507324
2021-04-14,11.081700325012207
2021-04-15,11.310247421264648
2021-04-16,11.445035934448242
2021-04-19,11.386432647705078
2021-04-20,11.228204727172852
2021-04-21,11.380572319030762
2021-04-22,11.398153305053711
2021-04-23,11.521218299865723
2021-04-26,11.691163063049316
2021-04-27,11.896271705627441
2021-04-28,12.28304672241211
2021-04-29,12.341650009155273
2021-04-30,11.790788650512695
2021-05-03,11.773207664489746
2021-05-04,11.94315242767334
2021-05-05,12.148261070251465
2021-05-06,12.804609298706055
2021-05-07,12.939393043518066
2021-05-10,12.92181396484375
2021-05-11,13.308588027954102
2021-05-12,12.699126243591309
2021-05-13,12.464713096618652
2021-05-14,12.324068069458008
2021-05-17,12.652241706848145
2021-05-18,12.833910942077637
2021-05-19,12.370953559875488
2021-05-20,12.347509384155273
2021-05-21,11.984174728393555
2021-05-24,12.077939987182617
2021-05-25,11.802508354187012
2021-05-26,12.130680084228516
2021-05-27,12.388528823852539
2021-05-28,12.611222267150879
2021-06-01,13.009716033935547
2021-06-02,13.285148620605469
2021-06-03,13.126921653747559
2021-06-04,13.156225204467773
2021-06-07,13.056598663330078
2021-06-08,12.822189331054688
2021-06-09,12.980415344238281
2021-06-10,13.027297973632812
2021-06-11,13.126921653747559
2021-06-14,13.203104972839355
2021-06-15,12.974554061889648
2021-06-16,12.593640327453613
2021-06-17,12.353371620178223
2021-06-18,12.605360984802246
2021-06-21,12.892513275146484
2021-06-22,13.19138240814209
2021-06-23,13.361331939697266
2021-06-24,13.526226043701172
2021-06-25,13.550122261047363
2021-06-28,13.400760650634766
2021-06-29,13.621818542480469
2021-06-30,13.627790451049805
2021-07-01,13.209579467773438
2021-07-02,13.430634498596191
2021-07-06,13.119963645935059
2021-07-07,13.102039337158203
2021-07-08,13.000471115112305
2021-07-09,13.394789695739746
2021-07-12,13.335042953491211
2021-07-13,13.38283920288086
2021-07-14,13.53817367553711
2021-07-15,13.466483116149902
2021-07-16,13.185681343078613
2021-07-19,12.755516052246094
2021-07-20,12.922802925109863
2021-07-21,13.173733711242676
2021-07-22,13.108014106750488
2021-07-23,13.113987922668457
2021-07-26,13.466483116149902
2021-07-27,13.245426177978516
2021-07-28,13.705463409423828
2021-07-29,13.663639068603516
2021-07-30,12.558362007141113
2021-08-02,12.671875953674316
2021-08-03,12.98852252960205
2021-08-04,12.95865249633789
2021-08-05,12.53446102142334
2021-08-06,12.510564804077148
2021-08-09,12.45081901550293
2021-08-10,12.642001152038574
2021-08-11,12.56433391571045
2021-08-12,12.474717140197754
2021-08-13,12.331330299377441
2021-08-16,12.32535457611084
2021-08-17,12.146121978759766
2021-08-18,11.536725044250488
2021-08-19,10.789912223815918
2021-08-20,10.8914794921875
2021-08-23,10.700295448303223
2021-08-24,11.303719520568848
2021-08-25,11.399310111999512
2021-08-26,11.214102745056152
2021-08-27,11.614389419555664
2021-08-30,11.54269790649414
2021-08-31,11.393335342407227
2021-09-01,11.399310111999512
2021-09-02,11.393335342407227
2021-09-03,11.399310111999512
2021-09-07,11.178252220153809
2021-09-08,10.742117881774902
2021-09-09,10.783940315246582
2021-09-10,10.771991729736328
2021-09-13,10.807838439941406
2021-09-14,10.652501106262207
2021-09-15,10.527036666870117
2021-09-16,9.989333152770996
2021-09-17,9.744379043579102
2021-09-20,9.356037139892578
2021-09-21,9.487475395202637
2021-09-22,9.810098648071289
2021-09-23,9.783032417297363
2021-09-24,9.565193176269531
2021-09-27,9.598197937011719
2021-09-28,9.10970687866211
2021-09-29,9.221927642822266
2021-09-30,9.208725929260254
2021-10-01,9.373757362365723
2021-10-04,9.169118881225586
2021-10-05,9.070100784301758
2021-10-06,9.26813793182373
2021-10-07,9.545389175415039
2021-10-08,9.618002891540527
2021-10-11,9.736825942993164
2021-10-12,9.69721794128418
2021-10-13,9.518983840942383
2021-10-14,9.545389175415039
2021-10-15,9.756628036499023
2021-10-18,9.637807846069336
2021-10-19,9.380358695983887
2021-10-20,9.142714500427246
2021-10-21,8.806050300598145
2021-10-22,8.924873352050781
2021-10-25,9.17572021484375
2021-10-26,9.103106498718262
2021-10-27,8.891867637634277
2021-10-28,8.71363353729248
2021-10-29,8.403375625610352
2021-11-01,8.50239372253418
2021-11-02,8.126123428344727
2021-11-03,7.954491138458252
2021-11-04,7.782859802246094
2021-11-05,7.664036750793457
2021-11-08,8.073312759399414
2021-11-09,7.994100093841553
2021-11-10,7.908281326293945
2021-11-11,8.350565910339355
2021-11-12,8.284551620483398
2021-11-15,8.139326095581055
2021-11-16,7.994100093841553
2021-11-17,7.796060562133789
2021-11-18,7.43959379196167
2021-11-19,7.558416843414307
2021-11-22,8.079916000366211
2021-11-23,8.244946479797363
2021-11-24,8.390172958374023
2021-11-26,8.165731430053711
2021-11-29,8.21193790435791
2021-11-30,8.165731430053711
2021-12-01,8.086516380310059
2021-12-02,8.575006484985352
2021-12-03,8.403375625610352
2021-12-06,8.839055061340332
2021-12-07,8.990884780883789
2021-12-08,9.037093162536621
2021-12-09,8.911670684814453
2021-12-10,8.924873352050781
2021-12-13,9.083301544189453
2021-12-14,9.017290115356445
2021-12-15,8.997486114501953
2021-12-16,9.347352027893066
2021-12-17,9.241734504699707
2021-12-20,9.030491828918457
2021-12-21,9.254935264587402
2021-12-22,9.320945739746094
2021-12-23,9.182320594787598
2021-12-27,9.274738311767578
2021-12-28,8.977683067321777
2021-12-29,8.931473731994629
2021-12-30,9.294540405273438
2021-12-31,9.254935264587402
2022-01-03,9.11630916595459
2022-01-04,8.94467544555664
2022-01-05,9.017290115356445
2022-01-06,9.248333930969238
2022-01-07,9.776432037353516
2022-01-10,9.67081356048584
2022-01-11,10.060286521911621
2022-01-12,10.264923095703125
2022-01-13,10.099893569946289
2022-01-14,10.152703285217285
2022-01-18,10.238520622253418
2022-01-19,10.680801391601562
2022-01-20,10.555379867553711
2022-01-21,10.297930717468262
2022-01-24,10.10649299621582
2022-01-25,10.218714714050293
2022-01-26,10.25172233581543
2022-01-27,10.278124809265137
2022-01-28,10.2847261428833
2022-01-31,10.02067756652832
2022-02-01,10.680801391601562
2022-02-02,10.793023109436035
2022-02-03,10.660999298095703
2022-02-04,10.925046920776367
2022-02-07,11.334324836730957
2022-02-08,11.50595760345459
2022-02-09,11.55876636505127
2022-02-10,11.783208847045898
2022-02-11,11.578571319580078
2022-02-14,11.545563697814941
2022-02-15,11.314520835876465
2022-02-16,11.512558937072754
2022-02-17,10.958053588867188
2022-02-18,10.984457969665527
2022-02-22,11.340926170349121
2022-02-23,11.400337219238281
2022-02-24,11.268311500549316
2022-02-25,11.763404846191406
2022-02-28,12.205687522888184
2022-03-01,12.449933052062988
2022-03-02,12.85261058807373
2022-03-03,13.096855163574219
2022-03-04,13.301491737365723
2022-03-07,13.598548889160156
2022-03-08,13.083653450012207
2022-03-09,12.82670783996582
2022-03-10,13.23096752166748
2022-03-11,13.066522598266602
2022-03-14,12.196334838867188
2022-03-15,11.812629699707031
2022-03-16,12.16207504272461
2022-03-17,12.813004493713379
2022-03-18,13.059670448303223
2022-03-21,13.66263484954834
2022-03-22,13.402263641357422
2022-03-23,13.655783653259277
2022-03-24,13.717449188232422
2022-03-25,13.66263484954834
2022-03-28,13.683191299438477
2022-03-29,13.669487953186035
2022-03-30,13.7243013381958
2022-03-31,13.696895599365234
2022-04-01,14.272452354431152
2022-04-04,14.546527862548828
2022-04-05,13.929856300354004
2022-04-06,14.032636642456055
2022-04-07,14.032636642456055
2022-04-08,13.772266387939453
2022-04-11,13.710598945617676
2022-04-12,13.655783653259277
2022-04-13,13.642078399658203
2022-04-14,13.347447395324707
2022-04-18,13.244670867919922
2022-04-19,12.847261428833008
2022-04-20,12.641705513000488
2022-04-21,12.09355640411377
2022-04-22,11.44262981414795
2022-04-25,11.08633041381836
2022-04-26,10.695775032043457
2022-04-27,11.23707103729248
2022-04-28,11.648184776306152
2022-04-29,11.572813034057617
2022-05-02,11.230220794677734
2022-05-03,11.401516914367676
2022-05-04,11.374109268188477
2022-05-05,10.969850540161133
2022-05-06,10.771143913269043
2022-05-09,10.147624015808105
2022-05-10,10.07225513458252
2022-05-11,10.442255020141602
2022-05-12,10.380587577819824
2022-05-13,10.56558895111084
2022-05-16,10.85336685180664
2022-05-17,11.038369178771973
2022-05-18,10.70262622833252
2022-05-19,11.113738059997559
2022-05-20,11.456332206726074
2022-05-23,11.792072296142578
2022-05-24,11.942814826965332
2022-05-25,11.983926773071289
2022-05-26,12.072999954223633
2022-05-27,12.395039558410645
2022-05-31,12.367630958557129
2022-06-01,12.566336631774902
2022-06-02,12.888372421264648
2022-06-03,12.703374862670898
2022-06-06,12.703374862670898
2022-06-07,12.7787446975708
2022-06-08,12.258000373840332
2022-06-09,11.709851264953613
2022-06-10,11.552257537841797
2022-06-13,10.887627601623535
2022-06-14,10.846515655517578
2022-06-15,11.141146659851074
2022-06-16,10.634108543395996
2022-06-17,10.229846000671387
2022-06-21,10.085957527160645
2022-06-22,9.92151165008545
2022-06-23,9.537808418273926
2022-06-24,9.729660034179688
2022-06-27,10.195588111877441
2022-06-28,10.29151439666748
2022-06-29,10.407994270324707
2022-06-30,10.0242919921875
2022-07-01,9.695399284362793
2022-07-05,9.448732376098633
2022-07-06,9.448732376098633
2022-07-07,9.928365707397461
2022-07-08,9.763919830322266
2022-07-11,9.250028610229492
2022-07-12,9.167805671691895
2022-07-13,9.22262191772461
2022-07-14,8.557990074157715
2022-07-15,8.667619705200195
2022-07-18,8.701879501342773
2022-07-19,8.701879501342773
2022-07-20,8.516879081726074
2022-07-21,8.571694374084473
2022-07-22,8.626508712768555
2022-07-25,9.010214805603027
2022-07-26,9.003362655639648
2022-07-27,9.236324310302734
2022-07-28,9.359659194946289
2022-07-29,9.22262191772461
2022-08-01,9.003362655639648
2022-08-02,9.167805671691895
2022-08-03,8.770398139953613
2022-08-04,8.811508178710938
2022-08-05,9.044472694396973
2022-08-08,9.154102325439453
2022-08-09,9.332249641418457
2022-08-10,9.428177833557129
2022-08-11,9.59947395324707
2022-08-12,9.799057960510254
2022-08-15,9.662158966064453
2022-08-16,9.784647941589355
2022-08-17,9.51805591583252
2022-08-18,9.438798904418945
2022-08-19,9.280284881591797
2022-08-22,9.201027870178223
2022-08-23,9.91434097290039
2022-08-24,9.590108871459961
2022-08-25,9.755825996398926
2022-08-26,9.690978050231934
2022-08-29,9.546875953674316
2022-08-30,9.100153923034668
2022-08-31,8.948843955993652
2022-09-01,8.754304885864258
2022-09-02,8.768716812133789
2022-09-06,8.747099876403809
2022-09-07,8.840767860412598
2022-09-08,8.891203880310059
2022-09-09,9.734211921691895
2022-09-12,9.928751945495605
2022-09-13,9.474825859069824
2022-09-14,9.309104919433594
2022-09-15,9.402772903442383
2022-09-16,9.352335929870605
2022-09-19,9.799057960510254
2022-09-20,9.654953956604004
2022-09-21,9.460413932800293
2022-09-22,9.827879905700684
2022-09-23,9.395567893981934
2022-09-26,9.071333885192871
2022-09-27,9.042512893676758
2022-09-28,9.201027870178223
2022-09-29,9.121770858764648
2022-09-30,9.597311973571777
2022-10-03,10.267394065856934
2022-10-04,10.5483980178833
2022-10-05,10.663680076599121
2022-10-06,10.454730987548828
2022-10-07,10.389884948730469
2022-10-10,10.15211296081543
2022-10-11,9.979187965393066
2022-10-12,9.842289924621582
2022-10-13,9.849494934082031
2022-10-14,9.417182922363281
2022-10-17,9.568492889404297
2022-10-18,9.827879905700684
2022-10-19,9.690978050231934
2022-10-20,9.899930000305176
2022-10-21,10.325037956237793
2022-10-24,9.727005958557129
2022-10-25,9.763032913208008
2022-10-26,9.899930000305176
2022-10-27,9.633338928222656
2022-10-28,9.10736083984375
2022-10-31,9.323514938354492
2022-11-01,9.676570892333984
2022-11-02,9.201027870178223
2022-11-03,9.446002960205078
2022-11-04,10.368268013000488
2022-11-07,10.015213012695312
2022-11-08,10.389884948730469
2022-11-09,10.137701034545898
2022-11-10,9.979187965393066
2022-11-11,11.132018089294434
2022-11-14,11.319352149963379
2022-11-15,11.39140510559082
2022-11-16,10.966300010681152
2022-11-17,11.045554161071777
2022-11-18,10.858222007751465
2022-11-21,10.836605072021484
2022-11-22,10.728528022766113
2022-11-23,10.894246101379395
2022-11-25,10.894246101379395
2022-11-28,10.930272102355957
2022-11-29,11.593149185180664
2022-11-30,11.888565063476562
2022-12-01,11.989435195922852
2022-12-02,12.047077178955078
2022-12-05,11.8597412109375
2022-12-06,12.075899124145508
2022-12-07,11.65079116821289
2022-12-08,11.838125228881836
2022-12-09,12.205591201782227
2022-12-12,11.694022178649902
2022-12-13,11.69836139678955
2022-12-14,11.864655494689941
2022-12-15,11.857423782348633
2022-12-16,11.618829727172852
2022-12-19,11.640520095825195
2022-12-20,11.886344909667969
2022-12-21,11.994796752929688
2022-12-22,11.958645820617676
2022-12-23,12.067097663879395
2022-12-27,12.204468727111816
2022-12-28,12.233390808105469
2022-12-29,12.204468727111816
2022-12-30,12.269540786743164
2023-01-03,11.821273803710938
2023-01-04,11.965875625610352
2023-01-05,12.356301307678223
2023-01-06,12.768420219421387
2023-01-09,12.66719913482666
2023-01-10,12.985323905944824
2023-01-11,12.941944122314453
2023-01-12,13.288990020751953
2023-01-13,13.325140953063965
2023-01-17,13.014245986938477
2023-01-18,13.050396919250488
2023-01-19,13.064854621887207
2023-01-20,13.101009368896484
2023-01-23,13.108235359191895
2023-01-24,13.390214920043945
2023-01-25,13.672187805175781
2023-01-26,13.954163551330566
2023-01-27,13.491435050964355
2023-01-30,13.38298225402832
2023-01-31,13.505895614624023
2023-02-01,13.339601516723633
2023-02-02,12.768420219421387
2023-02-03,12.522597312927246
2023-02-06,12.262310981750488
2023-02-07,12.255082130432129
2023-02-08,12.255082130432129
2023-02-09,12.11771011352539
2023-02-10,11.97310733795166
2023-02-13,12.088787078857422
2023-02-14,12.12493896484375
2023-02-15,12.327380180358887
2023-02-16,12.356301307678223
2023-02-17,12.305694580078125
2023-02-21,12.320154190063477
2023-02-22,12.22616195678711
2023-02-23,12.233390808105469
2023-02-24,11.806812286376953
2023-02-27,11.78512191772461
2023-02-28,11.814043045043945
2023-03-01,12.522597312927246
2023-03-02,12.363534927368164
2023-03-03,12.37076473236084
2023-03-06,12.067097663879395
2023-03-07,11.799582481384277
2023-03-08,12.088787078857422
2023-03-09,11.908034324645996
2023-03-10,11.712821960449219
2023-03-13,11.618829727172852
2023-03-14,11.784431457519531
2023-03-15,11.399996757507324
2023-03-16,11.525677680969238
2023-03-17,11.673537254333496
2023-03-20,11.725289344787598
2023-03-21,11.621787071228027
2023-03-22,11.488713264465332
2023-03-23,11.052525520324707
2023-03-24,11.052525520324707
2023-03-27,11.06731128692627
2023-03-28,11.296494483947754
2023-03-29,11.540462493896484
2023-03-30,11.784431457519531
2023-03-31,11.666145324707031
2023-04-03,11.643964767456055
2023-04-04,11.274314880371094
2023-04-05,11.222565650939941
2023-04-06,11.163420677185059
2023-04-10,11.363031387329102
2023-04-11,12.139294624328613
2023-04-12,12.00622272491455
2023-04-13,11.865754127502441
2023-04-14,11.79921817779541
2023-04-17,11.59221363067627
2023-04-18,11.658751487731934
2023-04-19,11.06731128692627
2023-04-20,10.882487297058105
2023-04-21,10.549802780151367
2023-04-24,10.453693389892578
2023-04-25,10.172760009765625
2023-04-26,10.268869400024414
2023-04-27,10.594160079956055
2023-04-28,10.653304100036621
2023-05-01,10.498051643371582
2023-05-02,10.180154800415039
2023-05-03,10.194939613342285
2023-05-04,9.877039909362793
2023-05-05,10.276261329650879
2023-05-08,10.276261329650879
2023-05-09,10.424120903015137
2023-05-10,10.350191116333008
2023-05-11,10.135793685913086
2023-05-12,10.187545776367188
2023-05-15,10.40933609008789
2023-05-16,10.12100887298584
2023-05-17,10.46847915649414
2023-05-18,10.416728973388672
2023-05-19,10.246689796447754
2023-05-22,10.12100887298584
2023-05-23,9.869647026062012
2023-05-24,9.69960880279541
2023-05-25,9.514782905578613
2023-05-26,9.803110122680664
2023-05-30,9.433460235595703
2023-05-31,9.374316215515137
2023-06-01,9.640464782714844
2023-06-02,10.113615036010742
2023-06-05,10.061864852905273
2023-06-06,10.157974243164062
2023-06-07,10.30583381652832
2023-06-08,10.416728973388672
2023-06-09,10.37976360321045
2023-06-12,10.180154800415039
2023-06-13,10.276261329650879
2023-06-14,10.535017013549805
2023-06-15,10.697662353515625
2023-06-16,10.675481796264648
2023-06-20,10.38715648651123
2023-06-21,10.335404396057129
2023-06-22,10.283655166625977
2023-06-23,10.128401756286621
2023-06-26,10.194939613342285
2023-06-27,10.283655166625977
2023-06-28,9.854860305786133
2023-06-29,9.995327949523926
2023-06-30,9.921399116516113
2023-07-03,10.172760009765625
2023-07-05,9.899219512939453
2023-07-06,9.736574172973633
2023-07-07,9.906612396240234
2023-07-10,9.766145706176758
2023-07-11,10.1431884765625
2023-07-12,10.298440933227539
2023-07-13,10.601554870605469
2023-07-14,10.56458854675293
2023-07-17,10.401942253112793
2023-07-18,10.372369766235352
2023-07-19,10.38715648651123
2023-07-20,10.38715648651123
2023-07-21,10.490657806396484
2023-07-24,10.875094413757324
2023-07-25,11.21517276763916
2023-07-26,11.163420677185059
2023-07-27,10.934237480163574
2023-07-28,10.52762222290039
2023-07-31,10.815950393676758
2023-08-01,10.46108627319336
2023-08-02,10.276261329650879
2023-08-03,10.202332496643066
2023-08-04,10.22451114654541
2023-08-07,10.254081726074219
2023-08-08,10.165367126464844
2023-08-09,10.054471969604492
2023-08-10,9.980542182922363
2023-08-11,9.847467422485352
2023-08-14,9.508899688720703
2023-08-15,9.356391906738281
2023-08-16,9.36401653289795
2023-08-17,9.447896957397461
2023-08-18,9.386894226074219
2023-08-21,9.379267692565918
2023-08-22,9.676658630371094
2023-08-23,9.89017105102539
2023-08-24,9.707160949707031
2023-08-25,9.7147855758667
2023-08-28,9.852043151855469
2023-08-29,10.164685249328613
2023-08-30,10.164685249328613
2023-08-31,10.042679786682129
2023-09-01,10.667963981628418
2023-09-05,10.584084510803223
2023-09-06,10.385824203491211
2023-09-07,10.050304412841797
2023-09-08,10.149435043334961
2023-09-11,10.439200401306152
2023-09-12,10.370573043823242
2023-09-13,10.446825981140137
2023-09-14,10.980605125427246
2023-09-15,10.919602394104004
2023-09-18,10.759469032287598
2023-09-19,10.76709270477295
2023-09-20,10.828097343444824
2023-09-21,10.408700942993164
2023-09-22,10.484952926635742
2023-09-25,10.218064308166504
2023-09-26,9.989300727844238
2023-09-27,9.905420303344727
2023-09-28,10.088432312011719
2023-09-29,10.218064308166504
2023-10-02,10.080806732177734
2023-10-03,9.821541786193848
2023-10-04,9.730036735534668
2023-10-05,9.74528694152832
2023-10-06,9.897794723510742
2023-10-09,9.806290626525879
2023-10-10,10.065555572509766
2023-10-11,10.19518756866455
2023-10-12,9.989300727844238
2023-10-13,9.981677055358887
2023-10-16,10.179937362670898
2023-10-17,10.263816833496094
2023-10-18,9.8367919921875
2023-10-19,9.730036735534668
2023-10-20,9.463146209716797
2023-10-23,9.486021995544434
2023-10-24,9.79103946685791
2023-10-25,9.699535369873047
2023-10-26,9.935922622680664
2023-10-27,10.28669261932373
2023-10-30,10.309569358825684
2023-10-31,10.454451560974121
2023-11-01,10.820470809936523
2023-11-02,11.049235343933105
2023-11-03,11.07973575592041
2023-11-06,11.140740394592285
2023-11-07,10.911977767944336
2023-11-08,10.858597755432129
2023-11-09,10.86622428894043
2023-11-10,11.12548828125
2023-11-13,11.03398323059082
2023-11-14,11.560137748718262
2023-11-15,11.491509437561035
2023-11-16,11.590639114379883
2023-11-17,11.54488754272461
2023-11-20,11.933782577514648
2023-11-21,12.101543426513672
2023-11-22,11.951462745666504
2023-11-24,11.833599090576172
2023-11-27,11.700018882751465
2023-11-28,11.857171058654785
2023-11-29,11.739306449890137
2023-11-30,11.786452293395996
2023-12-01,12.077183723449707
2023-12-04,11.62929916381836
2023-12-05,11.566437721252441
2023-12-06,11.542864799499512
2023-12-07,11.652871131896973
2023-12-08,11.53500747680664
2023-12-11,11.6135835647583
2023-12-12,11.511435508728027
2023-12-13,11.660728454589844
2023-12-14,11.76287841796875
2023-12-15,11.755021095275879
2023-12-18,11.943605422973633
2023-12-19,12.069326400756836
2023-12-20,11.927888870239258
2023-12-21,12.39148998260498
2023-12-22,12.36791706085205
2023-12-26,12.517212867736816
2023-12-27,12.580073356628418
2023-12-28,12.4857816696167
2023-12-29,12.46220874786377
2024-01-02,12.344343185424805
2024-01-03,12.273626327514648
2024-01-04,12.124329566955566
2024-01-05,12.022180557250977
2024-01-08,11.998607635498047
2024-01-09,11.731449127197266
2024-01-10,11.605725288391113
2024-01-11,11.692159652709961
2024-01-12,11.605725288391113
2024-01-16,11.244275093078613
2024-01-17,11.047835350036621
2024-01-18,11.032118797302246
2024-01-19,10.843535423278809
2024-01-22,10.702098846435547
2024-01-23,11.024261474609375
2024-01-24,11.134269714355469
2024-01-25,10.88282299041748
2024-01-26,11.134269714355469
2024-01-29,10.992830276489258
2024-01-30,10.914254188537598
2024-01-31,10.757101058959961
2024-02-01,10.780674934387207
2024-02-02,10.44279670715332
2024-02-05,10.324932098388672
2024-02-06,10.537087440490723
2024-02-07,10.59994888305664
2024-02-08,10.427082061767578
2024-02-09,10.419221878051758
2024-02-12,10.552803039550781
2024-02-13,10.340645790100098
2024-02-14,10.411365509033203
2024-02-15,10.395650863647461
2024-02-16,10.709957122802734
2024-02-20,10.505658149719238
2024-02-21,10.552803039550781
2024-02-22,10.6156644821167
2024-02-23,10.584234237670898
2024-02-26,10.348505973815918
2024-02-27,10.702098846435547
2024-02-28,10.505658149719238
2024-02-29,10.537087440490723
2024-03-01,10.59994888305664
2024-03-04,10.560661315917969
2024-03-05,10.395650863647461
2024-03-06,10.584234237670898
2024-03-07,10.59994888305664
2024-03-08,10.364219665527344
2024-03-11,10.081345558166504
2024-03-12,10.01898193359375
2024-03-13,10.076419830322266
2024-03-14,9.93692684173584
2024-03-15,9.813843727111816
2024-03-18,9.9451322555542
2024-03-19,10.01898193359375
2024-03-20,10.158476829528809
2024-03-21,10.158476829528809
2024-03-22,9.994366645812988
2024-03-25,9.977953910827637
2024-03-26,9.863077163696289
2024-03-27,9.986160278320312
2024-03-28,10.002572059631348
2024-04-01,9.93692684173584
2024-04-02,10.068216323852539
2024-04-03,9.912309646606445
2024-04-04,9.781022071838379
2024-04-05,9.68255615234375
2024-04-08,10.256943702697754
2024-04-09,10.256943702697754
2024-04-10,9.969749450683594
2024-04-11,9.986160278320312
2024-04-12,9.863077163696289
2024-04-15,9.84666633605957
2024-04-16,9.575881958007812
2024-04-17,9.723583221435547
2024-04-18,9.715376853942871
2024-04-19,9.994366645812988
2024-04-22,10.01077651977539
2024-04-23,10.01898193359375
2024-04-24,10.15027141571045
2024-04-25,9.895899772644043
2024-04-26,10.076419830322266
2024-04-29,10.248738288879395
2024-04-30,9.986160278320312
2024-05-01,10.01077651977539
2024-05-02,10.273354530334473
2024-05-03,10.347204208374023
2024-05-06,10.330794334411621
2024-05-07,10.412848472595215
2024-05-08,10.29797077178955
2024-05-09,10.322588920593262
2024-05-10,10.207709312438965
2024-05-13,10.31438159942627
2024-05-14,10.306177139282227
2024-05-15,10.306177139282227
2024-05-16,10.388232231140137
2024-05-17,10.659015655517578
2024-05-20,10.601576805114746
2024-05-21,10.568756103515625
2024-05-22,10.380026817321777
2024-05-23,10.322588920593262
2024-05-24,10.33899974822998
2024-05-28,10.14206600189209
2024-05-29,9.953336715698242
2024-05-30,9.93692684173584
2024-05-31,9.887694358825684
2024-06-03,9.698966026306152
2024-06-04,9.469210624694824
2024-06-05,9.362539291381836
2024-06-06,9.534854888916016
2024-06-07,9.313305854797363
2024-06-10,9.354331970214844
2024-06-11,9.337921142578125
2024-06-12,9.124577522277832
2024-06-13,9.288687705993652
2024-06-14,9.23945426940918
2024-06-17,9.15739917755127
2024-06-18,9.173810005187988
2024-06-20,9.264071464538574
2024-06-21,9.231249809265137
2024-06-24,9.255865097045898
2024-06-25,9.108165740966797
2024-06-26,9.140987396240234
2024-06-27,9.15739917755127
2024-06-28,9.165605545043945
2024-07-01,9.190221786499023
2024-07-02,9.140987396240234
2024-07-03,9.526649475097656
2024-07-05,9.56767749786377
2024-07-08,9.419976234436035
2024-07-09,9.485621452331543
2024-07-10,9.411771774291992
2024-07-11,9.3461275100708
2024-07-12,9.452799797058105
2024-07-15,9.444594383239746
2024-07-16,9.428182601928711
2024-07-17,9.198427200317383
2024-07-18,8.976876258850098
2024-07-19,8.968672752380371
2024-07-22,8.960467338562012
2024-07-23,8.837383270263672
2024-07-24,8.755327224731445
2024-07-25,8.779943466186523
2024-07-26,8.911231994628906
2024-07-29,8.927644729614258
2024-07-30,8.771738052368164
2024-07-31,8.903026580810547
2024-08-01,8.599421501159668
2024-08-02,8.509160041809082
2024-08-05,8.467461585998535
2024-08-06,8.595111846923828
2024-08-07,8.612133026123047
2024-08-08,8.654682159423828
2024-08-09,8.739782333374023
2024-08-12,8.748291015625
2024-08-13,8.799351692199707
2024-08-14,8.646170616149902
2024-08-15,8.688720703125
2024-08-16,8.67170238494873
2024-08-19,8.944022178649902
2024-08-20,8.833392143249512
2024-08-21,9.054652214050293
2024-08-22,8.875941276550293
2024-08-23,8.884450912475586
2024-08-26,9.029122352600098
2024-08-27,9.267402648925781
2024-08-28,9.09720230102539
2024-08-29,8.978060722351074
2024-08-30,8.952532768249512
2024-09-03,8.510011672973633
2024-09-04,8.603620529174805
2024-09-05,8.714252471923828
2024-09-06,8.620641708374023
2024-09-09,8.629151344299316
2024-09-10,8.433420181274414
2024-09-11,8.697232246398926
2024-09-12,8.824881553649902
2024-09-13,8.944022178649902
2024-09-16,9.012102127075195
2024-09-17,9.003592491149902
2024-09-18,8.961042404174805
2024-09-19,9.15677261352539
2024-09-20,8.850411415100098
2024-09-23,8.850411415100098
2024-09-24,9.420583724975586
2024-09-25,9.497172355651855
2024-09-26,10.041814804077148
2024-09-27,10.033303260803223
2024-09-30,9.93969440460205
2024-10-01,9.973732948303223
2024-10-02,10.024792671203613
2024-10-03,9.769492149353027
2024-10-04,9.743963241577148
2024-10-07,9.803533554077148
2024-10-08,9.403562545776367
2024-10-09,9.284421920776367
2024-10-10,9.35250186920166
2024-10-11,9.429092407226562
2024-10-14,9.446112632751465
2024-10-15,9.18230152130127
2024-10-16,9.34399127960205
2024-10-17,9.139751434326172
2024-10-18,9.046142578125
2024-10-21,8.995081901550293
2024-10-22,9.03763198852539
2024-10-23,8.85892105102539
2024-10-24,8.927000999450684
2024-10-25,9.258893013000488
2024-10-28,9.369523048400879
2024-10-29,9.267402648925781
2024-10-30,9.199323654174805
2024-10-31,9.105711936950684
2024-11-01,9.020610809326172
2024-11-04,9.173791885375977
2024-11-05,9.199323654174805
2024-11-06,9.190813064575195
2024-11-07,9.539722442626953
2024-11-08,9.012102127075195
2024-11-11,8.697232246398926
2024-11-12,8.484482765197754
2024-11-13,8.416401863098145
2024-11-14,8.365342140197754
2024-11-15,8.348321914672852
2024-11-18,8.535540580749512
2024-11-19,8.527031898498535
2024-11-20,8.535540580749512
2024-11-21,8.475971221923828
2024-11-22,8.527031898498535
2024-11-25,8.569581985473633
2024-11-26,8.424910545349121
2024-11-27,8.399380683898926
2024-11-29,8.390870094299316
2024-12-02,8.331300735473633
2024-12-03,8.237691879272461
2024-12-04,8.093021392822266
2024-12-05,8.178119659423828
2024-12-06,7.9653706550598145
2024-12-09,8.38236141204834
2024-12-10,8.407891273498535
2024-12-11,8.365342140197754
2024-12-12,8.134282112121582
2024-12-13,7.953902721405029
2024-12-16,7.816470146179199
2024-12-17,7.893775463104248
2024-12-18,7.507247447967529
2024-12-19,7.541605472564697
2024-12-20,7.644679069519043
2024-12-23,7.679038047790527
2024-12-24,7.679038047790527
2024-12-26,7.696217060089111
2024-12-27,7.661859035491943
2024-12-30,7.610321044921875
2024-12-31,7.618910789489746
2025-01-02,7.627501010894775
2025-01-03,7.412761688232422
2025-01-06,7.404172420501709
2025-01-07,7.352636337280273
2025-01-08,7.301098823547363
2025-01-10,7.301098823547363
2025-01-13,7.309688568115234
2025-01-14,7.404172420501709
2025-01-15,7.524426460266113
2025-01-16,7.533016204833984
2025-01-17,7.679038047790527
2025-01-21,7.713396072387695
2025-01-22,7.618910789489746
2025-01-23,7.6360907554626465
2025-01-24,7.713396072387695
2025-01-27,7.868008136749268
2025-01-28,7.756343364715576
2025-01-29,7.790700912475586
2025-01-30,8.065567016601562
2025-01-31,7.979671478271484
2025-02-03,8.03979778289795
2025-02-04,8.099924087524414
2025-02-05,8.04838752746582
2025-02-06,8.254536628723145
2025-02-07,8.134282112121582
2025-02-10,8.211588859558105
2025-02-11,8.220178604125977
2025-02-12,8.211588859558105
2025-02-13,8.220178604125977
2025-02-14,8.383378982543945
2025-02-18,8.426326751708984
2025-02-19,8.36620044708252
2025-02-20,8.71837043762207
2025-02-21,8.684012413024902
2025-02-24,8.563759803771973
2025-02-25,8.49504280090332
2025-02-26,8.383378982543945
2025-02-27,8.27171516418457
2025-02-28,8.099924087524414
2025-03-03,8.065567016601562
2025-03-04,8.03979778289795
2025-03-05,8.331842422485352
2025-03-06,8.400558471679688
2025-03-07,8.503632545471191
2025-03-10,8.24746036529541
2025-03-11,8.390275001525879
2025-03-12,8.274238586425781
2025-03-13,8.408125877380371
2025-03-14,8.756234169006348
2025-03-17,8.997230529785156
2025-03-18,9.0864896774292
2025-03-19,9.095415115356445
2025-03-20,9.050786018371582
2025-03-21,8.988304138183594
2025-03-24,8.872268676757812
2025-03-25,9.006155967712402
2025-03-26,9.04185962677002
2025-03-27,9.077563285827637
2025-03-28,8.961526870727539
2025-03-31,8.90797233581543
2025-04-01,9.015082359313965
2025-04-02,9.006155967712402
2025-04-03,8.684825897216797
2025-04-04,8.104647636413574
2025-04-07,7.8815016746521
2025-04-08,7.372730731964111
2025-04-09,7.908278942108154
2025-04-10,7.9439826011657715
2025-04-11,8.229608535766602
2025-04-14,8.274238586425781
2025-04-15,8.149277687072754
2025-04-16,8.033242225646973
2025-04-17,8.131425857543945
2025-04-21,8.140351295471191
2025-04-22,8.425976753234863
2025-04-23,8.524161338806152
2025-04-24,8.702678680419922
2025-04-25,8.479533195495605
2025-04-28,8.568791389465332
2025-04-29,8.568791389465332
2025-04-30,8.309942245483398
2025-05-01,8.24746036529541
2025-05-02,8.363496780395508
2025-05-05,8.309942245483398
2025-05-06,8.309942245483398
2025-05-07,8.229608535766602
2025-05-08,8.301015853881836
2025-05-09,8.354571342468262
2025-05-12,8.568791389465332
2025-05-13,8.818714141845703
2025-05-14,8.738382339477539
2025-05-15,8.756234169006348
2025-05-16,8.747307777404785
2025-05-19,8.77408504486084
2025-05-20,8.729455947875977
2025-05-21,8.613419532775879
2025-05-22,8.550939559936523
2025-05-23,8.568791389465332
2025-05-27,8.515236854553223
2025-05-28,8.363496780395508
2025-05-29,8.425976753234863
2025-05-30,8.149277687072754
2025-06-02,8.274238586425781
2025-06-03,8.309942245483398
2025-06-04,8.345645904541016
2025-06-05,8.479533195495605
2025-06-06,8.470606803894043
2025-06-09,8.550939559936523
2025-06-10,8.622344970703125
2025-06-11,8.577716827392578
2025-06-12,8.515236854553223
2025-06-13,8.443829536437988
2025-06-16,8.765159606933594
2025-06-17,8.345645904541016
2025-06-18,8.301015853881836
2025-06-20,8.086796760559082
2025-06-23,8.193907737731934
2025-06-24,8.220684051513672
2025-06-25,8.086796760559082
2025-06-26,8.45275592803955
2025-06-27,8.69375228881836
2025-06-30,8.666975021362305
2025-07-01,8.765159606933594
2025-07-02,9.175745964050293
2025-07-03,9.1221923828125
2025-07-07,8.872268676757812
2025-07-08,8.916897773742676
2025-07-09,8.800862312316895
2025-07-10,8.890120506286621
2025-07-11,9.050786018371582
2025-07-14,8.836565017700195
2025-07-15,8.649123191833496
2025-07-16,8.729455947875977
2025-07-17,8.756234169006348
2025-07-18,8.72053050994873
2025-07-21,9.04185962677002
2025-07-22,9.25607967376709
2025-07-23,9.282856941223145
2025-07-24,9.131117820739746
2025-07-25,8.925824165344238
2025-07-28,8.783010482788086
2025-07-29,8.82763957977295
2025-07-30,8.59556770324707
2025-07-31,8.50631046295166
2025-08-01,8.666975021362305
2025-08-04,8.791936874389648
2025-08-05,8.809788703918457
2025-08-06,8.791936874389648
2025-08-07,8.916897773742676
2025-08-08,9.1221923828125
2025-08-11,9.104340553283691
2025-08-12,9.282856941223145
2025-08-13,9.307787895202637
2025-08-14,9.150811195373535
2025-08-15,9.160045623779297
2025-08-18,9.058473587036133
2025-08-19,8.966133117675781
2025-08-20,8.975367546081543
2025-08-21,9.058473587036133
2025-08-22,9.34472370147705
2025-08-25,9.390893936157227
2025-08-26,9.437064170837402
2025-08-27,9.464764595031738
2025-08-28,9.464764595031738
2025-08-29,9.49246597290039
2025-09-02,9.390893936157227
2025-09-03,9.42782974243164
2025-09-04,9.4739990234375
2025-09-05,9.603273391723633
2025-09-08,9.649442672729492
2025-09-09,9.557104110717773
2025-09-10,9.695612907409668
2025-09-11,9.815653800964355
2025-09-12,9.85258960723877
2025-09-15,10.000332832336426
2025-09-16,10.074203491210938
2025-09-17,10.046501159667969
2025-09-18,10.009565353393555
2025-09-19,10.028033256530762
2025-09-22,10.028033256530762
2025-09-23,10.111139297485352
2025-09-24,10.000332832336426
2025-09-25,10.05573558807373
2025-09-26,9.880290985107422
2025-09-29,9.926461219787598
2025-09-30,10.028033256530762
2025-10-01,10.138840675354004
2025-10-02,10.175777435302734
2025-10-03,10.166543006896973
2025-10-06,10.425091743469238
2025-10-07,10.194243431091309
2025-10-08,10.249648094177246
2025-10-09,10.18501091003418
2025-10-10,9.926461219787598
2025-10-13,10.166543006896973
2025-10-14,10.129607200622559
2025-10-15,10.314285278320312
2025-10-16,10.258881568908691
2025-10-17,10.249648094177246
2025-10-20,10.526664733886719
2025-10-21,10.406624794006348
2025-10-22,10.637473106384277
2025-10-23,10.58206844329834
2025-10-24,10.53589916229248
2025-10-27,10.58206844329834
2025-10-28,10.729811668395996
2025-10-29,10.923724174499512
2025-10-30,10.979126930236816
2025-10-31,11.16380500793457
2025-11-03,11.265378952026367
2025-11-04,11.025296211242676
2025-11-05,11.366951942443848
2025-11-06,11.29308032989502
2025-11-07,11.219208717346191
2025-11-10,11.357717514038086
2025-11-11,11.3946533203125
2025-11-12,11.523927688598633
2025-11-13,11.431589126586914
2025-11-14,11.357717514038086
2025-11-17,11.237676620483398
2025-11-18,11.237676620483398
2025-11-19,11.191507339477539
2025-11-20,11.006829261779785
2025-11-21,11.16380500793457
2025-11-24,11.16380500793457
2025-11-25,11.256144523620605
2025-11-26,11.551630020141602
2025-11-28,11.643969535827637
2025-12-01,11.717840194702148
2025-12-02,11.902519226074219
2025-12-03,12.281109809875488
2025-12-04,12.521191596984863
2025-12-05,11.911751747131348
2025-12-08,11.828648567199707
2025-12-09,11.819414138793945
2025-12-10,11.994857788085938
2025-12-11,12.271875381469727
2025-12-12,12.33798885345459
2025-12-15,12.415770530700684
2025-12-16,12.367156982421875
2025-12-17,12.43521499633789
2025-12-18,12.415770530700684
2025-12-19,12.367156982421875
2025-12-22,12.785228729248047
2025-12-23,12.843564987182617
2025-12-24,12.785228729248047
2025-12-26,12.863009452819824
2025-12-29,12.561609268188477
2025-12-30,12.736616134643555
2025-12-31,12.668557167053223
2026-01-02,12.892178535461426
2026-01-05,13.183856964111328
2026-01-06,13.776935577392578
2026-01-07,13.864439010620117
2026-01-08,13.679708480834961
2026-01-09,13.582483291625977
2026-01-12,13.514424324035645
2026-01-13,13.718599319458008
2026-01-14,14.204730033874512
2026-01-15,14.263065338134766
2026-01-16,14.204730033874512
2026-01-20,14.515853881835938
2026-01-21,15.138099670410156
2026-01-22,15.303384780883789
2026-01-23,15.731179237365723
2026-01-26,15.264493942260742
2026-01-27,15.983967781066895
2026-01-28,16.29509162902832
2026-01-29,16.4700984954834
2026-01-30,15.62423038482666
2026-02-02,15.692288398742676
2026-02-03,16.528432846069336
2026-02-04,16.557601928710938
2026-02-05,15.82840633392334
2026-02-06,15.84784984588623
2026-02-09,16.32425880432129
2026-02-10,16.275644302368164
2026-02-11,16.897891998291016
2026-02-12,16.567323684692383
2026-02-13,16.188140869140625
2026-02-17,15.458946228027344
2026-02-18,15.556172370910645
2026-02-19,15.653398513793945
2026-02-20,16.246477127075195
2026-02-23,16.450653076171875
2026-02-24,16.557601928710938
2026-02-25,17.043731689453125
2026-02-26,16.829833984375
2026-02-27,16.703439712524414
