Date,Parcel_MT,Spot,Forecast_Pt,CQR_P10,CQR_P90,Uncertainty_Width,Optimal_Decision_Point,Optimal_Decision_P10,Optimal_Decision_P90,Optimal_Decision_Actual,Decision_Flipped_Under_Uncertainty,Objective_Sensitivity_Spread_pmt,Downstream_Regret_pmt
2024-12-23,50000,6.25,6.6972,5.7301,11.8446,6.1146,V5_Supramax_Geared_Paradip,V5_Supramax_Geared_Paradip,V5_Supramax_Geared_Paradip,V5_Supramax_Geared_Paradip,0,6.1146,0.0
2024-12-23,75000,6.25,6.6972,5.7301,11.8446,6.1146,V4_Panamax_Standard_Paradip,V4_Panamax_Standard_Paradip,V4_Panamax_Standard_Paradip,V4_Panamax_Standard_Paradip,0,6.1146,0.0
2024-12-23,120000,6.25,6.6972,5.7301,11.8446,6.1146,V2_Capesize_Standard_Paradip,V2_Capesize_Standard_Paradip,V2_Capesize_Standard_Paradip,V2_Capesize_Standard_Paradip,0,6.1146,0.0
2024-12-26,50000,6.065,6.095,5.546,11.8446,6.2987,V5_Supramax_Geared_Paradip,V5_Supramax_Geared_Paradip,V5_Supramax_Geared_Paradip,V5_Supramax_Geared_Paradip,0,6.2987,0.0
2024-12-26,75000,6.065,6.095,5.546,11.8446,6.2987,V4_Panamax_Standard_Paradip,V4_Panamax_Standard_Paradip,V4_Panamax_Standard_Paradip,V4_Panamax_Standard_Paradip,0,6.2987,0.0
2024-12-26,120000,6.065,6.095,5.546,11.8446,6.2987,V2_Capesize_Standard_Paradip,V2_Capesize_Standard_Paradip,V2_Capesize_Standard_Paradip,V2_Capesize_Standard_Paradip,0,6.2987,0.0
2024-12-30,50000,5.92,6.057,5.0154,11.8446,6.8292,V5_Supramax_Geared_Paradip,V5_Supramax_Geared_Paradip,V5_Supramax_Geared_Paradip,V5_Supramax_Geared_Paradip,0,6.8292,0.0
2024-12-30,75000,5.92,6.057,5.0154,11.8446,6.8292,V4_Panamax_Standard_Paradip,V4_Panamax_Standard_Paradip,V4_Panamax_Standard_Paradip,V4_Panamax_Standard_Paradip,0,6.8292,0.0
2024-12-30,120000,5.92,6.057,5.0154,11.8446,6.8292,V2_Capesize_Standard_Paradip,V2_Capesize_Standard_Paradip,V2_Capesize_Standard_Paradip,V2_Capesize_Standard_Paradip,0,6.8292,0.0
2025-01-02,50000,6.25,6.0854,5.0448,11.8446,6.7999,V5_Supramax_Geared_Paradip,V5_Supramax_Geared_Paradip,V5_Supramax_Geared_Paradip,V5_Supramax_Geared_Paradip,0,6.7999,0.0
2025-01-02,75000,6.25,6.0854,5.0448,11.8446,6.7999,V4_Panamax_Standard_Paradip,V4_Panamax_Standard_Paradip,V4_Panamax_Standard_Paradip,V4_Panamax_Standard_Paradip,0,6.7999,0.0
2025-01-02,120000,6.25,6.0854,5.0448,11.8446,6.7999,V2_Capesize_Standard_Paradip,V2_Capesize_Standard_Paradip,V2_Capesize_Standard_Paradip,V2_Capesize_Standard_Paradip,0,6.7999,0.0
2025-01-06,50000,5.82,6.6448,5.7859,11.8446,6.0587,V5_Supramax_Geared_Paradip,V5_Supramax_Geared_Paradip,V5_Supramax_Geared_Paradip,V5_Supramax_Geared_Paradip,0,6.0587,0.0
2025-01-06,75000,5.82,6.6448,5.7859,11.8446,6.0587,V4_Panamax_Standard_Paradip,V4_Panamax_Standard_Paradip,V4_Panamax_Standard_Paradip,V4_Panamax_Standard_Paradip,0,6.0587,0.0
2025-01-06,120000,5.82,6.6448,5.7859,11.8446,6.0587,V2_Capesize_Standard_Paradip,V2_Capesize_Standard_Paradip,V2_Capesize_Standard_Paradip,V2_Capesize_Standard_Paradip,0,6.0587,0.0
2025-01-08,50000,5.55,5.9544,4.9324,11.8446,6.9123,V5_Supramax_Geared_Paradip,V5_Supramax_Geared_Paradip,V5_Supramax_Geared_Paradip,V5_Supramax_Geared_Paradip,0,6.9123,0.0
2025-01-08,75000,5.55,5.9544,4.9324,11.8446,6.9123,V4_Panamax_Standard_Paradip,V4_Panamax_Standard_Paradip,V4_Panamax_Standard_Paradip,V4_Panamax_Standard_Paradip,0,6.9123,0.0
2025-01-08,120000,5.55,5.9544,4.9324,11.8446,6.9123,V2_Capesize_Standard_Paradip,V2_Capesize_Standard_Paradip,V2_Capesize_Standard_Paradip,V2_Capesize_Standard_Paradip,0,6.9123,0.0
2025-01-13,50000,5.84,6.884,5.7515,12.9833,7.2318,V5_Supramax_Geared_Paradip,V5_Supramax_Geared_Paradip,V5_Supramax_Geared_Paradip,V5_Supramax_Geared_Paradip,0,7.2318,0.0
2025-01-13,75000,5.84,6.884,5.7515,12.9833,7.2318,V4_Panamax_Standard_Paradip,V4_Panamax_Standard_Paradip,V4_Panamax_Standard_Paradip,V4_Panamax_Standard_Paradip,0,7.2318,0.0
2025-01-13,120000,5.84,6.884,5.7515,12.9833,7.2318,V2_Capesize_Standard_Paradip,V2_Capesize_Standard_Paradip,V2_Capesize_Standard_Paradip,V2_Capesize_Standard_Paradip,0,7.2318,0.0
2025-01-15,50000,5.89,6.2159,5.1841,12.9833,7.7992,V5_Supramax_Geared_Paradip,V5_Supramax_Geared_Paradip,V5_Supramax_Geared_Paradip,V5_Supramax_Geared_Paradip,0,7.7992,0.0
2025-01-15,75000,5.89,6.2159,5.1841,12.9833,7.7992,V4_Panamax_Standard_Paradip,V4_Panamax_Standard_Paradip,V4_Panamax_Standard_Paradip,V4_Panamax_Standard_Paradip,0,7.7992,0.0
2025-01-15,120000,5.89,6.2159,5.1841,12.9833,7.7992,V2_Capesize_Standard_Paradip,V2_Capesize_Standard_Paradip,V2_Capesize_Standard_Paradip,V2_Capesize_Standard_Paradip,0,7.7992,0.0
2025-01-17,50000,5.72,6.0598,5.0384,12.9833,7.9449,V5_Supramax_Geared_Paradip,V5_Supramax_Geared_Paradip,V5_Supramax_Geared_Paradip,V5_Supramax_Geared_Paradip,0,7.9449,0.0
2025-01-17,75000,5.72,6.0598,5.0384,12.9833,7.9449,V4_Panamax_Standard_Paradip,V4_Panamax_Standard_Paradip,V4_Panamax_Standard_Paradip,V4_Panamax_Standard_Paradip,0,7.9449,0.0
2025-01-17,120000,5.72,6.0598,5.0384,12.9833,7.9449,V2_Capesize_Standard_Paradip,V2_Capesize_Standard_Paradip,V2_Capesize_Standard_Paradip,V2_Capesize_Standard_Paradip,0,7.9449,0.0
2025-01-22,50000,5.28,6.0329,4.9075,12.9833,8.0757,V5_Supramax_Geared_Paradip,V5_Supramax_Geared_Paradip,V5_Supramax_Geared_Paradip,V5_Supramax_Geared_Paradip,0,8.0757,0.0
2025-01-22,75000,5.28,6.0329,4.9075,12.9833,8.0757,V4_Panamax_Standard_Paradip,V4_Panamax_Standard_Paradip,V4_Panamax_Standard_Paradip,V4_Panamax_Standard_Paradip,0,8.0757,0.0
2025-01-22,120000,5.28,6.0329,4.9075,12.9833,8.0757,V2_Capesize_Standard_Paradip,V2_Capesize_Standard_Paradip,V2_Capesize_Standard_Paradip,V2_Capesize_Standard_Paradip,0,8.0757,0.0
2025-01-24,50000,5.14,6.0106,4.915,12.9833,8.0682,V5_Supramax_Geared_Paradip,V5_Supramax_Geared_Paradip,V5_Supramax_Geared_Paradip,V5_Supramax_Geared_Paradip,0,8.0682,0.0
2025-01-24,75000,5.14,6.0106,4.915,12.9833,8.0682,V4_Panamax_Standard_Paradip,V4_Panamax_Standard_Paradip,V4_Panamax_Standard_Paradip,V4_Panamax_Standard_Paradip,0,8.0682,0.0
2025-01-24,120000,5.14,6.0106,4.915,12.9833,8.0682,V2_Capesize_Standard_Paradip,V2_Capesize_Standard_Paradip,V2_Capesize_Standard_Paradip,V2_Capesize_Standard_Paradip,0,8.0682,0.0
2025-01-28,50000,5.28,6.0106,4.93,12.9833,8.0533,V5_Supramax_Geared_Paradip,V5_Supramax_Geared_Paradip,V5_Supramax_Geared_Paradip,V5_Supramax_Geared_Paradip,0,8.0533,0.0
2025-01-28,75000,5.28,6.0106,4.93,12.9833,8.0533,V4_Panamax_Standard_Paradip,V4_Panamax_Standard_Paradip,V4_Panamax_Standard_Paradip,V4_Panamax_Standard_Paradip,0,8.0533,0.0
2025-01-28,120000,5.28,6.0106,4.93,12.9833,8.0533,V2_Capesize_Standard_Paradip,V2_Capesize_Standard_Paradip,V2_Capesize_Standard_Paradip,V2_Capesize_Standard_Paradip,0,8.0533,0.0
2025-01-30,50000,5.49,6.0802,5.0135,12.9833,7.9698,V5_Supramax_Geared_Paradip,V5_Supramax_Geared_Paradip,V5_Supramax_Geared_Paradip,V5_Supramax_Geared_Paradip,0,7.9698,0.0
2025-01-30,75000,5.49,6.0802,5.0135,12.9833,7.9698,V4_Panamax_Standard_Paradip,V4_Panamax_Standard_Paradip,V4_Panamax_Standard_Paradip,V4_Panamax_Standard_Paradip,0,7.9698,0.0
2025-01-30,120000,5.49,6.0802,5.0135,12.9833,7.9698,V2_Capesize_Standard_Paradip,V2_Capesize_Standard_Paradip,V2_Capesize_Standard_Paradip,V2_Capesize_Standard_Paradip,0,7.9698,0.0
2025-02-03,50000,5.47,6.134,4.9463,12.9833,8.037,V5_Supramax_Geared_Paradip,V5_Supramax_Geared_Paradip,V5_Supramax_Geared_Paradip,V5_Supramax_Geared_Paradip,0,8.037,0.0
2025-02-03,75000,5.47,6.134,4.9463,12.9833,8.037,V4_Panamax_Standard_Paradip,V4_Panamax_Standard_Paradip,V4_Panamax_Standard_Paradip,V4_Panamax_Standard_Paradip,0,8.037,0.0
2025-02-03,120000,5.47,6.134,4.9463,12.9833,8.037,V2_Capesize_Standard_Paradip,V2_Capesize_Standard_Paradip,V2_Capesize_Standard_Paradip,V2_Capesize_Standard_Paradip,0,8.037,0.0
2025-02-05,50000,5.99,6.413,5.1524,12.9833,7.8309,V5_Supramax_Geared_Paradip,V5_Supramax_Geared_Paradip,V5_Supramax_Geared_Paradip,V5_Supramax_Geared_Paradip,0,7.8309,0.0
2025-02-05,75000,5.99,6.413,5.1524,12.9833,7.8309,V4_Panamax_Standard_Paradip,V4_Panamax_Standard_Paradip,V4_Panamax_Standard_Paradip,V4_Panamax_Standard_Paradip,0,7.8309,0.0
2025-02-05,120000,5.99,6.413,5.1524,12.9833,7.8309,V2_Capesize_Standard_Paradip,V2_Capesize_Standard_Paradip,V2_Capesize_Standard_Paradip,V2_Capesize_Standard_Paradip,0,7.8309,0.0
2025-02-07,50000,5.86,6.1993,5.1094,12.9833,7.8739,V5_Supramax_Geared_Paradip,V5_Supramax_Geared_Paradip,V5_Supramax_Geared_Paradip,V5_Supramax_Geared_Paradip,0,7.8739,0.0
2025-02-07,75000,5.86,6.1993,5.1094,12.9833,7.8739,V4_Panamax_Standard_Paradip,V4_Panamax_Standard_Paradip,V4_Panamax_Standard_Paradip,V4_Panamax_Standard_Paradip,0,7.8739,0.0
2025-02-07,120000,5.86,6.1993,5.1094,12.9833,7.8739,V2_Capesize_Standard_Paradip,V2_Capesize_Standard_Paradip,V2_Capesize_Standard_Paradip,V2_Capesize_Standard_Paradip,0,7.8739,0.0
2025-02-11,50000,5.68,6.0977,5.0849,11.8446,6.7597,V5_Supramax_Geared_Paradip,V5_Supramax_Geared_Paradip,V5_Supramax_Geared_Paradip,V5_Supramax_Geared_Paradip,0,6.7597,0.0
2025-02-11,75000,5.68,6.0977,5.0849,11.8446,6.7597,V4_Panamax_Standard_Paradip,V4_Panamax_Standard_Paradip,V4_Panamax_Standard_Paradip,V4_Panamax_Standard_Paradip,0,6.7597,0.0
2025-02-11,120000,5.68,6.0977,5.0849,11.8446,6.7597,V2_Capesize_Standard_Paradip,V2_Capesize_Standard_Paradip,V2_Capesize_Standard_Paradip,V2_Capesize_Standard_Paradip,0,6.7597,0.0
2025-02-13,50000,5.5,6.0514,5.1222,11.8446,6.7224,V5_Supramax_Geared_Paradip,V5_Supramax_Geared_Paradip,V5_Supramax_Geared_Paradip,V5_Supramax_Geared_Paradip,0,6.7224,0.0
2025-02-13,75000,5.5,6.0514,5.1222,11.8446,6.7224,V4_Panamax_Standard_Paradip,V4_Panamax_Standard_Paradip,V4_Panamax_Standard_Paradip,V4_Panamax_Standard_Paradip,0,6.7224,0.0
2025-02-13,120000,5.5,6.0514,5.1222,11.8446,6.7224,V2_Capesize_Standard_Paradip,V2_Capesize_Standard_Paradip,V2_Capesize_Standard_Paradip,V2_Capesize_Standard_Paradip,0,6.7224,0.0
2025-02-18,50000,6.08,6.2104,5.2124,11.8446,6.6323,V5_Supramax_Geared_Paradip,V5_Supramax_Geared_Paradip,V5_Supramax_Geared_Paradip,V5_Supramax_Geared_Paradip,0,6.6323,0.0
2025-02-18,75000,6.08,6.2104,5.2124,11.8446,6.6323,V4_Panamax_Standard_Paradip,V4_Panamax_Standard_Paradip,V4_Panamax_Standard_Paradip,V4_Panamax_Standard_Paradip,0,6.6323,0.0
2025-02-18,120000,6.08,6.2104,5.2124,11.8446,6.6323,V2_Capesize_Standard_Paradip,V2_Capesize_Standard_Paradip,V2_Capesize_Standard_Paradip,V2_Capesize_Standard_Paradip,0,6.6323,0.0
2025-02-20,50000,6.45,6.4805,5.2765,11.8446,6.5682,V5_Supramax_Geared_Paradip,V5_Supramax_Geared_Paradip,V5_Supramax_Geared_Paradip,V5_Supramax_Geared_Paradip,0,6.5682,0.0
2025-02-20,75000,6.45,6.4805,5.2765,11.8446,6.5682,V4_Panamax_Standard_Paradip,V4_Panamax_Standard_Paradip,V4_Panamax_Standard_Paradip,V4_Panamax_Standard_Paradip,0,6.5682,0.0
2025-02-20,120000,6.45,6.4805,5.2765,11.8446,6.5682,V2_Capesize_Standard_Paradip,V2_Capesize_Standard_Paradip,V2_Capesize_Standard_Paradip,V2_Capesize_Standard_Paradip,0,6.5682,0.0
2025-02-24,50000,6.09,6.8508,5.867,11.8446,5.9776,V5_Supramax_Geared_Paradip,V5_Supramax_Geared_Paradip,V5_Supramax_Geared_Paradip,V5_Supramax_Geared_Paradip,0,5.9776,0.0
2025-02-24,75000,6.09,6.8508,5.867,11.8446,5.9776,V4_Panamax_Standard_Paradip,V4_Panamax_Standard_Paradip,V4_Panamax_Standard_Paradip,V4_Panamax_Standard_Paradip,0,5.9776,0.0
2025-02-24,120000,6.09,6.8508,5.867,11.8446,5.9776,V2_Capesize_Standard_Paradip,V2_Capesize_Standard_Paradip,V2_Capesize_Standard_Paradip,V2_Capesize_Standard_Paradip,0,5.9776,0.0
2025-02-26,50000,6.4,6.7982,5.8985,11.8446,5.9462,V5_Supramax_Geared_Paradip,V5_Supramax_Geared_Paradip,V5_Supramax_Geared_Paradip,V5_Supramax_Geared_Paradip,0,5.9462,0.0
2025-02-26,75000,6.4,6.7982,5.8985,11.8446,5.9462,V4_Panamax_Standard_Paradip,V4_Panamax_Standard_Paradip,V4_Panamax_Standard_Paradip,V4_Panamax_Standard_Paradip,0,5.9462,0.0
2025-02-26,120000,6.4,6.7982,5.8985,11.8446,5.9462,V2_Capesize_Standard_Paradip,V2_Capesize_Standard_Paradip,V2_Capesize_Standard_Paradip,V2_Capesize_Standard_Paradip,0,5.9462,0.0
2025-02-28,50000,6.4,6.9405,5.9167,11.8446,5.928,V5_Supramax_Geared_Paradip,V5_Supramax_Geared_Paradip,V5_Supramax_Geared_Paradip,V5_Supramax_Geared_Paradip,0,5.928,0.0
2025-02-28,75000,6.4,6.9405,5.9167,11.8446,5.928,V4_Panamax_Standard_Paradip,V4_Panamax_Standard_Paradip,V4_Panamax_Standard_Paradip,V4_Panamax_Standard_Paradip,0,5.928,0.0
2025-02-28,120000,6.4,6.9405,5.9167,11.8446,5.928,V2_Capesize_Standard_Paradip,V2_Capesize_Standard_Paradip,V2_Capesize_Standard_Paradip,V2_Capesize_Standard_Paradip,0,5.928,0.0
2025-03-04,50000,6.0,6.2106,5.2436,11.8446,6.601,V5_Supramax_Geared_Paradip,V5_Supramax_Geared_Paradip,V5_Supramax_Geared_Paradip,V5_Supramax_Geared_Paradip,0,6.601,0.0
2025-03-04,75000,6.0,6.2106,5.2436,11.8446,6.601,V4_Panamax_Standard_Paradip,V4_Panamax_Standard_Paradip,V4_Panamax_Standard_Paradip,V4_Panamax_Standard_Paradip,0,6.601,0.0
2025-03-04,120000,6.0,6.2106,5.2436,11.8446,6.601,V2_Capesize_Standard_Paradip,V2_Capesize_Standard_Paradip,V2_Capesize_Standard_Paradip,V2_Capesize_Standard_Paradip,0,6.601,0.0
2025-03-06,50000,6.5,6.8466,5.7449,11.8446,6.0998,V5_Supramax_Geared_Paradip,V5_Supramax_Geared_Paradip,V5_Supramax_Geared_Paradip,V5_Supramax_Geared_Paradip,0,6.0998,0.0
2025-03-06,75000,6.5,6.8466,5.7449,11.8446,6.0998,V4_Panamax_Standard_Paradip,V4_Panamax_Standard_Paradip,V4_Panamax_Standard_Paradip,V4_Panamax_Standard_Paradip,0,6.0998,0.0
2025-03-06,120000,6.5,6.8466,5.7449,11.8446,6.0998,V2_Capesize_Standard_Paradip,V2_Capesize_Standard_Paradip,V2_Capesize_Standard_Paradip,V2_Capesize_Standard_Paradip,0,6.0998,0.0
2025-03-10,50000,6.55,7.0079,5.9425,11.8446,5.9021,V5_Supramax_Geared_Paradip,V5_Supramax_Geared_Paradip,V5_Supramax_Geared_Paradip,V5_Supramax_Geared_Paradip,0,5.9021,0.0
2025-03-10,75000,6.55,7.0079,5.9425,11.8446,5.9021,V4_Panamax_Standard_Paradip,V4_Panamax_Standard_Paradip,V4_Panamax_Standard_Paradip,V4_Panamax_Standard_Paradip,0,5.9021,0.0
2025-03-10,120000,6.55,7.0079,5.9425,11.8446,5.9021,V2_Capesize_Standard_Paradip,V2_Capesize_Standard_Paradip,V2_Capesize_Standard_Paradip,V2_Capesize_Standard_Paradip,0,5.9021,0.0
2025-03-12,50000,7.14,7.4609,6.0115,11.8446,5.8332,V5_Supramax_Geared_Paradip,V5_Supramax_Geared_Paradip,V5_Supramax_Geared_Paradip,V5_Supramax_Geared_Paradip,0,5.8332,0.0
2025-03-12,75000,7.14,7.4609,6.0115,11.8446,5.8332,V4_Panamax_Standard_Paradip,V4_Panamax_Standard_Paradip,V4_Panamax_Standard_Paradip,V4_Panamax_Standard_Paradip,0,5.8332,0.0
2025-03-12,120000,7.14,7.4609,6.0115,11.8446,5.8332,V2_Capesize_Standard_Paradip,V2_Capesize_Standard_Paradip,V2_Capesize_Standard_Paradip,V2_Capesize_Standard_Paradip,0,5.8332,0.0
2025-03-14,50000,6.95,7.2162,6.1735,11.8446,5.6711,V5_Supramax_Geared_Paradip,V5_Supramax_Geared_Paradip,V5_Supramax_Geared_Paradip,V5_Supramax_Geared_Paradip,0,5.6711,0.0
2025-03-14,75000,6.95,7.2162,6.1735,11.8446,5.6711,V4_Panamax_Standard_Paradip,V4_Panamax_Standard_Paradip,V4_Panamax_Standard_Paradip,V4_Panamax_Standard_Paradip,0,5.6711,0.0
2025-03-14,120000,6.95,7.2162,6.1735,11.8446,5.6711,V2_Capesize_Standard_Paradip,V2_Capesize_Standard_Paradip,V2_Capesize_Standard_Paradip,V2_Capesize_Standard_Paradip,0,5.6711,0.0
2025-03-18,50000,6.73,7.2162,6.1601,11.8446,5.6845,V5_Supramax_Geared_Paradip,V5_Supramax_Geared_Paradip,V5_Supramax_Geared_Paradip,V5_Supramax_Geared_Paradip,0,5.6845,0.0
2025-03-18,75000,6.73,7.2162,6.1601,11.8446,5.6845,V4_Panamax_Standard_Paradip,V4_Panamax_Standard_Paradip,V4_Panamax_Standard_Paradip,V4_Panamax_Standard_Paradip,0,5.6845,0.0
2025-03-18,120000,6.73,7.2162,6.1601,11.8446,5.6845,V2_Capesize_Standard_Paradip,V2_Capesize_Standard_Paradip,V2_Capesize_Standard_Paradip,V2_Capesize_Standard_Paradip,0,5.6845,0.0
2025-03-20,50000,6.775,7.3058,6.1619,11.8446,5.6827,V5_Supramax_Geared_Paradip,V5_Supramax_Geared_Paradip,V5_Supramax_Geared_Paradip,V5_Supramax_Geared_Paradip,0,5.6827,0.0
2025-03-20,75000,6.775,7.3058,6.1619,11.8446,5.6827,V4_Panamax_Standard_Paradip,V4_Panamax_Standard_Paradip,V4_Panamax_Standard_Paradip,V4_Panamax_Standard_Paradip,0,5.6827,0.0
2025-03-20,120000,6.775,7.3058,6.1619,11.8446,5.6827,V2_Capesize_Standard_Paradip,V2_Capesize_Standard_Paradip,V2_Capesize_Standard_Paradip,V2_Capesize_Standard_Paradip,0,5.6827,0.0
2025-03-24,50000,6.75,7.4858,6.1409,11.8446,5.7037,V5_Supramax_Geared_Paradip,V5_Supramax_Geared_Paradip,V5_Supramax_Geared_Paradip,V5_Supramax_Geared_Paradip,0,5.7037,0.0
2025-03-24,75000,6.75,7.4858,6.1409,11.8446,5.7037,V4_Panamax_Standard_Paradip,V4_Panamax_Standard_Paradip,V4_Panamax_Standard_Paradip,V4_Panamax_Standard_Paradip,0,5.7037,0.0
2025-03-24,120000,6.75,7.4858,6.1409,11.8446,5.7037,V2_Capesize_Standard_Paradip,V2_Capesize_Standard_Paradip,V2_Capesize_Standard_Paradip,V2_Capesize_Standard_Paradip,0,5.7037,0.0
2025-03-26,50000,6.4,7.3708,6.1533,11.8446,5.6913,V5_Supramax_Geared_Paradip,V5_Supramax_Geared_Paradip,V5_Supramax_Geared_Paradip,V5_Supramax_Geared_Paradip,0,5.6913,0.0
2025-03-26,75000,6.4,7.3708,6.1533,11.8446,5.6913,V4_Panamax_Standard_Paradip,V4_Panamax_Standard_Paradip,V4_Panamax_Standard_Paradip,V4_Panamax_Standard_Paradip,0,5.6913,0.0
2025-03-26,120000,6.4,7.3708,6.1533,11.8446,5.6913,V2_Capesize_Standard_Paradip,V2_Capesize_Standard_Paradip,V2_Capesize_Standard_Paradip,V2_Capesize_Standard_Paradip,0,5.6913,0.0
2025-03-28,50000,6.36,7.2097,5.9943,11.8446,5.8503,V5_Supramax_Geared_Paradip,V5_Supramax_Geared_Paradip,V5_Supramax_Geared_Paradip,V5_Supramax_Geared_Paradip,0,5.8503,0.0
2025-03-28,75000,6.36,7.2097,5.9943,11.8446,5.8503,V4_Panamax_Standard_Paradip,V4_Panamax_Standard_Paradip,V4_Panamax_Standard_Paradip,V4_Panamax_Standard_Paradip,0,5.8503,0.0
2025-03-28,120000,6.36,7.2097,5.9943,11.8446,5.8503,V2_Capesize_Standard_Paradip,V2_Capesize_Standard_Paradip,V2_Capesize_Standard_Paradip,V2_Capesize_Standard_Paradip,0,5.8503,0.0
2025-04-01,50000,6.5,7.1501,6.0347,11.8446,5.81,V5_Supramax_Geared_Paradip,V5_Supramax_Geared_Paradip,V5_Supramax_Geared_Paradip,V5_Supramax_Geared_Paradip,0,5.81,0.0
2025-04-01,75000,6.5,7.1501,6.0347,11.8446,5.81,V4_Panamax_Standard_Paradip,V4_Panamax_Standard_Paradip,V4_Panamax_Standard_Paradip,V4_Panamax_Standard_Paradip,0,5.81,0.0
2025-04-01,120000,6.5,7.1501,6.0347,11.8446,5.81,V2_Capesize_Standard_Paradip,V2_Capesize_Standard_Paradip,V2_Capesize_Standard_Paradip,V2_Capesize_Standard_Paradip,0,5.81,0.0
2025-04-03,50000,6.02,7.051,5.8404,11.8446,6.0042,V5_Supramax_Geared_Paradip,V5_Supramax_Geared_Paradip,V5_Supramax_Geared_Paradip,V5_Supramax_Geared_Paradip,0,6.0042,0.0
2025-04-03,75000,6.02,7.051,5.8404,11.8446,6.0042,V4_Panamax_Standard_Paradip,V4_Panamax_Standard_Paradip,V4_Panamax_Standard_Paradip,V4_Panamax_Standard_Paradip,0,6.0042,0.0
2025-04-03,120000,6.02,7.051,5.8404,11.8446,6.0042,V2_Capesize_Standard_Paradip,V2_Capesize_Standard_Paradip,V2_Capesize_Standard_Paradip,V2_Capesize_Standard_Paradip,0,6.0042,0.0
2025-04-07,50000,5.38,6.0514,4.6784,11.8928,7.2145,V5_Supramax_Geared_Paradip,V5_Supramax_Geared_Paradip,V5_Supramax_Geared_Paradip,V5_Supramax_Geared_Paradip,0,7.2145,0.0
2025-04-07,75000,5.38,6.0514,4.6784,11.8928,7.2145,V4_Panamax_Standard_Paradip,V4_Panamax_Standard_Paradip,V4_Panamax_Standard_Paradip,V4_Panamax_Standard_Paradip,0,7.2145,0.0
2025-04-07,120000,5.38,6.0514,4.6784,11.8928,7.2145,V2_Capesize_Standard_Paradip,V2_Capesize_Standard_Paradip,V2_Capesize_Standard_Paradip,V2_Capesize_Standard_Paradip,0,7.2145,0.0
2025-04-09,50000,5.33,6.0292,4.6449,11.8928,7.2479,V5_Supramax_Geared_Paradip,V5_Supramax_Geared_Paradip,V5_Supramax_Geared_Paradip,V5_Supramax_Geared_Paradip,0,7.2479,0.0
2025-04-09,75000,5.33,6.0292,4.6449,11.8928,7.2479,V4_Panamax_Standard_Paradip,V4_Panamax_Standard_Paradip,V4_Panamax_Standard_Paradip,V4_Panamax_Standard_Paradip,0,7.2479,0.0
2025-04-09,120000,5.33,6.0292,4.6449,11.8928,7.2479,V2_Capesize_Standard_Paradip,V2_Capesize_Standard_Paradip,V2_Capesize_Standard_Paradip,V2_Capesize_Standard_Paradip,0,7.2479,0.0
2025-04-11,50000,5.63,6.0555,4.6607,11.8446,7.184,V5_Supramax_Geared_Paradip,V5_Supramax_Geared_Paradip,V5_Supramax_Geared_Paradip,V5_Supramax_Geared_Paradip,0,7.184,0.0
2025-04-11,75000,5.63,6.0555,4.6607,11.8446,7.184,V4_Panamax_Standard_Paradip,V4_Panamax_Standard_Paradip,V4_Panamax_Standard_Paradip,V4_Panamax_Standard_Paradip,0,7.184,0.0
2025-04-11,120000,5.63,6.0555,4.6607,11.8446,7.184,V2_Capesize_Standard_Paradip,V2_Capesize_Standard_Paradip,V2_Capesize_Standard_Paradip,V2_Capesize_Standard_Paradip,0,7.184,0.0
2025-04-15,50000,5.69,6.0555,4.73,11.8446,7.1146,V5_Supramax_Geared_Paradip,V5_Supramax_Geared_Paradip,V5_Supramax_Geared_Paradip,V5_Supramax_Geared_Paradip,0,7.1146,0.0
2025-04-15,75000,5.69,6.0555,4.73,11.8446,7.1146,V4_Panamax_Standard_Paradip,V4_Panamax_Standard_Paradip,V4_Panamax_Standard_Paradip,V4_Panamax_Standard_Paradip,0,7.1146,0.0
2025-04-15,120000,5.69,6.0555,4.73,11.8446,7.1146,V2_Capesize_Standard_Paradip,V2_Capesize_Standard_Paradip,V2_Capesize_Standard_Paradip,V2_Capesize_Standard_Paradip,0,7.1146,0.0
2025-04-17,50000,5.74,6.0555,4.7071,11.8446,7.1376,V5_Supramax_Geared_Paradip,V5_Supramax_Geared_Paradip,V5_Supramax_Geared_Paradip,V5_Supramax_Geared_Paradip,0,7.1376,0.0
2025-04-17,75000,5.74,6.0555,4.7071,11.8446,7.1376,V4_Panamax_Standard_Paradip,V4_Panamax_Standard_Paradip,V4_Panamax_Standard_Paradip,V4_Panamax_Standard_Paradip,0,7.1376,0.0
2025-04-17,120000,5.74,6.0555,4.7071,11.8446,7.1376,V2_Capesize_Standard_Paradip,V2_Capesize_Standard_Paradip,V2_Capesize_Standard_Paradip,V2_Capesize_Standard_Paradip,0,7.1376,0.0
2025-04-22,50000,5.6,6.0555,4.8174,11.8446,7.0272,V5_Supramax_Geared_Paradip,V5_Supramax_Geared_Paradip,V5_Supramax_Geared_Paradip,V5_Supramax_Geared_Paradip,0,7.0272,0.0
2025-04-22,75000,5.6,6.0555,4.8174,11.8446,7.0272,V4_Panamax_Standard_Paradip,V4_Panamax_Standard_Paradip,V4_Panamax_Standard_Paradip,V4_Panamax_Standard_Paradip,0,7.0272,0.0
2025-04-22,120000,5.6,6.0555,4.8174,11.8446,7.0272,V2_Capesize_Standard_Paradip,V2_Capesize_Standard_Paradip,V2_Capesize_Standard_Paradip,V2_Capesize_Standard_Paradip,0,7.0272,0.0
2025-04-24,50000,5.83,6.0555,4.8157,11.8446,7.0289,V5_Supramax_Geared_Paradip,V5_Supramax_Geared_Paradip,V5_Supramax_Geared_Paradip,V5_Supramax_Geared_Paradip,0,7.0289,0.0
2025-04-24,75000,5.83,6.0555,4.8157,11.8446,7.0289,V4_Panamax_Standard_Paradip,V4_Panamax_Standard_Paradip,V4_Panamax_Standard_Paradip,V4_Panamax_Standard_Paradip,0,7.0289,0.0
2025-04-24,120000,5.83,6.0555,4.8157,11.8446,7.0289,V2_Capesize_Standard_Paradip,V2_Capesize_Standard_Paradip,V2_Capesize_Standard_Paradip,V2_Capesize_Standard_Paradip,0,7.0289,0.0
2025-04-28,50000,5.78,6.0555,4.8242,11.8446,7.0204,V5_Supramax_Geared_Paradip,V5_Supramax_Geared_Paradip,V5_Supramax_Geared_Paradip,V5_Supramax_Geared_Paradip,0,7.0204,0.0
2025-04-28,75000,5.78,6.0555,4.8242,11.8446,7.0204,V4_Panamax_Standard_Paradip,V4_Panamax_Standard_Paradip,V4_Panamax_Standard_Paradip,V4_Panamax_Standard_Paradip,0,7.0204,0.0
2025-04-28,120000,5.78,6.0555,4.8242,11.8446,7.0204,V2_Capesize_Standard_Paradip,V2_Capesize_Standard_Paradip,V2_Capesize_Standard_Paradip,V2_Capesize_Standard_Paradip,0,7.0204,0.0
2025-04-30,50000,5.765,6.1451,4.8723,11.8446,6.9723,V5_Supramax_Geared_Paradip,V5_Supramax_Geared_Paradip,V5_Supramax_Geared_Paradip,V5_Supramax_Geared_Paradip,0,6.9723,0.0
2025-04-30,75000,5.765,6.1451,4.8723,11.8446,6.9723,V4_Panamax_Standard_Paradip,V4_Panamax_Standard_Paradip,V4_Panamax_Standard_Paradip,V4_Panamax_Standard_Paradip,0,6.9723,0.0
2025-04-30,120000,5.765,6.1451,4.8723,11.8446,6.9723,V2_Capesize_Standard_Paradip,V2_Capesize_Standard_Paradip,V2_Capesize_Standard_Paradip,V2_Capesize_Standard_Paradip,0,6.9723,0.0
2025-05-02,50000,5.84,5.9788,4.8327,11.8446,7.012,V5_Supramax_Geared_Paradip,V5_Supramax_Geared_Paradip,V5_Supramax_Geared_Paradip,V5_Supramax_Geared_Paradip,0,7.012,0.0
2025-05-02,75000,5.84,5.9788,4.8327,11.8446,7.012,V4_Panamax_Standard_Paradip,V4_Panamax_Standard_Paradip,V4_Panamax_Standard_Paradip,V4_Panamax_Standard_Paradip,0,7.012,0.0
2025-05-02,120000,5.84,5.9788,4.8327,11.8446,7.012,V2_Capesize_Standard_Paradip,V2_Capesize_Standard_Paradip,V2_Capesize_Standard_Paradip,V2_Capesize_Standard_Paradip,0,7.012,0.0
2025-05-06,50000,5.62,6.0441,4.9398,11.8446,6.9048,V5_Supramax_Geared_Paradip,V5_Supramax_Geared_Paradip,V5_Supramax_Geared_Paradip,V5_Supramax_Geared_Paradip,0,6.9048,0.0
2025-05-06,75000,5.62,6.0441,4.9398,11.8446,6.9048,V4_Panamax_Standard_Paradip,V4_Panamax_Standard_Paradip,V4_Panamax_Standard_Paradip,V4_Panamax_Standard_Paradip,0,6.9048,0.0
2025-05-06,120000,5.62,6.0441,4.9398,11.8446,6.9048,V2_Capesize_Standard_Paradip,V2_Capesize_Standard_Paradip,V2_Capesize_Standard_Paradip,V2_Capesize_Standard_Paradip,0,6.9048,0.0
2025-05-08,50000,5.42,6.0401,4.7914,11.8446,7.0532,V5_Supramax_Geared_Paradip,V5_Supramax_Geared_Paradip,V5_Supramax_Geared_Paradip,V5_Supramax_Geared_Paradip,0,7.0532,0.0
2025-05-08,75000,5.42,6.0401,4.7914,11.8446,7.0532,V4_Panamax_Standard_Paradip,V4_Panamax_Standard_Paradip,V4_Panamax_Standard_Paradip,V4_Panamax_Standard_Paradip,0,7.0532,0.0
2025-05-08,120000,5.42,6.0401,4.7914,11.8446,7.0532,V2_Capesize_Standard_Paradip,V2_Capesize_Standard_Paradip,V2_Capesize_Standard_Paradip,V2_Capesize_Standard_Paradip,0,7.0532,0.0
2025-05-12,50000,5.54,6.061,4.7839,11.8446,7.0607,V5_Supramax_Geared_Paradip,V5_Supramax_Geared_Paradip,V5_Supramax_Geared_Paradip,V5_Supramax_Geared_Paradip,0,7.0607,0.0
2025-05-12,75000,5.54,6.061,4.7839,11.8446,7.0607,V4_Panamax_Standard_Paradip,V4_Panamax_Standard_Paradip,V4_Panamax_Standard_Paradip,V4_Panamax_Standard_Paradip,0,7.0607,0.0
2025-05-12,120000,5.54,6.061,4.7839,11.8446,7.0607,V2_Capesize_Standard_Paradip,V2_Capesize_Standard_Paradip,V2_Capesize_Standard_Paradip,V2_Capesize_Standard_Paradip,0,7.0607,0.0
2025-05-14,50000,5.46,5.9734,4.7708,11.8446,7.0738,V5_Supramax_Geared_Paradip,V5_Supramax_Geared_Paradip,V5_Supramax_Geared_Paradip,V5_Supramax_Geared_Paradip,0,7.0738,0.0
2025-05-14,75000,5.46,5.9734,4.7708,11.8446,7.0738,V4_Panamax_Standard_Paradip,V4_Panamax_Standard_Paradip,V4_Panamax_Standard_Paradip,V4_Panamax_Standard_Paradip,0,7.0738,0.0
2025-05-14,120000,5.46,5.9734,4.7708,11.8446,7.0738,V2_Capesize_Standard_Paradip,V2_Capesize_Standard_Paradip,V2_Capesize_Standard_Paradip,V2_Capesize_Standard_Paradip,0,7.0738,0.0
2025-05-16,50000,5.504,5.9584,4.8,11.8446,7.0447,V5_Supramax_Geared_Paradip,V5_Supramax_Geared_Paradip,V5_Supramax_Geared_Paradip,V5_Supramax_Geared_Paradip,0,7.0447,0.0
2025-05-16,75000,5.504,5.9584,4.8,11.8446,7.0447,V4_Panamax_Standard_Paradip,V4_Panamax_Standard_Paradip,V4_Panamax_Standard_Paradip,V4_Panamax_Standard_Paradip,0,7.0447,0.0
2025-05-16,120000,5.504,5.9584,4.8,11.8446,7.0447,V2_Capesize_Standard_Paradip,V2_Capesize_Standard_Paradip,V2_Capesize_Standard_Paradip,V2_Capesize_Standard_Paradip,0,7.0447,0.0
2025-05-20,50000,5.36,5.9362,4.7848,11.8446,7.0598,V5_Supramax_Geared_Paradip,V5_Supramax_Geared_Paradip,V5_Supramax_Geared_Paradip,V5_Supramax_Geared_Paradip,0,7.0598,0.0
2025-05-20,75000,5.36,5.9362,4.7848,11.8446,7.0598,V4_Panamax_Standard_Paradip,V4_Panamax_Standard_Paradip,V4_Panamax_Standard_Paradip,V4_Panamax_Standard_Paradip,0,7.0598,0.0
2025-05-20,120000,5.36,5.9362,4.7848,11.8446,7.0598,V2_Capesize_Standard_Paradip,V2_Capesize_Standard_Paradip,V2_Capesize_Standard_Paradip,V2_Capesize_Standard_Paradip,0,7.0598,0.0
2025-05-22,50000,5.21,5.9321,4.7774,11.8446,7.0673,V5_Supramax_Geared_Paradip,V5_Supramax_Geared_Paradip,V5_Supramax_Geared_Paradip,V5_Supramax_Geared_Paradip,0,7.0673,0.0
2025-05-22,75000,5.21,5.9321,4.7774,11.8446,7.0673,V4_Panamax_Standard_Paradip,V4_Panamax_Standard_Paradip,V4_Panamax_Standard_Paradip,V4_Panamax_Standard_Paradip,0,7.0673,0.0
2025-05-22,120000,5.21,5.9321,4.7774,11.8446,7.0673,V2_Capesize_Standard_Paradip,V2_Capesize_Standard_Paradip,V2_Capesize_Standard_Paradip,V2_Capesize_Standard_Paradip,0,7.0673,0.0
2025-05-27,50000,5.15,5.9321,4.8103,11.8446,7.0343,V5_Supramax_Geared_Paradip,V5_Supramax_Geared_Paradip,V5_Supramax_Geared_Paradip,V5_Supramax_Geared_Paradip,0,7.0343,0.0
2025-05-27,75000,5.15,5.9321,4.8103,11.8446,7.0343,V4_Panamax_Standard_Paradip,V4_Panamax_Standard_Paradip,V4_Panamax_Standard_Paradip,V4_Panamax_Standard_Paradip,0,7.0343,0.0
2025-05-27,120000,5.15,5.9321,4.8103,11.8446,7.0343,V2_Capesize_Standard_Paradip,V2_Capesize_Standard_Paradip,V2_Capesize_Standard_Paradip,V2_Capesize_Standard_Paradip,0,7.0343,0.0
2025-05-29,50000,5.19,5.9321,4.8412,11.8446,7.0034,V5_Supramax_Geared_Paradip,V5_Supramax_Geared_Paradip,V5_Supramax_Geared_Paradip,V5_Supramax_Geared_Paradip,0,7.0034,0.0
2025-05-29,75000,5.19,5.9321,4.8412,11.8446,7.0034,V4_Panamax_Standard_Paradip,V4_Panamax_Standard_Paradip,V4_Panamax_Standard_Paradip,V4_Panamax_Standard_Paradip,0,7.0034,0.0
2025-05-29,120000,5.19,5.9321,4.8412,11.8446,7.0034,V2_Capesize_Standard_Paradip,V2_Capesize_Standard_Paradip,V2_Capesize_Standard_Paradip,V2_Capesize_Standard_Paradip,0,7.0034,0.0
2025-06-02,50000,5.1,5.9362,5.1267,11.8446,6.7179,V5_Supramax_Geared_Paradip,V5_Supramax_Geared_Paradip,V5_Supramax_Geared_Paradip,V5_Supramax_Geared_Paradip,0,6.7179,0.0
2025-06-02,75000,5.1,5.9362,5.1267,11.8446,6.7179,V4_Panamax_Standard_Paradip,V4_Panamax_Standard_Paradip,V4_Panamax_Standard_Paradip,V4_Panamax_Standard_Paradip,0,6.7179,0.0
2025-06-02,120000,5.1,5.9362,5.1267,11.8446,6.7179,V2_Capesize_Standard_Paradip,V2_Capesize_Standard_Paradip,V2_Capesize_Standard_Paradip,V2_Capesize_Standard_Paradip,0,6.7179,0.0
2025-06-04,50000,5.42,6.0017,5.1621,11.8446,6.6825,V5_Supramax_Geared_Paradip,V5_Supramax_Geared_Paradip,V5_Supramax_Geared_Paradip,V5_Supramax_Geared_Paradip,0,6.6825,0.0
2025-06-04,75000,5.42,6.0017,5.1621,11.8446,6.6825,V4_Panamax_Standard_Paradip,V4_Panamax_Standard_Paradip,V4_Panamax_Standard_Paradip,V4_Panamax_Standard_Paradip,0,6.6825,0.0
2025-06-04,120000,5.42,6.0017,5.1621,11.8446,6.6825,V2_Capesize_Standard_Paradip,V2_Capesize_Standard_Paradip,V2_Capesize_Standard_Paradip,V2_Capesize_Standard_Paradip,0,6.6825,0.0
2025-06-06,50000,5.41,5.9788,5.1421,11.8446,6.7025,V5_Supramax_Geared_Paradip,V5_Supramax_Geared_Paradip,V5_Supramax_Geared_Paradip,V5_Supramax_Geared_Paradip,0,6.7025,0.0
2025-06-06,75000,5.41,5.9788,5.1421,11.8446,6.7025,V4_Panamax_Standard_Paradip,V4_Panamax_Standard_Paradip,V4_Panamax_Standard_Paradip,V4_Panamax_Standard_Paradip,0,6.7025,0.0
2025-06-06,120000,5.41,5.9788,5.1421,11.8446,6.7025,V2_Capesize_Standard_Paradip,V2_Capesize_Standard_Paradip,V2_Capesize_Standard_Paradip,V2_Capesize_Standard_Paradip,0,6.7025,0.0
2025-06-10,50000,5.52,6.0631,5.1422,11.8446,6.7024,V5_Supramax_Geared_Paradip,V5_Supramax_Geared_Paradip,V5_Supramax_Geared_Paradip,V5_Supramax_Geared_Paradip,0,6.7024,0.0
2025-06-10,75000,5.52,6.0631,5.1422,11.8446,6.7024,V4_Panamax_Standard_Paradip,V4_Panamax_Standard_Paradip,V4_Panamax_Standard_Paradip,V4_Panamax_Standard_Paradip,0,6.7024,0.0
2025-06-10,120000,5.52,6.0631,5.1422,11.8446,6.7024,V2_Capesize_Standard_Paradip,V2_Capesize_Standard_Paradip,V2_Capesize_Standard_Paradip,V2_Capesize_Standard_Paradip,0,6.7024,0.0
2025-06-12,50000,5.73,6.0943,5.2412,11.9177,6.6765,V5_Supramax_Geared_Paradip,V5_Supramax_Geared_Paradip,V5_Supramax_Geared_Paradip,V5_Supramax_Geared_Paradip,0,6.6765,0.0
2025-06-12,75000,5.73,6.0943,5.2412,11.9177,6.6765,V4_Panamax_Standard_Paradip,V4_Panamax_Standard_Paradip,V4_Panamax_Standard_Paradip,V4_Panamax_Standard_Paradip,0,6.6765,0.0
2025-06-12,120000,5.73,6.0943,5.2412,11.9177,6.6765,V2_Capesize_Standard_Paradip,V2_Capesize_Standard_Paradip,V2_Capesize_Standard_Paradip,V2_Capesize_Standard_Paradip,0,6.6765,0.0
2025-06-16,50000,5.68,6.0943,5.2099,11.9177,6.7077,V5_Supramax_Geared_Paradip,V5_Supramax_Geared_Paradip,V5_Supramax_Geared_Paradip,V5_Supramax_Geared_Paradip,0,6.7077,0.0
2025-06-16,75000,5.68,6.0943,5.2099,11.9177,6.7077,V4_Panamax_Standard_Paradip,V4_Panamax_Standard_Paradip,V4_Panamax_Standard_Paradip,V4_Panamax_Standard_Paradip,0,6.7077,0.0
2025-06-16,120000,5.68,6.0943,5.2099,11.9177,6.7077,V2_Capesize_Standard_Paradip,V2_Capesize_Standard_Paradip,V2_Capesize_Standard_Paradip,V2_Capesize_Standard_Paradip,0,6.7077,0.0
2025-06-18,50000,5.62,6.0441,5.2413,11.9177,6.6763,V5_Supramax_Geared_Paradip,V5_Supramax_Geared_Paradip,V5_Supramax_Geared_Paradip,V5_Supramax_Geared_Paradip,0,6.6763,0.0
2025-06-18,75000,5.62,6.0441,5.2413,11.9177,6.6763,V4_Panamax_Standard_Paradip,V4_Panamax_Standard_Paradip,V4_Panamax_Standard_Paradip,V4_Panamax_Standard_Paradip,0,6.6763,0.0
2025-06-18,120000,5.62,6.0441,5.2413,11.9177,6.6763,V2_Capesize_Standard_Paradip,V2_Capesize_Standard_Paradip,V2_Capesize_Standard_Paradip,V2_Capesize_Standard_Paradip,0,6.6763,0.0
2025-06-23,50000,5.78,6.0441,5.3067,11.9177,6.611,V5_Supramax_Geared_Paradip,V5_Supramax_Geared_Paradip,V5_Supramax_Geared_Paradip,V5_Supramax_Geared_Paradip,0,6.611,0.0
2025-06-23,75000,5.78,6.0441,5.3067,11.9177,6.611,V4_Panamax_Standard_Paradip,V4_Panamax_Standard_Paradip,V4_Panamax_Standard_Paradip,V4_Panamax_Standard_Paradip,0,6.611,0.0
2025-06-23,120000,5.78,6.0441,5.3067,11.9177,6.611,V2_Capesize_Standard_Paradip,V2_Capesize_Standard_Paradip,V2_Capesize_Standard_Paradip,V2_Capesize_Standard_Paradip,0,6.611,0.0
2025-06-25,50000,5.8,6.0943,5.3042,11.9177,6.6134,V5_Supramax_Geared_Paradip,V5_Supramax_Geared_Paradip,V5_Supramax_Geared_Paradip,V5_Supramax_Geared_Paradip,0,6.6134,0.0
2025-06-25,75000,5.8,6.0943,5.3042,11.9177,6.6134,V4_Panamax_Standard_Paradip,V4_Panamax_Standard_Paradip,V4_Panamax_Standard_Paradip,V4_Panamax_Standard_Paradip,0,6.6134,0.0
2025-06-25,120000,5.8,6.0943,5.3042,11.9177,6.6134,V2_Capesize_Standard_Paradip,V2_Capesize_Standard_Paradip,V2_Capesize_Standard_Paradip,V2_Capesize_Standard_Paradip,0,6.6134,0.0
2025-06-27,50000,5.584,6.2983,5.2505,11.9177,6.6672,V5_Supramax_Geared_Paradip,V5_Supramax_Geared_Paradip,V5_Supramax_Geared_Paradip,V5_Supramax_Geared_Paradip,0,6.6672,0.0
2025-06-27,75000,5.584,6.2983,5.2505,11.9177,6.6672,V4_Panamax_Standard_Paradip,V4_Panamax_Standard_Paradip,V4_Panamax_Standard_Paradip,V4_Panamax_Standard_Paradip,0,6.6672,0.0
2025-06-27,120000,5.584,6.2983,5.2505,11.9177,6.6672,V2_Capesize_Standard_Paradip,V2_Capesize_Standard_Paradip,V2_Capesize_Standard_Paradip,V2_Capesize_Standard_Paradip,0,6.6672,0.0
2025-07-01,50000,5.63,6.2185,5.0935,11.9177,6.8242,V5_Supramax_Geared_Paradip,V5_Supramax_Geared_Paradip,V5_Supramax_Geared_Paradip,V5_Supramax_Geared_Paradip,0,6.8242,0.0
2025-07-01,75000,5.63,6.2185,5.0935,11.9177,6.8242,V4_Panamax_Standard_Paradip,V4_Panamax_Standard_Paradip,V4_Panamax_Standard_Paradip,V4_Panamax_Standard_Paradip,0,6.8242,0.0
2025-07-01,120000,5.63,6.2185,5.0935,11.9177,6.8242,V2_Capesize_Standard_Paradip,V2_Capesize_Standard_Paradip,V2_Capesize_Standard_Paradip,V2_Capesize_Standard_Paradip,0,6.8242,0.0
2025-07-03,50000,5.93,6.2597,5.1676,11.9177,6.75,V5_Supramax_Geared_Paradip,V5_Supramax_Geared_Paradip,V5_Supramax_Geared_Paradip,V5_Supramax_Geared_Paradip,0,6.75,0.0
2025-07-03,75000,5.93,6.2597,5.1676,11.9177,6.75,V4_Panamax_Standard_Paradip,V4_Panamax_Standard_Paradip,V4_Panamax_Standard_Paradip,V4_Panamax_Standard_Paradip,0,6.75,0.0
2025-07-03,120000,5.93,6.2597,5.1676,11.9177,6.75,V2_Capesize_Standard_Paradip,V2_Capesize_Standard_Paradip,V2_Capesize_Standard_Paradip,V2_Capesize_Standard_Paradip,0,6.75,0.0
2025-07-08,50000,6.18,6.5298,5.1453,11.9177,6.7723,V5_Supramax_Geared_Paradip,V5_Supramax_Geared_Paradip,V5_Supramax_Geared_Paradip,V5_Supramax_Geared_Paradip,0,6.7723,0.0
2025-07-08,75000,6.18,6.5298,5.1453,11.9177,6.7723,V4_Panamax_Standard_Paradip,V4_Panamax_Standard_Paradip,V4_Panamax_Standard_Paradip,V4_Panamax_Standard_Paradip,0,6.7723,0.0
2025-07-08,120000,6.18,6.5298,5.1453,11.9177,6.7723,V2_Capesize_Standard_Paradip,V2_Capesize_Standard_Paradip,V2_Capesize_Standard_Paradip,V2_Capesize_Standard_Paradip,0,6.7723,0.0
2025-07-10,50000,6.66,7.0443,5.9386,11.8446,5.9061,V5_Supramax_Geared_Paradip,V5_Supramax_Geared_Paradip,V5_Supramax_Geared_Paradip,V5_Supramax_Geared_Paradip,0,5.9061,0.0
2025-07-10,75000,6.66,7.0443,5.9386,11.8446,5.9061,V4_Panamax_Standard_Paradip,V4_Panamax_Standard_Paradip,V4_Panamax_Standard_Paradip,V4_Panamax_Standard_Paradip,0,5.9061,0.0
2025-07-10,120000,6.66,7.0443,5.9386,11.8446,5.9061,V2_Capesize_Standard_Paradip,V2_Capesize_Standard_Paradip,V2_Capesize_Standard_Paradip,V2_Capesize_Standard_Paradip,0,5.9061,0.0
2025-07-14,50000,7.26,7.3891,6.1224,11.8446,5.7223,V5_Supramax_Geared_Paradip,V5_Supramax_Geared_Paradip,V5_Supramax_Geared_Paradip,V5_Supramax_Geared_Paradip,0,5.7223,0.0
2025-07-14,75000,7.26,7.3891,6.1224,11.8446,5.7223,V4_Panamax_Standard_Paradip,V4_Panamax_Standard_Paradip,V4_Panamax_Standard_Paradip,V4_Panamax_Standard_Paradip,0,5.7223,0.0
2025-07-14,120000,7.26,7.3891,6.1224,11.8446,5.7223,V2_Capesize_Standard_Paradip,V2_Capesize_Standard_Paradip,V2_Capesize_Standard_Paradip,V2_Capesize_Standard_Paradip,0,5.7223,0.0
2025-07-16,50000,7.25,7.4194,6.1597,11.8446,5.6849,V5_Supramax_Geared_Paradip,V5_Supramax_Geared_Paradip,V5_Supramax_Geared_Paradip,V5_Supramax_Geared_Paradip,0,5.6849,0.0
2025-07-16,75000,7.25,7.4194,6.1597,11.8446,5.6849,V4_Panamax_Standard_Paradip,V4_Panamax_Standard_Paradip,V4_Panamax_Standard_Paradip,V4_Panamax_Standard_Paradip,0,5.6849,0.0
2025-07-16,120000,7.25,7.4194,6.1597,11.8446,5.6849,V2_Capesize_Standard_Paradip,V2_Capesize_Standard_Paradip,V2_Capesize_Standard_Paradip,V2_Capesize_Standard_Paradip,0,5.6849,0.0
2025-07-18,50000,7.4,7.3254,6.108,11.8446,5.7366,V5_Supramax_Geared_Paradip,V5_Supramax_Geared_Paradip,V5_Supramax_Geared_Paradip,V5_Supramax_Geared_Paradip,0,5.7366,0.0
2025-07-18,75000,7.4,7.3254,6.108,11.8446,5.7366,V4_Panamax_Standard_Paradip,V4_Panamax_Standard_Paradip,V4_Panamax_Standard_Paradip,V4_Panamax_Standard_Paradip,0,5.7366,0.0
2025-07-18,120000,7.4,7.3254,6.108,11.8446,5.7366,V2_Capesize_Standard_Paradip,V2_Capesize_Standard_Paradip,V2_Capesize_Standard_Paradip,V2_Capesize_Standard_Paradip,0,5.7366,0.0
2025-07-22,50000,7.67,8.4577,6.7509,11.8446,5.0938,V5_Supramax_Geared_Paradip,V5_Supramax_Geared_Paradip,V5_Supramax_Geared_Paradip,V5_Supramax_Geared_Paradip,0,5.0938,0.0
2025-07-22,75000,7.67,8.4577,6.7509,11.8446,5.0938,V4_Panamax_Standard_Paradip,V4_Panamax_Standard_Paradip,V4_Panamax_Standard_Paradip,V4_Panamax_Standard_Paradip,0,5.0938,0.0
2025-07-22,120000,7.67,8.4577,6.7509,11.8446,5.0938,V2_Capesize_Standard_Paradip,V2_Capesize_Standard_Paradip,V2_Capesize_Standard_Paradip,V2_Capesize_Standard_Paradip,0,5.0938,0.0
2025-07-24,50000,7.42,8.2029,6.3113,11.8446,5.5333,V5_Supramax_Geared_Paradip,V5_Supramax_Geared_Paradip,V5_Supramax_Geared_Paradip,V5_Supramax_Geared_Paradip,0,5.5333,0.0
2025-07-24,75000,7.42,8.2029,6.3113,11.8446,5.5333,V4_Panamax_Standard_Paradip,V4_Panamax_Standard_Paradip,V4_Panamax_Standard_Paradip,V4_Panamax_Standard_Paradip,0,5.5333,0.0
2025-07-24,120000,7.42,8.2029,6.3113,11.8446,5.5333,V2_Capesize_Standard_Paradip,V2_Capesize_Standard_Paradip,V2_Capesize_Standard_Paradip,V2_Capesize_Standard_Paradip,0,5.5333,0.0
2025-07-28,50000,7.246,7.6973,6.5316,11.8446,5.313,V5_Supramax_Geared_Paradip,V5_Supramax_Geared_Paradip,V5_Supramax_Geared_Paradip,V5_Supramax_Geared_Paradip,0,5.313,0.0
2025-07-28,75000,7.246,7.6973,6.5316,11.8446,5.313,V4_Panamax_Standard_Paradip,V4_Panamax_Standard_Paradip,V4_Panamax_Standard_Paradip,V4_Panamax_Standard_Paradip,0,5.313,0.0
2025-07-28,120000,7.246,7.6973,6.5316,11.8446,5.313,V2_Capesize_Standard_Paradip,V2_Capesize_Standard_Paradip,V2_Capesize_Standard_Paradip,V2_Capesize_Standard_Paradip,0,5.313,0.0
2025-07-30,50000,7.02,7.3253,6.0675,11.8446,5.7771,V5_Supramax_Geared_Paradip,V5_Supramax_Geared_Paradip,V5_Supramax_Geared_Paradip,V5_Supramax_Geared_Paradip,0,5.7771,0.0
2025-07-30,75000,7.02,7.3253,6.0675,11.8446,5.7771,V4_Panamax_Standard_Paradip,V4_Panamax_Standard_Paradip,V4_Panamax_Standard_Paradip,V4_Panamax_Standard_Paradip,0,5.7771,0.0
2025-07-30,120000,7.02,7.3253,6.0675,11.8446,5.7771,V2_Capesize_Standard_Paradip,V2_Capesize_Standard_Paradip,V2_Capesize_Standard_Paradip,V2_Capesize_Standard_Paradip,0,5.7771,0.0
2025-08-01,50000,7.46,7.5056,6.1782,11.8446,5.6665,V5_Supramax_Geared_Paradip,V5_Supramax_Geared_Paradip,V5_Supramax_Geared_Paradip,V5_Supramax_Geared_Paradip,0,5.6665,0.0
2025-08-01,75000,7.46,7.5056,6.1782,11.8446,5.6665,V4_Panamax_Standard_Paradip,V4_Panamax_Standard_Paradip,V4_Panamax_Standard_Paradip,V4_Panamax_Standard_Paradip,0,5.6665,0.0
2025-08-01,120000,7.46,7.5056,6.1782,11.8446,5.6665,V2_Capesize_Standard_Paradip,V2_Capesize_Standard_Paradip,V2_Capesize_Standard_Paradip,V2_Capesize_Standard_Paradip,0,5.6665,0.0
2025-08-05,50000,7.77,8.158,6.5139,11.8446,5.3307,V5_Supramax_Geared_Paradip,V5_Supramax_Geared_Paradip,V5_Supramax_Geared_Paradip,V5_Supramax_Geared_Paradip,0,5.3307,0.0
2025-08-05,75000,7.77,8.158,6.5139,11.8446,5.3307,V4_Panamax_Standard_Paradip,V4_Panamax_Standard_Paradip,V4_Panamax_Standard_Paradip,V4_Panamax_Standard_Paradip,0,5.3307,0.0
2025-08-05,120000,7.77,8.158,6.5139,11.8446,5.3307,V2_Capesize_Standard_Paradip,V2_Capesize_Standard_Paradip,V2_Capesize_Standard_Paradip,V2_Capesize_Standard_Paradip,0,5.3307,0.0
2025-08-07,50000,7.75,8.2029,6.5111,11.8446,5.3335,V5_Supramax_Geared_Paradip,V5_Supramax_Geared_Paradip,V5_Supramax_Geared_Paradip,V5_Supramax_Geared_Paradip,0,5.3335,0.0
2025-08-07,75000,7.75,8.2029,6.5111,11.8446,5.3335,V4_Panamax_Standard_Paradip,V4_Panamax_Standard_Paradip,V4_Panamax_Standard_Paradip,V4_Panamax_Standard_Paradip,0,5.3335,0.0
2025-08-07,120000,7.75,8.2029,6.5111,11.8446,5.3335,V2_Capesize_Standard_Paradip,V2_Capesize_Standard_Paradip,V2_Capesize_Standard_Paradip,V2_Capesize_Standard_Paradip,0,5.3335,0.0
2025-08-11,50000,7.9,8.2029,6.7616,11.8446,5.0831,V5_Supramax_Geared_Paradip,V5_Supramax_Geared_Paradip,V5_Supramax_Geared_Paradip,V5_Supramax_Geared_Paradip,0,5.0831,0.0
2025-08-11,75000,7.9,8.2029,6.7616,11.8446,5.0831,V4_Panamax_Standard_Paradip,V4_Panamax_Standard_Paradip,V4_Panamax_Standard_Paradip,V4_Panamax_Standard_Paradip,0,5.0831,0.0
2025-08-11,120000,7.9,8.2029,6.7616,11.8446,5.0831,V2_Capesize_Standard_Paradip,V2_Capesize_Standard_Paradip,V2_Capesize_Standard_Paradip,V2_Capesize_Standard_Paradip,0,5.0831,0.0
2025-08-13,50000,8.167,8.2441,6.8703,11.8446,4.9743,V5_Supramax_Geared_Paradip,V5_Supramax_Geared_Paradip,V5_Supramax_Geared_Paradip,V5_Supramax_Geared_Paradip,0,4.9743,0.0
2025-08-13,75000,8.167,8.2441,6.8703,11.8446,4.9743,V4_Panamax_Standard_Paradip,V4_Panamax_Standard_Paradip,V4_Panamax_Standard_Paradip,V4_Panamax_Standard_Paradip,0,4.9743,0.0
2025-08-13,120000,8.167,8.2441,6.8703,11.8446,4.9743,V2_Capesize_Standard_Paradip,V2_Capesize_Standard_Paradip,V2_Capesize_Standard_Paradip,V2_Capesize_Standard_Paradip,0,4.9743,0.0
2025-08-15,50000,8.02,8.2029,6.8122,11.8446,5.0324,V5_Supramax_Geared_Paradip,V5_Supramax_Geared_Paradip,V5_Supramax_Geared_Paradip,V5_Supramax_Geared_Paradip,0,5.0324,0.0
2025-08-15,75000,8.02,8.2029,6.8122,11.8446,5.0324,V4_Panamax_Standard_Paradip,V4_Panamax_Standard_Paradip,V4_Panamax_Standard_Paradip,V4_Panamax_Standard_Paradip,0,5.0324,0.0
2025-08-15,120000,8.02,8.2029,6.8122,11.8446,5.0324,V2_Capesize_Standard_Paradip,V2_Capesize_Standard_Paradip,V2_Capesize_Standard_Paradip,V2_Capesize_Standard_Paradip,0,5.0324,0.0
2025-08-19,50000,7.773,8.1737,6.7925,11.8446,5.0522,V5_Supramax_Geared_Paradip,V5_Supramax_Geared_Paradip,V5_Supramax_Geared_Paradip,V5_Supramax_Geared_Paradip,0,5.0522,0.0
2025-08-19,75000,7.773,8.1737,6.7925,11.8446,5.0522,V4_Panamax_Standard_Paradip,V4_Panamax_Standard_Paradip,V4_Panamax_Standard_Paradip,V4_Panamax_Standard_Paradip,0,5.0522,0.0
2025-08-19,120000,7.773,8.1737,6.7925,11.8446,5.0522,V2_Capesize_Standard_Paradip,V2_Capesize_Standard_Paradip,V2_Capesize_Standard_Paradip,V2_Capesize_Standard_Paradip,0,5.0522,0.0
2025-08-21,50000,8.16,8.2029,6.8501,11.8446,4.9946,V5_Supramax_Geared_Paradip,V5_Supramax_Geared_Paradip,V5_Supramax_Geared_Paradip,V5_Supramax_Geared_Paradip,0,4.9946,0.0
2025-08-21,75000,8.16,8.2029,6.8501,11.8446,4.9946,V4_Panamax_Standard_Paradip,V4_Panamax_Standard_Paradip,V4_Panamax_Standard_Paradip,V4_Panamax_Standard_Paradip,0,4.9946,0.0
2025-08-21,120000,8.16,8.2029,6.8501,11.8446,4.9946,V2_Capesize_Standard_Paradip,V2_Capesize_Standard_Paradip,V2_Capesize_Standard_Paradip,V2_Capesize_Standard_Paradip,0,4.9946,0.0
2025-08-25,50000,8.5,8.2715,6.8691,11.8446,4.9755,V5_Supramax_Geared_Paradip,V5_Supramax_Geared_Paradip,V5_Supramax_Geared_Paradip,V5_Supramax_Geared_Paradip,0,4.9755,0.0
2025-08-25,75000,8.5,8.2715,6.8691,11.8446,4.9755,V4_Panamax_Standard_Paradip,V4_Panamax_Standard_Paradip,V4_Panamax_Standard_Paradip,V4_Panamax_Standard_Paradip,0,4.9755,0.0
2025-08-25,120000,8.5,8.2715,6.8691,11.8446,4.9755,V2_Capesize_Standard_Paradip,V2_Capesize_Standard_Paradip,V2_Capesize_Standard_Paradip,V2_Capesize_Standard_Paradip,0,4.9755,0.0
2025-08-27,50000,8.3,8.4529,6.6372,11.8446,5.2075,V5_Supramax_Geared_Paradip,V5_Supramax_Geared_Paradip,V5_Supramax_Geared_Paradip,V5_Supramax_Geared_Paradip,0,5.2075,0.0
2025-08-27,75000,8.3,8.4529,6.6372,11.8446,5.2075,V4_Panamax_Standard_Paradip,V4_Panamax_Standard_Paradip,V4_Panamax_Standard_Paradip,V4_Panamax_Standard_Paradip,0,5.2075,0.0
2025-08-27,120000,8.3,8.4529,6.6372,11.8446,5.2075,V2_Capesize_Standard_Paradip,V2_Capesize_Standard_Paradip,V2_Capesize_Standard_Paradip,V2_Capesize_Standard_Paradip,0,5.2075,0.0
2025-08-29,50000,8.37,8.2029,6.817,11.8446,5.0276,V5_Supramax_Geared_Paradip,V5_Supramax_Geared_Paradip,V5_Supramax_Geared_Paradip,V5_Supramax_Geared_Paradip,0,5.0276,0.0
2025-08-29,75000,8.37,8.2029,6.817,11.8446,5.0276,V4_Panamax_Standard_Paradip,V4_Panamax_Standard_Paradip,V4_Panamax_Standard_Paradip,V4_Panamax_Standard_Paradip,0,5.0276,0.0
2025-08-29,120000,8.37,8.2029,6.817,11.8446,5.0276,V2_Capesize_Standard_Paradip,V2_Capesize_Standard_Paradip,V2_Capesize_Standard_Paradip,V2_Capesize_Standard_Paradip,0,5.0276,0.0
2025-09-03,50000,8.14,8.1737,6.8836,11.8446,4.9611,V5_Supramax_Geared_Paradip,V5_Supramax_Geared_Paradip,V5_Supramax_Geared_Paradip,V5_Supramax_Geared_Paradip,0,4.9611,0.0
2025-09-03,75000,8.14,8.1737,6.8836,11.8446,4.9611,V4_Panamax_Standard_Paradip,V4_Panamax_Standard_Paradip,V4_Panamax_Standard_Paradip,V4_Panamax_Standard_Paradip,0,4.9611,0.0
2025-09-03,120000,8.14,8.1737,6.8836,11.8446,4.9611,V2_Capesize_Standard_Paradip,V2_Capesize_Standard_Paradip,V2_Capesize_Standard_Paradip,V2_Capesize_Standard_Paradip,0,4.9611,0.0
2025-09-05,50000,8.04,8.1737,6.7167,11.9177,5.2009,V5_Supramax_Geared_Paradip,V5_Supramax_Geared_Paradip,V5_Supramax_Geared_Paradip,V5_Supramax_Geared_Paradip,0,5.2009,0.0
2025-09-05,75000,8.04,8.1737,6.7167,11.9177,5.2009,V4_Panamax_Standard_Paradip,V4_Panamax_Standard_Paradip,V4_Panamax_Standard_Paradip,V4_Panamax_Standard_Paradip,0,5.2009,0.0
2025-09-05,120000,8.04,8.1737,6.7167,11.9177,5.2009,V2_Capesize_Standard_Paradip,V2_Capesize_Standard_Paradip,V2_Capesize_Standard_Paradip,V2_Capesize_Standard_Paradip,0,5.2009,0.0
2025-09-09,50000,8.39,8.2441,6.8464,11.8446,4.9983,V5_Supramax_Geared_Paradip,V5_Supramax_Geared_Paradip,V5_Supramax_Geared_Paradip,V5_Supramax_Geared_Paradip,0,4.9983,0.0
2025-09-09,75000,8.39,8.2441,6.8464,11.8446,4.9983,V4_Panamax_Standard_Paradip,V4_Panamax_Standard_Paradip,V4_Panamax_Standard_Paradip,V4_Panamax_Standard_Paradip,0,4.9983,0.0
2025-09-09,120000,8.39,8.2441,6.8464,11.8446,4.9983,V2_Capesize_Standard_Paradip,V2_Capesize_Standard_Paradip,V2_Capesize_Standard_Paradip,V2_Capesize_Standard_Paradip,0,4.9983,0.0
2025-09-11,50000,8.115,8.2029,6.7917,11.8446,5.053,V5_Supramax_Geared_Paradip,V5_Supramax_Geared_Paradip,V5_Supramax_Geared_Paradip,V5_Supramax_Geared_Paradip,0,5.053,0.0
2025-09-11,75000,8.115,8.2029,6.7917,11.8446,5.053,V4_Panamax_Standard_Paradip,V4_Panamax_Standard_Paradip,V4_Panamax_Standard_Paradip,V4_Panamax_Standard_Paradip,0,5.053,0.0
2025-09-11,120000,8.115,8.2029,6.7917,11.8446,5.053,V2_Capesize_Standard_Paradip,V2_Capesize_Standard_Paradip,V2_Capesize_Standard_Paradip,V2_Capesize_Standard_Paradip,0,5.053,0.0
2025-09-15,50000,8.21,8.2029,6.8295,11.8446,5.0151,V5_Supramax_Geared_Paradip,V5_Supramax_Geared_Paradip,V5_Supramax_Geared_Paradip,V5_Supramax_Geared_Paradip,0,5.0151,0.0
2025-09-15,75000,8.21,8.2029,6.8295,11.8446,5.0151,V4_Panamax_Standard_Paradip,V4_Panamax_Standard_Paradip,V4_Panamax_Standard_Paradip,V4_Panamax_Standard_Paradip,0,5.0151,0.0
2025-09-15,120000,8.21,8.2029,6.8295,11.8446,5.0151,V2_Capesize_Standard_Paradip,V2_Capesize_Standard_Paradip,V2_Capesize_Standard_Paradip,V2_Capesize_Standard_Paradip,0,5.0151,0.0
2025-09-17,50000,8.14,8.2029,6.8125,11.8446,5.0321,V5_Supramax_Geared_Paradip,V5_Supramax_Geared_Paradip,V5_Supramax_Geared_Paradip,V5_Supramax_Geared_Paradip,0,5.0321,0.0
2025-09-17,75000,8.14,8.2029,6.8125,11.8446,5.0321,V4_Panamax_Standard_Paradip,V4_Panamax_Standard_Paradip,V4_Panamax_Standard_Paradip,V4_Panamax_Standard_Paradip,0,5.0321,0.0
2025-09-17,120000,8.14,8.2029,6.8125,11.8446,5.0321,V2_Capesize_Standard_Paradip,V2_Capesize_Standard_Paradip,V2_Capesize_Standard_Paradip,V2_Capesize_Standard_Paradip,0,5.0321,0.0
2025-09-19,50000,8.16,8.2029,6.8207,11.9177,5.097,V5_Supramax_Geared_Paradip,V5_Supramax_Geared_Paradip,V5_Supramax_Geared_Paradip,V5_Supramax_Geared_Paradip,0,5.097,0.0
2025-09-19,75000,8.16,8.2029,6.8207,11.9177,5.097,V4_Panamax_Standard_Paradip,V4_Panamax_Standard_Paradip,V4_Panamax_Standard_Paradip,V4_Panamax_Standard_Paradip,0,5.097,0.0
2025-09-19,120000,8.16,8.2029,6.8207,11.9177,5.097,V2_Capesize_Standard_Paradip,V2_Capesize_Standard_Paradip,V2_Capesize_Standard_Paradip,V2_Capesize_Standard_Paradip,0,5.097,0.0
2025-09-23,50000,8.25,8.2441,6.8426,11.9177,5.075,V5_Supramax_Geared_Paradip,V5_Supramax_Geared_Paradip,V5_Supramax_Geared_Paradip,V5_Supramax_Geared_Paradip,0,5.075,0.0
2025-09-23,75000,8.25,8.2441,6.8426,11.9177,5.075,V4_Panamax_Standard_Paradip,V4_Panamax_Standard_Paradip,V4_Panamax_Standard_Paradip,V4_Panamax_Standard_Paradip,0,5.075,0.0
2025-09-23,120000,8.25,8.2441,6.8426,11.9177,5.075,V2_Capesize_Standard_Paradip,V2_Capesize_Standard_Paradip,V2_Capesize_Standard_Paradip,V2_Capesize_Standard_Paradip,0,5.075,0.0
2025-09-25,50000,8.2,8.2029,6.6293,11.9177,5.2883,V5_Supramax_Geared_Paradip,V5_Supramax_Geared_Paradip,V5_Supramax_Geared_Paradip,V5_Supramax_Geared_Paradip,0,5.2883,0.0
2025-09-25,75000,8.2,8.2029,6.6293,11.9177,5.2883,V4_Panamax_Standard_Paradip,V4_Panamax_Standard_Paradip,V4_Panamax_Standard_Paradip,V4_Panamax_Standard_Paradip,0,5.2883,0.0
2025-09-25,120000,8.2,8.2029,6.6293,11.9177,5.2883,V2_Capesize_Standard_Paradip,V2_Capesize_Standard_Paradip,V2_Capesize_Standard_Paradip,V2_Capesize_Standard_Paradip,0,5.2883,0.0
2025-09-29,50000,7.77,8.1737,6.6182,11.9177,5.2995,V5_Supramax_Geared_Paradip,V5_Supramax_Geared_Paradip,V5_Supramax_Geared_Paradip,V5_Supramax_Geared_Paradip,0,5.2995,0.0
2025-09-29,75000,7.77,8.1737,6.6182,11.9177,5.2995,V4_Panamax_Standard_Paradip,V4_Panamax_Standard_Paradip,V4_Panamax_Standard_Paradip,V4_Panamax_Standard_Paradip,0,5.2995,0.0
2025-09-29,120000,7.77,8.1737,6.6182,11.9177,5.2995,V2_Capesize_Standard_Paradip,V2_Capesize_Standard_Paradip,V2_Capesize_Standard_Paradip,V2_Capesize_Standard_Paradip,0,5.2995,0.0
2025-10-01,50000,7.58,8.0639,6.7167,11.9177,5.201,V5_Supramax_Geared_Paradip,V5_Supramax_Geared_Paradip,V5_Supramax_Geared_Paradip,V5_Supramax_Geared_Paradip,0,5.201,0.0
2025-10-01,75000,7.58,8.0639,6.7167,11.9177,5.201,V4_Panamax_Standard_Paradip,V4_Panamax_Standard_Paradip,V4_Panamax_Standard_Paradip,V4_Panamax_Standard_Paradip,0,5.201,0.0
2025-10-01,120000,7.58,8.0639,6.7167,11.9177,5.201,V2_Capesize_Standard_Paradip,V2_Capesize_Standard_Paradip,V2_Capesize_Standard_Paradip,V2_Capesize_Standard_Paradip,0,5.201,0.0
2025-10-03,50000,7.72,8.1534,6.7228,11.9177,5.1949,V5_Supramax_Geared_Paradip,V5_Supramax_Geared_Paradip,V5_Supramax_Geared_Paradip,V5_Supramax_Geared_Paradip,0,5.1949,0.0
2025-10-03,75000,7.72,8.1534,6.7228,11.9177,5.1949,V4_Panamax_Standard_Paradip,V4_Panamax_Standard_Paradip,V4_Panamax_Standard_Paradip,V4_Panamax_Standard_Paradip,0,5.1949,0.0
2025-10-03,120000,7.72,8.1534,6.7228,11.9177,5.1949,V2_Capesize_Standard_Paradip,V2_Capesize_Standard_Paradip,V2_Capesize_Standard_Paradip,V2_Capesize_Standard_Paradip,0,5.1949,0.0
2025-10-07,50000,8.0,8.1825,6.8522,11.9177,5.0654,V5_Supramax_Geared_Paradip,V5_Supramax_Geared_Paradip,V5_Supramax_Geared_Paradip,V5_Supramax_Geared_Paradip,0,5.0654,0.0
2025-10-07,75000,8.0,8.1825,6.8522,11.9177,5.0654,V4_Panamax_Standard_Paradip,V4_Panamax_Standard_Paradip,V4_Panamax_Standard_Paradip,V4_Panamax_Standard_Paradip,0,5.0654,0.0
2025-10-07,120000,8.0,8.1825,6.8522,11.9177,5.0654,V2_Capesize_Standard_Paradip,V2_Capesize_Standard_Paradip,V2_Capesize_Standard_Paradip,V2_Capesize_Standard_Paradip,0,5.0654,0.0
2025-10-09,50000,7.7,8.1825,6.6988,11.8446,5.1458,V5_Supramax_Geared_Paradip,V5_Supramax_Geared_Paradip,V5_Supramax_Geared_Paradip,V5_Supramax_Geared_Paradip,0,5.1458,0.0
2025-10-09,75000,7.7,8.1825,6.6988,11.8446,5.1458,V4_Panamax_Standard_Paradip,V4_Panamax_Standard_Paradip,V4_Panamax_Standard_Paradip,V4_Panamax_Standard_Paradip,0,5.1458,0.0
2025-10-09,120000,7.7,8.1825,6.6988,11.8446,5.1458,V2_Capesize_Standard_Paradip,V2_Capesize_Standard_Paradip,V2_Capesize_Standard_Paradip,V2_Capesize_Standard_Paradip,0,5.1458,0.0
2025-10-13,50000,8.64,8.718,6.9028,11.8446,4.9418,V5_Supramax_Geared_Paradip,V5_Supramax_Geared_Paradip,V5_Supramax_Geared_Paradip,V5_Supramax_Geared_Paradip,0,4.9418,0.0
2025-10-13,75000,8.64,8.718,6.9028,11.8446,4.9418,V4_Panamax_Standard_Paradip,V4_Panamax_Standard_Paradip,V4_Panamax_Standard_Paradip,V4_Panamax_Standard_Paradip,0,4.9418,0.0
2025-10-13,120000,8.64,8.718,6.9028,11.8446,4.9418,V2_Capesize_Standard_Paradip,V2_Capesize_Standard_Paradip,V2_Capesize_Standard_Paradip,V2_Capesize_Standard_Paradip,0,4.9418,0.0
2025-10-15,50000,8.52,8.718,6.8764,11.8446,4.9683,V5_Supramax_Geared_Paradip,V5_Supramax_Geared_Paradip,V5_Supramax_Geared_Paradip,V5_Supramax_Geared_Paradip,0,4.9683,0.0
2025-10-15,75000,8.52,8.718,6.8764,11.8446,4.9683,V4_Panamax_Standard_Paradip,V4_Panamax_Standard_Paradip,V4_Panamax_Standard_Paradip,V4_Panamax_Standard_Paradip,0,4.9683,0.0
2025-10-15,120000,8.52,8.718,6.8764,11.8446,4.9683,V2_Capesize_Standard_Paradip,V2_Capesize_Standard_Paradip,V2_Capesize_Standard_Paradip,V2_Capesize_Standard_Paradip,0,4.9683,0.0
2025-10-17,50000,8.16,8.2029,6.7217,11.8446,5.123,V5_Supramax_Geared_Paradip,V5_Supramax_Geared_Paradip,V5_Supramax_Geared_Paradip,V5_Supramax_Geared_Paradip,0,5.123,0.0
2025-10-17,75000,8.16,8.2029,6.7217,11.8446,5.123,V4_Panamax_Standard_Paradip,V4_Panamax_Standard_Paradip,V4_Panamax_Standard_Paradip,V4_Panamax_Standard_Paradip,0,5.123,0.0
2025-10-17,120000,8.16,8.2029,6.7217,11.8446,5.123,V2_Capesize_Standard_Paradip,V2_Capesize_Standard_Paradip,V2_Capesize_Standard_Paradip,V2_Capesize_Standard_Paradip,0,5.123,0.0
2025-10-21,50000,8.38,8.2029,6.7717,11.8446,5.0729,V5_Supramax_Geared_Paradip,V5_Supramax_Geared_Paradip,V5_Supramax_Geared_Paradip,V5_Supramax_Geared_Paradip,0,5.0729,0.0
2025-10-21,75000,8.38,8.2029,6.7717,11.8446,5.0729,V4_Panamax_Standard_Paradip,V4_Panamax_Standard_Paradip,V4_Panamax_Standard_Paradip,V4_Panamax_Standard_Paradip,0,5.0729,0.0
2025-10-21,120000,8.38,8.2029,6.7717,11.8446,5.0729,V2_Capesize_Standard_Paradip,V2_Capesize_Standard_Paradip,V2_Capesize_Standard_Paradip,V2_Capesize_Standard_Paradip,0,5.0729,0.0
2025-10-23,50000,7.82,8.1737,6.7351,11.8446,5.1095,V5_Supramax_Geared_Paradip,V5_Supramax_Geared_Paradip,V5_Supramax_Geared_Paradip,V5_Supramax_Geared_Paradip,0,5.1095,0.0
2025-10-23,75000,7.82,8.1737,6.7351,11.8446,5.1095,V4_Panamax_Standard_Paradip,V4_Panamax_Standard_Paradip,V4_Panamax_Standard_Paradip,V4_Panamax_Standard_Paradip,0,5.1095,0.0
2025-10-23,120000,7.82,8.1737,6.7351,11.8446,5.1095,V2_Capesize_Standard_Paradip,V2_Capesize_Standard_Paradip,V2_Capesize_Standard_Paradip,V2_Capesize_Standard_Paradip,0,5.1095,0.0
2025-10-27,50000,7.97,8.1737,6.7988,11.8446,5.0458,V5_Supramax_Geared_Paradip,V5_Supramax_Geared_Paradip,V5_Supramax_Geared_Paradip,V5_Supramax_Geared_Paradip,0,5.0458,0.0
2025-10-27,75000,7.97,8.1737,6.7988,11.8446,5.0458,V4_Panamax_Standard_Paradip,V4_Panamax_Standard_Paradip,V4_Panamax_Standard_Paradip,V4_Panamax_Standard_Paradip,0,5.0458,0.0
2025-10-27,120000,7.97,8.1737,6.7988,11.8446,5.0458,V2_Capesize_Standard_Paradip,V2_Capesize_Standard_Paradip,V2_Capesize_Standard_Paradip,V2_Capesize_Standard_Paradip,0,5.0458,0.0
2025-10-29,50000,8.2,8.2722,6.8031,11.8446,5.0415,V5_Supramax_Geared_Paradip,V5_Supramax_Geared_Paradip,V5_Supramax_Geared_Paradip,V5_Supramax_Geared_Paradip,0,5.0415,0.0
2025-10-29,75000,8.2,8.2722,6.8031,11.8446,5.0415,V4_Panamax_Standard_Paradip,V4_Panamax_Standard_Paradip,V4_Panamax_Standard_Paradip,V4_Panamax_Standard_Paradip,0,5.0415,0.0
2025-10-29,120000,8.2,8.2722,6.8031,11.8446,5.0415,V2_Capesize_Standard_Paradip,V2_Capesize_Standard_Paradip,V2_Capesize_Standard_Paradip,V2_Capesize_Standard_Paradip,0,5.0415,0.0
2025-10-31,50000,8.1,8.2029,6.6544,11.8446,5.1902,V5_Supramax_Geared_Paradip,V5_Supramax_Geared_Paradip,V5_Supramax_Geared_Paradip,V5_Supramax_Geared_Paradip,0,5.1902,0.0
2025-10-31,75000,8.1,8.2029,6.6544,11.8446,5.1902,V4_Panamax_Standard_Paradip,V4_Panamax_Standard_Paradip,V4_Panamax_Standard_Paradip,V4_Panamax_Standard_Paradip,0,5.1902,0.0
2025-10-31,120000,8.1,8.2029,6.6544,11.8446,5.1902,V2_Capesize_Standard_Paradip,V2_Capesize_Standard_Paradip,V2_Capesize_Standard_Paradip,V2_Capesize_Standard_Paradip,0,5.1902,0.0
2025-11-04,50000,8.18,8.2925,6.7515,11.8446,5.0932,V5_Supramax_Geared_Paradip,V5_Supramax_Geared_Paradip,V5_Supramax_Geared_Paradip,V5_Supramax_Geared_Paradip,0,5.0932,0.0
2025-11-04,75000,8.18,8.2925,6.7515,11.8446,5.0932,V4_Panamax_Standard_Paradip,V4_Panamax_Standard_Paradip,V4_Panamax_Standard_Paradip,V4_Panamax_Standard_Paradip,0,5.0932,0.0
2025-11-04,120000,8.18,8.2925,6.7515,11.8446,5.0932,V2_Capesize_Standard_Paradip,V2_Capesize_Standard_Paradip,V2_Capesize_Standard_Paradip,V2_Capesize_Standard_Paradip,0,5.0932,0.0
2025-11-06,50000,8.5,8.2441,6.8484,11.8958,5.0474,V5_Supramax_Geared_Paradip,V5_Supramax_Geared_Paradip,V5_Supramax_Geared_Paradip,V5_Supramax_Geared_Paradip,0,5.0474,0.0
2025-11-06,75000,8.5,8.2441,6.8484,11.8958,5.0474,V4_Panamax_Standard_Paradip,V4_Panamax_Standard_Paradip,V4_Panamax_Standard_Paradip,V4_Panamax_Standard_Paradip,0,5.0474,0.0
2025-11-06,120000,8.5,8.2441,6.8484,11.8958,5.0474,V2_Capesize_Standard_Paradip,V2_Capesize_Standard_Paradip,V2_Capesize_Standard_Paradip,V2_Capesize_Standard_Paradip,0,5.0474,0.0
2025-11-10,50000,8.37,8.2029,6.8342,11.8958,5.0616,V5_Supramax_Geared_Paradip,V5_Supramax_Geared_Paradip,V5_Supramax_Geared_Paradip,V5_Supramax_Geared_Paradip,0,5.0616,0.0
2025-11-10,75000,8.37,8.2029,6.8342,11.8958,5.0616,V4_Panamax_Standard_Paradip,V4_Panamax_Standard_Paradip,V4_Panamax_Standard_Paradip,V4_Panamax_Standard_Paradip,0,5.0616,0.0
2025-11-10,120000,8.37,8.2029,6.8342,11.8958,5.0616,V2_Capesize_Standard_Paradip,V2_Capesize_Standard_Paradip,V2_Capesize_Standard_Paradip,V2_Capesize_Standard_Paradip,0,5.0616,0.0
2025-11-12,50000,8.48,8.2832,6.8443,11.8958,5.0515,V5_Supramax_Geared_Paradip,V5_Supramax_Geared_Paradip,V5_Supramax_Geared_Paradip,V5_Supramax_Geared_Paradip,0,5.0515,0.0
2025-11-12,75000,8.48,8.2832,6.8443,11.8958,5.0515,V4_Panamax_Standard_Paradip,V4_Panamax_Standard_Paradip,V4_Panamax_Standard_Paradip,V4_Panamax_Standard_Paradip,0,5.0515,0.0
2025-11-12,120000,8.48,8.2832,6.8443,11.8958,5.0515,V2_Capesize_Standard_Paradip,V2_Capesize_Standard_Paradip,V2_Capesize_Standard_Paradip,V2_Capesize_Standard_Paradip,0,5.0515,0.0
2025-11-14,50000,8.6,8.5581,6.7478,11.9688,5.221,V5_Supramax_Geared_Paradip,V5_Supramax_Geared_Paradip,V5_Supramax_Geared_Paradip,V5_Supramax_Geared_Paradip,0,5.221,0.0
2025-11-14,75000,8.6,8.5581,6.7478,11.9688,5.221,V4_Panamax_Standard_Paradip,V4_Panamax_Standard_Paradip,V4_Panamax_Standard_Paradip,V4_Panamax_Standard_Paradip,0,5.221,0.0
2025-11-14,120000,8.6,8.5581,6.7478,11.9688,5.221,V2_Capesize_Standard_Paradip,V2_Capesize_Standard_Paradip,V2_Capesize_Standard_Paradip,V2_Capesize_Standard_Paradip,0,5.221,0.0
2025-11-18,50000,8.99,8.6674,7.1133,11.8958,4.7825,V5_Supramax_Geared_Paradip,V5_Supramax_Geared_Paradip,V5_Supramax_Geared_Paradip,V5_Supramax_Geared_Paradip,0,4.7825,0.0
2025-11-18,75000,8.99,8.6674,7.1133,11.8958,4.7825,V4_Panamax_Standard_Paradip,V4_Panamax_Standard_Paradip,V4_Panamax_Standard_Paradip,V4_Panamax_Standard_Paradip,0,4.7825,0.0
2025-11-18,120000,8.99,8.6674,7.1133,11.8958,4.7825,V2_Capesize_Standard_Paradip,V2_Capesize_Standard_Paradip,V2_Capesize_Standard_Paradip,V2_Capesize_Standard_Paradip,0,4.7825,0.0
2025-11-20,50000,8.92,8.6303,7.3259,11.9177,4.5918,V5_Supramax_Geared_Paradip,V5_Supramax_Geared_Paradip,V5_Supramax_Geared_Paradip,V5_Supramax_Geared_Paradip,0,4.5918,0.0
2025-11-20,75000,8.92,8.6303,7.3259,11.9177,4.5918,V4_Panamax_Standard_Paradip,V4_Panamax_Standard_Paradip,V4_Panamax_Standard_Paradip,V4_Panamax_Standard_Paradip,0,4.5918,0.0
2025-11-20,120000,8.92,8.6303,7.3259,11.9177,4.5918,V2_Capesize_Standard_Paradip,V2_Capesize_Standard_Paradip,V2_Capesize_Standard_Paradip,V2_Capesize_Standard_Paradip,0,4.5918,0.0
2025-11-24,50000,9.19,8.7157,7.495,11.9177,4.4227,V5_Supramax_Geared_Paradip,V5_Supramax_Geared_Paradip,V5_Supramax_Geared_Paradip,V5_Supramax_Geared_Paradip,0,4.4227,0.0
2025-11-24,75000,9.19,8.7157,7.495,11.9177,4.4227,V4_Panamax_Standard_Paradip,V4_Panamax_Standard_Paradip,V4_Panamax_Standard_Paradip,V4_Panamax_Standard_Paradip,0,4.4227,0.0
2025-11-24,120000,9.19,8.7157,7.495,11.9177,4.4227,V2_Capesize_Standard_Paradip,V2_Capesize_Standard_Paradip,V2_Capesize_Standard_Paradip,V2_Capesize_Standard_Paradip,0,4.4227,0.0
2025-11-26,50000,9.2,8.854,7.6945,11.9688,4.2743,V5_Supramax_Geared_Paradip,V5_Supramax_Geared_Paradip,V5_Supramax_Geared_Paradip,V5_Supramax_Geared_Paradip,0,4.2743,0.0
2025-11-26,75000,9.2,8.854,7.6945,11.9688,4.2743,V4_Panamax_Standard_Paradip,V4_Panamax_Standard_Paradip,V4_Panamax_Standard_Paradip,V4_Panamax_Standard_Paradip,0,4.2743,0.0
2025-11-26,120000,9.2,8.854,7.6945,11.9688,4.2743,V2_Capesize_Standard_Paradip,V2_Capesize_Standard_Paradip,V2_Capesize_Standard_Paradip,V2_Capesize_Standard_Paradip,0,4.2743,0.0
2025-12-01,50000,9.34,8.7949,7.3192,11.8958,4.5766,V5_Supramax_Geared_Paradip,V5_Supramax_Geared_Paradip,V5_Supramax_Geared_Paradip,V5_Supramax_Geared_Paradip,0,4.5766,0.0
2025-12-01,75000,9.34,8.7949,7.3192,11.8958,4.5766,V4_Panamax_Standard_Paradip,V4_Panamax_Standard_Paradip,V4_Panamax_Standard_Paradip,V4_Panamax_Standard_Paradip,0,4.5766,0.0
2025-12-01,120000,9.34,8.7949,7.3192,11.8958,4.5766,V2_Capesize_Standard_Paradip,V2_Capesize_Standard_Paradip,V2_Capesize_Standard_Paradip,V2_Capesize_Standard_Paradip,0,4.5766,0.0
2025-12-03,50000,9.3,8.8263,7.719,11.8833,4.1643,V5_Supramax_Geared_Paradip,V5_Supramax_Geared_Paradip,V5_Supramax_Geared_Paradip,V5_Supramax_Geared_Paradip,0,4.1643,0.0
2025-12-03,75000,9.3,8.8263,7.719,11.8833,4.1643,V4_Panamax_Standard_Paradip,V4_Panamax_Standard_Paradip,V4_Panamax_Standard_Paradip,V4_Panamax_Standard_Paradip,0,4.1643,0.0
2025-12-03,120000,9.3,8.8263,7.719,11.8833,4.1643,V2_Capesize_Standard_Paradip,V2_Capesize_Standard_Paradip,V2_Capesize_Standard_Paradip,V2_Capesize_Standard_Paradip,0,4.1643,0.0
2025-12-05,50000,9.0,9.0707,7.7668,11.8958,4.129,V5_Supramax_Geared_Paradip,V5_Supramax_Geared_Paradip,V5_Supramax_Geared_Paradip,V5_Supramax_Geared_Paradip,0,4.129,0.0
2025-12-05,75000,9.0,9.0707,7.7668,11.8958,4.129,V4_Panamax_Standard_Paradip,V4_Panamax_Standard_Paradip,V4_Panamax_Standard_Paradip,V4_Panamax_Standard_Paradip,0,4.129,0.0
2025-12-05,120000,9.0,9.0707,7.7668,11.8958,4.129,V2_Capesize_Standard_Paradip,V2_Capesize_Standard_Paradip,V2_Capesize_Standard_Paradip,V2_Capesize_Standard_Paradip,0,4.129,0.0
2025-12-09,50000,8.83,8.7971,7.5283,11.8958,4.3675,V5_Supramax_Geared_Paradip,V5_Supramax_Geared_Paradip,V5_Supramax_Geared_Paradip,V5_Supramax_Geared_Paradip,0,4.3675,0.0
2025-12-09,75000,8.83,8.7971,7.5283,11.8958,4.3675,V4_Panamax_Standard_Paradip,V4_Panamax_Standard_Paradip,V4_Panamax_Standard_Paradip,V4_Panamax_Standard_Paradip,0,4.3675,0.0
2025-12-09,120000,8.83,8.7971,7.5283,11.8958,4.3675,V2_Capesize_Standard_Paradip,V2_Capesize_Standard_Paradip,V2_Capesize_Standard_Paradip,V2_Capesize_Standard_Paradip,0,4.3675,0.0
2025-12-11,50000,8.84,8.783,7.3245,11.8833,4.5589,V5_Supramax_Geared_Paradip,V5_Supramax_Geared_Paradip,V5_Supramax_Geared_Paradip,V5_Supramax_Geared_Paradip,0,4.5589,0.0
2025-12-11,75000,8.84,8.783,7.3245,11.8833,4.5589,V4_Panamax_Standard_Paradip,V4_Panamax_Standard_Paradip,V4_Panamax_Standard_Paradip,V4_Panamax_Standard_Paradip,0,4.5589,0.0
2025-12-11,120000,8.84,8.783,7.3245,11.8833,4.5589,V2_Capesize_Standard_Paradip,V2_Capesize_Standard_Paradip,V2_Capesize_Standard_Paradip,V2_Capesize_Standard_Paradip,0,4.5589,0.0
2025-12-15,50000,8.92,8.6829,6.8559,11.9908,5.1349,V5_Supramax_Geared_Paradip,V5_Supramax_Geared_Paradip,V5_Supramax_Geared_Paradip,V5_Supramax_Geared_Paradip,0,5.1349,0.0
2025-12-15,75000,8.92,8.6829,6.8559,11.9908,5.1349,V4_Panamax_Standard_Paradip,V4_Panamax_Standard_Paradip,V4_Panamax_Standard_Paradip,V4_Panamax_Standard_Paradip,0,5.1349,0.0
2025-12-15,120000,8.92,8.6829,6.8559,11.9908,5.1349,V2_Capesize_Standard_Paradip,V2_Capesize_Standard_Paradip,V2_Capesize_Standard_Paradip,V2_Capesize_Standard_Paradip,0,5.1349,0.0
2025-12-17,50000,8.42,8.5321,6.7991,11.8833,5.0842,V5_Supramax_Geared_Paradip,V5_Supramax_Geared_Paradip,V5_Supramax_Geared_Paradip,V5_Supramax_Geared_Paradip,0,5.0842,0.0
2025-12-17,75000,8.42,8.5321,6.7991,11.8833,5.0842,V4_Panamax_Standard_Paradip,V4_Panamax_Standard_Paradip,V4_Panamax_Standard_Paradip,V4_Panamax_Standard_Paradip,0,5.0842,0.0
2025-12-17,120000,8.42,8.5321,6.7991,11.8833,5.0842,V2_Capesize_Standard_Paradip,V2_Capesize_Standard_Paradip,V2_Capesize_Standard_Paradip,V2_Capesize_Standard_Paradip,0,5.0842,0.0
2025-12-19,50000,8.7,8.6266,6.6524,11.8833,5.2309,V5_Supramax_Geared_Paradip,V5_Supramax_Geared_Paradip,V5_Supramax_Geared_Paradip,V5_Supramax_Geared_Paradip,0,5.2309,0.0
2025-12-19,75000,8.7,8.6266,6.6524,11.8833,5.2309,V4_Panamax_Standard_Paradip,V4_Panamax_Standard_Paradip,V4_Panamax_Standard_Paradip,V4_Panamax_Standard_Paradip,0,5.2309,0.0
2025-12-19,120000,8.7,8.6266,6.6524,11.8833,5.2309,V2_Capesize_Standard_Paradip,V2_Capesize_Standard_Paradip,V2_Capesize_Standard_Paradip,V2_Capesize_Standard_Paradip,0,5.2309,0.0
2025-12-23,50000,8.74,8.5939,6.9941,11.9908,4.9968,V5_Supramax_Geared_Paradip,V5_Supramax_Geared_Paradip,V5_Supramax_Geared_Paradip,V5_Supramax_Geared_Paradip,0,4.9968,0.0
2025-12-23,75000,8.74,8.5939,6.9941,11.9908,4.9968,V4_Panamax_Standard_Paradip,V4_Panamax_Standard_Paradip,V4_Panamax_Standard_Paradip,V4_Panamax_Standard_Paradip,0,4.9968,0.0
2025-12-23,120000,8.74,8.5939,6.9941,11.9908,4.9968,V2_Capesize_Standard_Paradip,V2_Capesize_Standard_Paradip,V2_Capesize_Standard_Paradip,V2_Capesize_Standard_Paradip,0,4.9968,0.0
2025-12-26,50000,8.75,8.5613,6.6269,11.9908,5.3639,V5_Supramax_Geared_Paradip,V5_Supramax_Geared_Paradip,V5_Supramax_Geared_Paradip,V5_Supramax_Geared_Paradip,0,5.3639,0.0
2025-12-26,75000,8.75,8.5613,6.6269,11.9908,5.3639,V4_Panamax_Standard_Paradip,V4_Panamax_Standard_Paradip,V4_Panamax_Standard_Paradip,V4_Panamax_Standard_Paradip,0,5.3639,0.0
2025-12-26,120000,8.75,8.5613,6.6269,11.9908,5.3639,V2_Capesize_Standard_Paradip,V2_Capesize_Standard_Paradip,V2_Capesize_Standard_Paradip,V2_Capesize_Standard_Paradip,0,5.3639,0.0
2025-12-30,50000,8.68,8.6266,6.6698,11.9908,5.3211,V5_Supramax_Geared_Paradip,V5_Supramax_Geared_Paradip,V5_Supramax_Geared_Paradip,V5_Supramax_Geared_Paradip,0,5.3211,0.0
2025-12-30,75000,8.68,8.6266,6.6698,11.9908,5.3211,V4_Panamax_Standard_Paradip,V4_Panamax_Standard_Paradip,V4_Panamax_Standard_Paradip,V4_Panamax_Standard_Paradip,0,5.3211,0.0
2025-12-30,120000,8.68,8.6266,6.6698,11.9908,5.3211,V2_Capesize_Standard_Paradip,V2_Capesize_Standard_Paradip,V2_Capesize_Standard_Paradip,V2_Capesize_Standard_Paradip,0,5.3211,0.0
2026-01-02,50000,8.46,8.4295,6.5345,11.8833,5.3488,V5_Supramax_Geared_Paradip,V5_Supramax_Geared_Paradip,V5_Supramax_Geared_Paradip,V5_Supramax_Geared_Paradip,0,5.3488,0.0
2026-01-02,75000,8.46,8.4295,6.5345,11.8833,5.3488,V4_Panamax_Standard_Paradip,V4_Panamax_Standard_Paradip,V4_Panamax_Standard_Paradip,V4_Panamax_Standard_Paradip,0,5.3488,0.0
2026-01-02,120000,8.46,8.4295,6.5345,11.8833,5.3488,V2_Capesize_Standard_Paradip,V2_Capesize_Standard_Paradip,V2_Capesize_Standard_Paradip,V2_Capesize_Standard_Paradip,0,5.3488,0.0
2026-01-06,50000,8.81,8.4586,6.6275,11.8833,5.2559,V5_Supramax_Geared_Paradip,V5_Supramax_Geared_Paradip,V5_Supramax_Geared_Paradip,V5_Supramax_Geared_Paradip,0,5.2559,0.0
2026-01-06,75000,8.81,8.4586,6.6275,11.8833,5.2559,V4_Panamax_Standard_Paradip,V4_Panamax_Standard_Paradip,V4_Panamax_Standard_Paradip,V4_Panamax_Standard_Paradip,0,5.2559,0.0
2026-01-06,120000,8.81,8.4586,6.6275,11.8833,5.2559,V2_Capesize_Standard_Paradip,V2_Capesize_Standard_Paradip,V2_Capesize_Standard_Paradip,V2_Capesize_Standard_Paradip,0,5.2559,0.0
2026-01-08,50000,9.14,8.6811,7.1595,11.8833,4.7239,V5_Supramax_Geared_Paradip,V5_Supramax_Geared_Paradip,V5_Supramax_Geared_Paradip,V5_Supramax_Geared_Paradip,0,4.7239,0.0
2026-01-08,75000,9.14,8.6811,7.1595,11.8833,4.7239,V4_Panamax_Standard_Paradip,V4_Panamax_Standard_Paradip,V4_Panamax_Standard_Paradip,V4_Panamax_Standard_Paradip,0,4.7239,0.0
2026-01-08,120000,9.14,8.6811,7.1595,11.8833,4.7239,V2_Capesize_Standard_Paradip,V2_Capesize_Standard_Paradip,V2_Capesize_Standard_Paradip,V2_Capesize_Standard_Paradip,0,4.7239,0.0
2026-01-12,50000,8.73,8.5129,7.1666,11.8833,4.7168,V5_Supramax_Geared_Paradip,V5_Supramax_Geared_Paradip,V5_Supramax_Geared_Paradip,V5_Supramax_Geared_Paradip,0,4.7168,0.0
2026-01-12,75000,8.73,8.5129,7.1666,11.8833,4.7168,V4_Panamax_Standard_Paradip,V4_Panamax_Standard_Paradip,V4_Panamax_Standard_Paradip,V4_Panamax_Standard_Paradip,0,4.7168,0.0
2026-01-12,120000,8.73,8.5129,7.1666,11.8833,4.7168,V2_Capesize_Standard_Paradip,V2_Capesize_Standard_Paradip,V2_Capesize_Standard_Paradip,V2_Capesize_Standard_Paradip,0,4.7168,0.0
2026-01-14,50000,9.04,8.6782,6.6323,11.8833,5.251,V5_Supramax_Geared_Paradip,V5_Supramax_Geared_Paradip,V5_Supramax_Geared_Paradip,V5_Supramax_Geared_Paradip,0,5.251,0.0
2026-01-14,75000,9.04,8.6782,6.6323,11.8833,5.251,V4_Panamax_Standard_Paradip,V4_Panamax_Standard_Paradip,V4_Panamax_Standard_Paradip,V4_Panamax_Standard_Paradip,0,5.251,0.0
2026-01-14,120000,9.04,8.6782,6.6323,11.8833,5.251,V2_Capesize_Standard_Paradip,V2_Capesize_Standard_Paradip,V2_Capesize_Standard_Paradip,V2_Capesize_Standard_Paradip,0,5.251,0.0
2026-01-16,50000,9.8,9.5246,7.6816,11.8833,4.2018,V5_Supramax_Geared_Paradip,V5_Supramax_Geared_Paradip,V5_Supramax_Geared_Paradip,V5_Supramax_Geared_Paradip,0,4.2018,0.0
2026-01-16,75000,9.8,9.5246,7.6816,11.8833,4.2018,V4_Panamax_Standard_Paradip,V4_Panamax_Standard_Paradip,V4_Panamax_Standard_Paradip,V4_Panamax_Standard_Paradip,0,4.2018,0.0
2026-01-16,120000,9.8,9.5246,7.6816,11.8833,4.2018,V2_Capesize_Standard_Paradip,V2_Capesize_Standard_Paradip,V2_Capesize_Standard_Paradip,V2_Capesize_Standard_Paradip,0,4.2018,0.0
2026-01-21,50000,10.07,10.1661,8.5356,11.8833,3.3478,V5_Supramax_Geared_Paradip,V5_Supramax_Geared_Paradip,V5_Supramax_Geared_Paradip,V5_Supramax_Geared_Paradip,0,3.3478,0.0
2026-01-21,75000,10.07,10.1661,8.5356,11.8833,3.3478,V4_Panamax_Standard_Paradip,V4_Panamax_Standard_Paradip,V4_Panamax_Standard_Paradip,V4_Panamax_Standard_Paradip,0,3.3478,0.0
2026-01-21,120000,10.07,10.1661,8.5356,11.8833,3.3478,V2_Capesize_Standard_Paradip,V2_Capesize_Standard_Paradip,V2_Capesize_Standard_Paradip,V2_Capesize_Standard_Paradip,0,3.3478,0.0
2026-01-23,50000,10.36,10.2999,8.278,12.3217,4.0437,V5_Supramax_Geared_Paradip,V5_Supramax_Geared_Paradip,V5_Supramax_Geared_Paradip,V5_Supramax_Geared_Paradip,0,4.0437,0.0
2026-01-23,75000,10.36,10.2999,8.278,12.3217,4.0437,V4_Panamax_Standard_Paradip,V4_Panamax_Standard_Paradip,V4_Panamax_Standard_Paradip,V4_Panamax_Standard_Paradip,0,4.0437,0.0
2026-01-23,120000,10.36,10.2999,8.278,12.3217,4.0437,V2_Capesize_Standard_Paradip,V2_Capesize_Standard_Paradip,V2_Capesize_Standard_Paradip,V2_Capesize_Standard_Paradip,0,4.0437,0.0
2026-01-27,50000,11.26,10.2515,8.9257,12.3217,3.396,V5_Supramax_Geared_Paradip,V5_Supramax_Geared_Paradip,V5_Supramax_Geared_Paradip,V5_Supramax_Geared_Paradip,0,3.396,0.0
2026-01-27,75000,11.26,10.2515,8.9257,12.3217,3.396,V4_Panamax_Standard_Paradip,V4_Panamax_Standard_Paradip,V4_Panamax_Standard_Paradip,V4_Panamax_Standard_Paradip,0,3.396,0.0
2026-01-27,120000,11.26,10.2515,8.9257,12.3217,3.396,V2_Capesize_Standard_Paradip,V2_Capesize_Standard_Paradip,V2_Capesize_Standard_Paradip,V2_Capesize_Standard_Paradip,0,3.396,0.0
2026-01-29,50000,11.48,10.2999,8.9029,12.3129,3.41,V5_Supramax_Geared_Paradip,V5_Supramax_Geared_Paradip,V5_Supramax_Geared_Paradip,V5_Supramax_Geared_Paradip,0,3.41,0.0
2026-01-29,75000,11.48,10.2999,8.9029,12.3129,3.41,V4_Panamax_Standard_Paradip,V4_Panamax_Standard_Paradip,V4_Panamax_Standard_Paradip,V4_Panamax_Standard_Paradip,0,3.41,0.0
2026-01-29,120000,11.48,10.2999,8.9029,12.3129,3.41,V2_Capesize_Standard_Paradip,V2_Capesize_Standard_Paradip,V2_Capesize_Standard_Paradip,V2_Capesize_Standard_Paradip,0,3.41,0.0
2026-02-02,50000,11.2,10.0041,8.7705,12.2789,3.5084,V5_Supramax_Geared_Paradip,V5_Supramax_Geared_Paradip,V5_Supramax_Geared_Paradip,V5_Supramax_Geared_Paradip,0,3.5084,0.0
2026-02-02,75000,11.2,10.0041,8.7705,12.2789,3.5084,V4_Panamax_Standard_Paradip,V4_Panamax_Standard_Paradip,V4_Panamax_Standard_Paradip,V4_Panamax_Standard_Paradip,0,3.5084,0.0
2026-02-02,120000,11.2,10.0041,8.7705,12.2789,3.5084,V2_Capesize_Standard_Paradip,V2_Capesize_Standard_Paradip,V2_Capesize_Standard_Paradip,V2_Capesize_Standard_Paradip,0,3.5084,0.0
2026-02-04,50000,10.85,10.4819,8.9017,12.2943,3.3926,V5_Supramax_Geared_Paradip,V5_Supramax_Geared_Paradip,V5_Supramax_Geared_Paradip,V5_Supramax_Geared_Paradip,0,3.3926,0.0
2026-02-04,75000,10.85,10.4819,8.9017,12.2943,3.3926,V4_Panamax_Standard_Paradip,V4_Panamax_Standard_Paradip,V4_Panamax_Standard_Paradip,V4_Panamax_Standard_Paradip,0,3.3926,0.0
2026-02-04,120000,10.85,10.4819,8.9017,12.2943,3.3926,V2_Capesize_Standard_Paradip,V2_Capesize_Standard_Paradip,V2_Capesize_Standard_Paradip,V2_Capesize_Standard_Paradip,0,3.3926,0.0
2026-02-06,50000,10.65,10.3673,8.9128,12.806,3.8932,V5_Supramax_Geared_Paradip,V5_Supramax_Geared_Paradip,V5_Supramax_Geared_Paradip,V5_Supramax_Geared_Paradip,0,3.8932,0.0
2026-02-06,75000,10.65,10.3673,8.9128,12.806,3.8932,V4_Panamax_Standard_Paradip,V4_Panamax_Standard_Paradip,V4_Panamax_Standard_Paradip,V4_Panamax_Standard_Paradip,0,3.8932,0.0
2026-02-06,120000,10.65,10.3673,8.9128,12.806,3.8932,V2_Capesize_Standard_Paradip,V2_Capesize_Standard_Paradip,V2_Capesize_Standard_Paradip,V2_Capesize_Standard_Paradip,0,3.8932,0.0
2026-02-10,50000,11.18,10.5004,8.9395,12.876,3.9365,V5_Supramax_Geared_Paradip,V5_Supramax_Geared_Paradip,V5_Supramax_Geared_Paradip,V5_Supramax_Geared_Paradip,0,3.9365,0.0
2026-02-10,75000,11.18,10.5004,8.9395,12.876,3.9365,V4_Panamax_Standard_Paradip,V4_Panamax_Standard_Paradip,V4_Panamax_Standard_Paradip,V4_Panamax_Standard_Paradip,0,3.9365,0.0
2026-02-10,120000,11.18,10.5004,8.9395,12.876,3.9365,V2_Capesize_Standard_Paradip,V2_Capesize_Standard_Paradip,V2_Capesize_Standard_Paradip,V2_Capesize_Standard_Paradip,0,3.9365,0.0
2026-02-12,50000,11.3,10.4149,8.9199,12.8167,3.8968,V5_Supramax_Geared_Paradip,V5_Supramax_Geared_Paradip,V5_Supramax_Geared_Paradip,V5_Supramax_Geared_Paradip,0,3.8968,0.0
2026-02-12,75000,11.3,10.4149,8.9199,12.8167,3.8968,V4_Panamax_Standard_Paradip,V4_Panamax_Standard_Paradip,V4_Panamax_Standard_Paradip,V4_Panamax_Standard_Paradip,0,3.8968,0.0
2026-02-12,120000,11.3,10.4149,8.9199,12.8167,3.8968,V2_Capesize_Standard_Paradip,V2_Capesize_Standard_Paradip,V2_Capesize_Standard_Paradip,V2_Capesize_Standard_Paradip,0,3.8968,0.0
2026-02-17,50000,11.68,10.7522,9.05,12.8304,3.7804,V5_Supramax_Geared_Paradip,V5_Supramax_Geared_Paradip,V5_Supramax_Geared_Paradip,V5_Supramax_Geared_Paradip,0,3.7804,0.0
2026-02-17,75000,11.68,10.7522,9.05,12.8304,3.7804,V4_Panamax_Standard_Paradip,V4_Panamax_Standard_Paradip,V4_Panamax_Standard_Paradip,V4_Panamax_Standard_Paradip,0,3.7804,0.0
2026-02-17,120000,11.68,10.7522,9.05,12.8304,3.7804,V2_Capesize_Standard_Paradip,V2_Capesize_Standard_Paradip,V2_Capesize_Standard_Paradip,V2_Capesize_Standard_Paradip,0,3.7804,0.0
