Parcel_MT,Vessel_ID,Port,Baseline_Feasible,Fail_Capacity,Fail_Draft,Fail_LOA,Fail_Beam,Feasible_If_Relax_Capacity,Feasible_If_Relax_Draft,Feasible_If_Relax_LOA,Feasible_If_Relax_Beam
50000,V1_Capesize_180k,Paradip,1,0,0,0,0,1,1,1,1
50000,V1_Capesize_180k,Visakhapatnam,0,0,1,1,0,0,0,0,0
50000,V1_Capesize_180k,Haldia,0,0,1,1,1,0,0,0,0
50000,V2_Capesize_150k,Paradip,1,0,0,0,0,1,1,1,1
50000,V2_Capesize_150k,Visakhapatnam,1,0,0,0,0,1,1,1,1
50000,V2_Capesize_150k,Haldia,0,0,1,1,1,0,0,0,0
50000,V3_Panamax_82k,Paradip,1,0,0,0,0,1,1,1,1
50000,V3_Panamax_82k,Visakhapatnam,1,0,0,0,0,1,1,1,1
50000,V3_Panamax_82k,Haldia,0,0,1,0,0,0,0,0,0
50000,V4_Panamax_75k,Paradip,1,0,0,0,0,1,1,1,1
50000,V4_Panamax_75k,Visakhapatnam,1,0,0,0,0,1,1,1,1
50000,V4_Panamax_75k,Haldia,0,0,1,0,0,0,1,0,0
50000,V5_Supramax_58k,Paradip,1,0,0,0,0,1,1,1,1
50000,V5_Supramax_58k,Visakhapatnam,1,0,0,0,0,1,1,1,1
50000,V5_Supramax_58k,Haldia,1,0,0,0,0,1,1,1,1
75000,V1_Capesize_180k,Paradip,1,0,0,0,0,1,1,1,1
75000,V1_Capesize_180k,Visakhapatnam,0,0,1,1,0,0,0,0,0
75000,V1_Capesize_180k,Haldia,0,0,1,1,1,0,0,0,0
75000,V2_Capesize_150k,Paradip,1,0,0,0,0,1,1,1,1
75000,V2_Capesize_150k,Visakhapatnam,1,0,0,0,0,1,1,1,1
75000,V2_Capesize_150k,Haldia,0,0,1,1,1,0,0,0,0
75000,V3_Panamax_82k,Paradip,1,0,0,0,0,1,1,1,1
75000,V3_Panamax_82k,Visakhapatnam,1,0,0,0,0,1,1,1,1
75000,V3_Panamax_82k,Haldia,0,0,1,0,0,0,0,0,0
75000,V4_Panamax_75k,Paradip,1,0,0,0,0,1,1,1,1
75000,V4_Panamax_75k,Visakhapatnam,1,0,0,0,0,1,1,1,1
75000,V4_Panamax_75k,Haldia,0,0,1,0,0,0,1,0,0
75000,V5_Supramax_58k,Paradip,0,1,0,0,0,1,0,0,0
75000,V5_Supramax_58k,Visakhapatnam,0,1,0,0,0,1,0,0,0
75000,V5_Supramax_58k,Haldia,0,1,0,0,0,1,0,0,0
100000,V1_Capesize_180k,Paradip,1,0,0,0,0,1,1,1,1
100000,V1_Capesize_180k,Visakhapatnam,0,0,1,1,0,0,0,0,0
100000,V1_Capesize_180k,Haldia,0,0,1,1,1,0,0,0,0
100000,V2_Capesize_150k,Paradip,1,0,0,0,0,1,1,1,1
100000,V2_Capesize_150k,Visakhapatnam,1,0,0,0,0,1,1,1,1
100000,V2_Capesize_150k,Haldia,0,0,1,1,1,0,0,0,0
100000,V3_Panamax_82k,Paradip,0,1,0,0,0,1,0,0,0
100000,V3_Panamax_82k,Visakhapatnam,0,1,0,0,0,1,0,0,0
100000,V3_Panamax_82k,Haldia,0,1,1,0,0,0,0,0,0
100000,V4_Panamax_75k,Paradip,0,1,0,0,0,1,0,0,0
100000,V4_Panamax_75k,Visakhapatnam,0,1,0,0,0,1,0,0,0
100000,V4_Panamax_75k,Haldia,0,1,1,0,0,0,0,0,0
100000,V5_Supramax_58k,Paradip,0,1,0,0,0,1,0,0,0
100000,V5_Supramax_58k,Visakhapatnam,0,1,0,0,0,1,0,0,0
100000,V5_Supramax_58k,Haldia,0,1,0,0,0,1,0,0,0
120000,V1_Capesize_180k,Paradip,1,0,0,0,0,1,1,1,1
120000,V1_Capesize_180k,Visakhapatnam,0,0,1,1,0,0,0,0,0
120000,V1_Capesize_180k,Haldia,0,0,1,1,1,0,0,0,0
120000,V2_Capesize_150k,Paradip,1,0,0,0,0,1,1,1,1
120000,V2_Capesize_150k,Visakhapatnam,1,0,0,0,0,1,1,1,1
120000,V2_Capesize_150k,Haldia,0,0,1,1,1,0,0,0,0
120000,V3_Panamax_82k,Paradip,0,1,0,0,0,1,0,0,0
120000,V3_Panamax_82k,Visakhapatnam,0,1,0,0,0,1,0,0,0
120000,V3_Panamax_82k,Haldia,0,1,1,0,0,0,0,0,0
120000,V4_Panamax_75k,Paradip,0,1,0,0,0,1,0,0,0
120000,V4_Panamax_75k,Visakhapatnam,0,1,0,0,0,1,0,0,0
120000,V4_Panamax_75k,Haldia,0,1,1,0,0,0,0,0,0
120000,V5_Supramax_58k,Paradip,0,1,0,0,0,1,0,0,0
120000,V5_Supramax_58k,Visakhapatnam,0,1,0,0,0,1,0,0,0
120000,V5_Supramax_58k,Haldia,0,1,0,0,0,1,0,0,0
150000,V1_Capesize_180k,Paradip,1,0,0,0,0,1,1,1,1
150000,V1_Capesize_180k,Visakhapatnam,0,0,1,1,0,0,0,0,0
150000,V1_Capesize_180k,Haldia,0,0,1,1,1,0,0,0,0
150000,V2_Capesize_150k,Paradip,1,0,0,0,0,1,1,1,1
150000,V2_Capesize_150k,Visakhapatnam,1,0,0,0,0,1,1,1,1
150000,V2_Capesize_150k,Haldia,0,0,1,1,1,0,0,0,0
150000,V3_Panamax_82k,Paradip,0,1,0,0,0,1,0,0,0
150000,V3_Panamax_82k,Visakhapatnam,0,1,0,0,0,1,0,0,0
150000,V3_Panamax_82k,Haldia,0,1,1,0,0,0,0,0,0
150000,V4_Panamax_75k,Paradip,0,1,0,0,0,1,0,0,0
150000,V4_Panamax_75k,Visakhapatnam,0,1,0,0,0,1,0,0,0
150000,V4_Panamax_75k,Haldia,0,1,1,0,0,0,0,0,0
150000,V5_Supramax_58k,Paradip,0,1,0,0,0,1,0,0,0
150000,V5_Supramax_58k,Visakhapatnam,0,1,0,0,0,1,0,0,0
150000,V5_Supramax_58k,Haldia,0,1,0,0,0,1,0,0,0
175000,V1_Capesize_180k,Paradip,1,0,0,0,0,1,1,1,1
175000,V1_Capesize_180k,Visakhapatnam,0,0,1,1,0,0,0,0,0
175000,V1_Capesize_180k,Haldia,0,0,1,1,1,0,0,0,0
175000,V2_Capesize_150k,Paradip,0,1,0,0,0,1,0,0,0
175000,V2_Capesize_150k,Visakhapatnam,0,1,0,0,0,1,0,0,0
175000,V2_Capesize_150k,Haldia,0,1,1,1,1,0,0,0,0
175000,V3_Panamax_82k,Paradip,0,1,0,0,0,1,0,0,0
175000,V3_Panamax_82k,Visakhapatnam,0,1,0,0,0,1,0,0,0
175000,V3_Panamax_82k,Haldia,0,1,1,0,0,0,0,0,0
175000,V4_Panamax_75k,Paradip,0,1,0,0,0,1,0,0,0
175000,V4_Panamax_75k,Visakhapatnam,0,1,0,0,0,1,0,0,0
175000,V4_Panamax_75k,Haldia,0,1,1,0,0,0,0,0,0
175000,V5_Supramax_58k,Paradip,0,1,0,0,0,1,0,0,0
175000,V5_Supramax_58k,Visakhapatnam,0,1,0,0,0,1,0,0,0
175000,V5_Supramax_58k,Haldia,0,1,0,0,0,1,0,0,0
