Date,Spot_Rate,Realized_Freight,E1_Persistence_Cost_pmt,E2_Point_Forecast_Cost_pmt,E3_Uncertainty_Timing_Cost_pmt,E4_Feasibility_Optimized_Cost_pmt,E5_Full_System_Cost_pmt,Incremental_Timing_Gain_pmt,Incremental_Feasibility_Gain_pmt,Total_PRIMARINE_Advantage_pmt
2024-12-23,6.25,6.26,16.8675,17.015,16.8575,16.8575,16.8575,0.01,0.0,0.01
2024-12-26,6.065,5.63,16.2375,16.385,16.2375,16.2375,16.2375,0.0,0.0,0.0
2024-12-30,5.92,6.7,17.3075,17.455,16.5275,16.5275,16.5275,0.78,0.0,0.78
2025-01-02,6.25,6.13,16.7375,16.885,16.7375,16.7375,16.7375,0.0,0.0,0.0
2025-01-06,5.82,5.73,16.3375,16.485,16.3375,16.3375,16.3375,0.0,0.0,0.0
2025-01-08,5.55,5.61,16.2175,16.365,16.1575,16.1575,16.1575,0.06,0.0,0.06
2025-01-13,5.84,5.14,15.7475,15.895,15.7475,15.7475,15.7475,0.0,0.0,0.0
2025-01-15,5.89,5.32,15.9275,16.075,15.9275,15.9275,15.9275,0.0,0.0,0.0
2025-01-17,5.72,5.32,15.9275,16.075,15.9275,15.9275,15.9275,0.0,0.0,0.0
2025-01-22,5.28,5.77,16.3775,16.525,15.8875,15.8875,15.8875,0.49,0.0,0.49
2025-01-24,5.14,5.87,16.4775,16.625,15.7475,15.7475,15.7475,0.73,0.0,0.73
2025-01-28,5.28,5.8,16.4075,16.555,15.8875,15.8875,15.8875,0.52,0.0,0.52
2025-01-30,5.49,5.78,16.3875,16.535,16.0975,16.0975,16.0975,0.29,0.0,0.29
2025-02-03,5.47,5.51,16.1175,16.265,16.0775,16.0775,16.0775,0.04,0.0,0.04
2025-02-05,5.99,5.64,16.2475,16.395,16.2475,16.2475,16.2475,0.0,0.0,0.0
2025-02-07,5.86,5.99,16.5975,16.745,16.4675,16.4675,16.4675,0.13,0.0,0.13
2025-02-11,5.68,6.32,16.9275,17.075,16.2875,16.2875,16.2875,0.64,0.0,0.64
2025-02-13,5.5,6.26,16.8675,17.015,16.1075,16.1075,16.1075,0.76,0.0,0.76
2025-02-18,6.08,6.17,16.7775,16.925,16.6875,16.6875,16.6875,0.09,0.0,0.09
2025-02-20,6.45,6.15,16.7575,16.905,16.7575,16.7575,16.7575,0.0,0.0,0.0
2025-02-24,6.09,6.29,16.8975,17.045,16.6975,16.6975,16.6975,0.2,0.0,0.2
2025-02-26,6.4,6.57,17.1775,17.325,17.0075,17.0075,17.0075,0.17,0.0,0.17
2025-02-28,6.4,6.68,17.2875,17.435,17.0075,17.0075,17.0075,0.28,0.0,0.28
2025-03-04,6.0,6.85,17.4575,17.605,16.6075,16.6075,16.6075,0.85,0.0,0.85
2025-03-06,6.5,6.86,17.4675,17.615,17.1075,17.1075,17.1075,0.36,0.0,0.36
2025-03-10,6.55,6.5,17.1075,17.255,17.1075,17.1075,17.1075,0.0,0.0,0.0
2025-03-12,7.14,6.91,17.5175,17.665,17.5175,17.5175,17.5175,0.0,0.0,0.0
2025-03-14,6.95,6.51,17.1175,17.265,17.1175,17.1175,17.1175,0.0,0.0,0.0
2025-03-18,6.73,6.35,16.9575,17.105,16.9575,16.9575,16.9575,0.0,0.0,0.0
2025-03-20,6.775,6.25,16.8575,17.005,16.8575,16.8575,16.8575,0.0,0.0,0.0
2025-03-24,6.75,6.37,16.9775,17.125,16.9775,16.9775,16.9775,0.0,0.0,0.0
2025-03-26,6.4,5.62,16.2275,16.375,16.2275,16.2275,16.2275,0.0,0.0,0.0
2025-03-28,6.36,5.36,15.9675,16.115,15.9675,15.9675,15.9675,0.0,0.0,0.0
2025-04-01,6.5,5.6,16.2075,16.355,16.2075,16.2075,16.2075,0.0,0.0,0.0
2025-04-03,6.02,5.75,16.3575,16.505,16.3575,16.3575,16.3575,0.0,0.0,0.0
2025-04-07,5.38,5.72,16.3275,16.475,15.9875,15.9875,15.9875,0.34,0.0,0.34
2025-04-09,5.33,5.73,16.3375,16.485,15.9375,15.9375,15.9375,0.4,0.0,0.4
2025-04-11,5.63,5.88,16.4875,16.635,16.2375,16.2375,16.2375,0.25,0.0,0.25
2025-04-15,5.69,5.92,16.5275,16.675,16.2975,16.2975,16.2975,0.23,0.0,0.23
2025-04-17,5.74,5.57,16.1775,16.325,16.1775,16.1775,16.1775,0.0,0.0,0.0
2025-04-22,5.6,5.95,16.5575,16.705,16.2075,16.2075,16.2075,0.35,0.0,0.35
2025-04-24,5.83,5.914,16.5215,16.669,16.4375,16.4375,16.4375,0.084,0.0,0.084
2025-04-28,5.78,5.62,16.2275,16.375,16.2275,16.2275,16.2275,0.0,0.0,0.0
2025-04-30,5.765,5.43,16.0375,16.185,16.0375,16.0375,16.0375,0.0,0.0,0.0
2025-05-02,5.84,5.3,15.9075,16.055,15.9075,15.9075,15.9075,0.0,0.0,0.0
2025-05-06,5.62,5.55,16.1575,16.305,16.1575,16.1575,16.1575,0.0,0.0,0.0
2025-05-08,5.42,5.31,15.9175,16.065,15.9175,15.9175,15.9175,0.0,0.0,0.0
2025-05-12,5.54,5.34,15.9475,16.095,15.9475,15.9475,15.9475,0.0,0.0,0.0
2025-05-14,5.46,5.15,15.7575,15.905,15.7575,15.7575,15.7575,0.0,0.0,0.0
2025-05-16,5.504,5.167,15.7745,15.922,15.7745,15.7745,15.7745,0.0,0.0,0.0
2025-05-20,5.36,5.19,15.7975,15.945,15.7975,15.7975,15.7975,0.0,0.0,0.0
2025-05-22,5.21,5.2,15.8075,15.955,15.8075,15.8075,15.8075,0.0,0.0,0.0
2025-05-27,5.15,5.49,16.0975,16.245,15.7575,15.7575,15.7575,0.34,0.0,0.34
2025-05-29,5.19,5.372,15.9795,16.127,15.7975,15.7975,15.7975,0.182,0.0,0.182
2025-06-02,5.1,5.65,16.2575,16.405,15.7075,15.7075,15.7075,0.55,0.0,0.55
2025-06-04,5.42,5.87,16.4775,16.625,16.0275,16.0275,16.0275,0.45,0.0,0.45
2025-06-06,5.41,5.63,16.2375,16.385,16.0175,16.0175,16.0175,0.22,0.0,0.22
2025-06-10,5.52,5.73,16.3375,16.485,16.1275,16.1275,16.1275,0.21,0.0,0.21
2025-06-12,5.73,5.735,16.3425,16.49,16.3375,16.3375,16.3375,0.005,0.0,0.005
2025-06-16,5.68,5.66,16.2675,16.415,16.2675,16.2675,16.2675,0.0,0.0,0.0
2025-06-18,5.62,5.55,16.1575,16.305,16.1575,16.1575,16.1575,0.0,0.0,0.0
2025-06-23,5.78,5.77,16.3775,16.525,16.3775,16.3775,16.3775,0.0,0.0,0.0
2025-06-25,5.8,6.07,16.6775,16.825,16.4075,16.4075,16.4075,0.27,0.0,0.27
2025-06-27,5.584,6.25,16.8575,17.005,16.1915,16.1915,16.1915,0.666,0.0,0.666
2025-07-01,5.63,7.09,17.6975,17.845,16.2375,16.2375,16.2375,1.46,0.0,1.46
2025-07-03,5.93,6.78,17.3875,17.535,16.5375,16.5375,16.5375,0.85,0.0,0.85
2025-07-08,6.18,7.61,18.2175,18.365,16.7875,16.7875,16.7875,1.43,0.0,1.43
2025-07-10,6.66,7.35,17.9575,18.105,17.2675,17.2675,17.2675,0.69,0.0,0.69
2025-07-14,7.26,7.52,18.1275,18.275,18.1275,18.1275,18.1275,0.0,0.0,0.0
2025-07-16,7.25,7.15,17.7575,17.905,17.7575,17.7575,17.7575,0.0,0.0,0.0
2025-07-18,7.4,6.94,17.5475,17.695,17.5475,17.5475,17.5475,0.0,0.0,0.0
2025-07-22,7.67,7.4,18.0075,18.155,18.0075,18.0075,18.0075,0.0,0.0,0.0
2025-07-24,7.42,7.31,17.9175,18.065,17.9175,17.9175,17.9175,0.0,0.0,0.0
2025-07-28,7.246,7.73,18.3375,18.485,17.8535,17.8535,17.8535,0.484,0.0,0.484
2025-07-30,7.02,7.8,18.4075,18.555,17.6275,17.6275,17.6275,0.78,0.0,0.78
2025-08-01,7.46,8.02,18.6275,18.775,18.6275,18.6275,18.6275,0.0,0.0,0.0
2025-08-05,7.77,8.13,18.7375,18.885,18.3775,18.3775,18.3775,0.36,0.0,0.36
2025-08-07,7.75,8.08,18.6875,18.835,18.3575,18.3575,18.3575,0.33,0.0,0.33
2025-08-11,7.9,8.04,18.6475,18.795,18.5075,18.5075,18.5075,0.14,0.0,0.14
2025-08-13,8.167,8.41,19.0175,19.165,19.0175,19.0175,19.0175,0.0,0.0,0.0
2025-08-15,8.02,8.6,19.2075,19.355,18.6275,18.6275,18.6275,0.58,0.0,0.58
2025-08-19,7.773,8.35,18.9575,19.105,18.3805,18.3805,18.3805,0.577,0.0,0.577
2025-08-21,8.16,8.02,18.6275,18.775,18.6275,18.6275,18.6275,0.0,0.0,0.0
2025-08-25,8.5,8.063,18.6705,18.818,18.6705,18.6705,18.6705,0.0,0.0,0.0
2025-08-27,8.3,8.15,18.7575,18.905,18.7575,18.7575,18.7575,0.0,0.0,0.0
2025-08-29,8.37,8.22,18.8275,18.975,18.8275,18.8275,18.8275,0.0,0.0,0.0
2025-09-03,8.14,8.1,18.7075,18.855,18.7075,18.7075,18.7075,0.0,0.0,0.0
2025-09-05,8.04,8.04,18.6475,18.795,18.6475,18.6475,18.6475,0.0,0.0,0.0
2025-09-09,8.39,8.2,18.8075,18.955,18.8075,18.8075,18.8075,0.0,0.0,0.0
2025-09-11,8.115,8.06,18.6675,18.815,18.6675,18.6675,18.6675,0.0,0.0,0.0
2025-09-15,8.21,8.38,18.9875,19.135,18.9875,18.9875,18.9875,0.0,0.0,0.0
2025-09-17,8.14,8.05,18.6575,18.805,18.6575,18.6575,18.6575,0.0,0.0,0.0
2025-09-19,8.16,7.51,18.1175,18.265,18.1175,18.1175,18.1175,0.0,0.0,0.0
2025-09-23,8.25,7.78,18.3875,18.535,18.3875,18.3875,18.3875,0.0,0.0,0.0
2025-09-25,8.2,7.866,18.4735,18.621,18.4735,18.4735,18.4735,0.0,0.0,0.0
2025-09-29,7.77,7.6,18.2075,18.355,18.2075,18.2075,18.2075,0.0,0.0,0.0
2025-10-01,7.58,8.18,18.7875,18.935,18.1875,18.1875,18.1875,0.6,0.0,0.6
2025-10-03,7.72,8.2,18.8075,18.955,18.3275,18.3275,18.3275,0.48,0.0,0.48
2025-10-07,8.0,8.33,18.9375,19.085,18.6075,18.6075,18.6075,0.33,0.0,0.33
2025-10-09,7.7,8.24,18.8475,18.995,18.3075,18.3075,18.3075,0.54,0.0,0.54
2025-10-13,8.64,8.23,18.8375,18.985,18.8375,18.8375,18.8375,0.0,0.0,0.0
2025-10-15,8.52,7.85,18.4575,18.605,18.4575,18.4575,18.4575,0.0,0.0,0.0
2025-10-17,8.16,7.953,18.5605,18.708,18.5605,18.5605,18.5605,0.0,0.0,0.0
2025-10-21,8.38,8.25,18.8575,19.005,18.8575,18.8575,18.8575,0.0,0.0,0.0
2025-10-23,7.82,7.92,18.5275,18.675,18.4275,18.4275,18.4275,0.1,0.0,0.1
2025-10-27,7.97,8.3,18.9075,19.055,18.5775,18.5775,18.5775,0.33,0.0,0.33
2025-10-29,8.2,8.35,18.9575,19.105,18.9575,18.9575,18.9575,0.0,0.0,0.0
2025-10-31,8.1,8.42,19.0275,19.175,19.0275,19.0275,19.0275,0.0,0.0,0.0
2025-11-04,8.18,8.7,19.3075,19.455,19.3075,19.3075,19.3075,0.0,0.0,0.0
2025-11-06,8.5,8.8,19.4075,19.555,19.1075,19.1075,19.1075,0.3,0.0,0.3
2025-11-10,8.37,8.9,19.5075,19.655,19.5075,19.5075,19.5075,0.0,0.0,0.0
2025-11-12,8.48,8.95,19.5575,19.705,19.0875,19.0875,19.0875,0.47,0.0,0.47
2025-11-14,8.6,9.23,19.8375,19.985,19.8375,19.8375,19.8375,0.0,0.0,0.0
2025-11-18,8.99,8.77,19.3775,19.525,19.3775,19.3775,19.3775,0.0,0.0,0.0
2025-11-20,8.92,9.25,19.8575,20.005,19.5275,19.5275,19.5275,0.33,0.0,0.33
2025-11-24,9.19,9.27,19.8775,20.025,19.7975,19.7975,19.7975,0.08,0.0,0.08
2025-11-26,9.2,9.25,19.8575,20.005,19.8075,19.8075,19.8075,0.05,0.0,0.05
2025-12-01,9.34,9.013,19.6205,19.768,19.6205,19.6205,19.6205,0.0,0.0,0.0
2025-12-03,9.3,8.68,19.2875,19.435,19.2875,19.2875,19.2875,0.0,0.0,0.0
2025-12-05,9.0,8.77,19.3775,19.525,19.3775,19.3775,19.3775,0.0,0.0,0.0
2025-12-09,8.83,8.656,19.2635,19.411,19.2635,19.2635,19.2635,0.0,0.0,0.0
2025-12-11,8.84,8.88,19.4875,19.635,19.4875,19.4875,19.4875,0.0,0.0,0.0
2025-12-15,8.92,8.77,19.3775,19.525,19.3775,19.3775,19.3775,0.0,0.0,0.0
2025-12-17,8.42,8.74,19.3475,19.495,19.3475,19.3475,19.3475,0.0,0.0,0.0
2025-12-19,8.7,8.77,19.3775,19.525,19.3775,19.3775,19.3775,0.0,0.0,0.0
2025-12-23,8.74,8.72,19.3275,19.475,19.3275,19.3275,19.3275,0.0,0.0,0.0
2025-12-26,8.75,8.79,19.3975,19.545,19.3575,19.3575,19.3575,0.04,0.0,0.04
2025-12-30,8.68,8.85,19.4575,19.605,19.4575,19.4575,19.4575,0.0,0.0,0.0
2026-01-02,8.46,8.721,19.3285,19.476,19.3285,19.3285,19.3285,0.0,0.0,0.0
2026-01-06,8.81,9.48,20.0875,20.235,19.4175,19.4175,19.4175,0.67,0.0,0.67
2026-01-08,9.14,10.24,20.8475,20.995,19.7475,19.7475,19.7475,1.1,0.0,1.1
2026-01-12,8.73,10.0,20.6075,20.755,19.3375,19.3375,19.3375,1.27,0.0,1.27
2026-01-14,9.04,10.98,21.5875,21.735,19.6475,19.6475,19.6475,1.94,0.0,1.94
2026-01-16,9.8,11.01,21.6175,21.765,20.4075,20.4075,20.4075,1.21,0.0,1.21
2026-01-21,10.07,11.53,22.1375,22.285,22.1375,22.1375,22.1375,0.0,0.0,0.0
2026-01-23,10.36,10.55,21.1575,21.305,21.1575,21.1575,21.1575,0.0,0.0,0.0
2026-01-27,11.26,10.71,21.3175,21.465,21.3175,21.3175,21.3175,0.0,0.0,0.0
2026-01-29,11.48,10.95,21.5575,21.705,21.5575,21.5575,21.5575,0.0,0.0,0.0
2026-02-02,11.2,11.44,22.0475,22.195,21.8075,21.8075,21.8075,0.24,0.0,0.24
2026-02-04,10.85,11.49,22.0975,22.245,21.4575,21.4575,21.4575,0.64,0.0,0.64
2026-02-06,10.65,11.76,22.3675,22.515,21.2575,21.2575,21.2575,1.11,0.0,1.11
2026-02-10,11.18,11.73,22.3375,22.485,21.7875,21.7875,21.7875,0.55,0.0,0.55
2026-02-12,11.3,11.87,22.4775,22.625,21.9075,21.9075,21.9075,0.57,0.0,0.57
2026-02-17,11.68,11.91,22.5175,22.665,22.2875,22.2875,22.2875,0.23,0.0,0.23
