metric,mean,ci_lower,ci_upper
P(False Breakout | High Width),0.4025173282492311,0.317588765235824,0.4952465233881163
P(False Breakout | Low Width),0.23389541791992502,0.17259804995617878,0.29730534105534107
Width False Breakout Risk Diff,0.16862191032930604,0.06143213399175603,0.28523890591306317
P(False Breakout | Low Norm Margin),0.3021070821889315,0.23667832167832167,0.36943350704497196
P(False Breakout | High Norm Margin),0.29512954785550644,0.21736192714453584,0.38335
Margin False Breakout Risk Diff,0.006977534333425019,-0.10123347685036933,0.11529718202245419
P(Timing Error | High Width),0.41182225939776124,0.3238095238095238,0.5001146788990825
P(Timing Error | Low Width),0.5257682972401042,0.44826082598235767,0.6012269938650306
P(Timing Error | Low Norm Margin),0.5022261464262907,0.43273711622807015,0.5750189393939393
P(Timing Error | High Norm Margin),0.45047993741679226,0.36521394064872326,0.5360090909090909
