scenario_idx,date,current_rate_B,forecast_C,cqr_lower_L,cqr_upper_U,interval_width_W,decision_margin_M,norm_margin_NM,boundary_crossing,decision_state,timing_decision,actual_future,optimal_decision,timing_error,false_breakout,regret,adverse_movement,high_width_flag,low_margin_flag
0,2024-12-23,6.25,6.6972,5.7301,11.8446,6.1146,0.4472,0.0731,1,BOUNDARY_CROSSING,ENTER_NOW,6.26,ENTER_NOW,0,0,0.0,0.0,1,0
1,2024-12-24,6.13,6.7311,5.8439,11.8446,6.0008,0.6011,0.1002,1,BOUNDARY_CROSSING,ENTER_NOW,5.82,DEFER,1,1,0.31,0.31,1,0
2,2024-12-26,6.065,6.095,5.546,11.8446,6.2987,0.03,0.0048,1,BOUNDARY_CROSSING,ENTER_NOW,5.63,DEFER,1,1,0.435,0.435,1,1
3,2024-12-27,6.1,6.0814,5.3387,11.8446,6.5059,-0.0186,0.0029,1,BOUNDARY_CROSSING,DEFER,5.55,DEFER,0,0,0.0,0.0,1,1
4,2024-12-30,5.92,6.057,5.0154,11.8446,6.8292,0.137,0.0201,1,BOUNDARY_CROSSING,ENTER_NOW,6.7,ENTER_NOW,0,0,0.0,0.0,1,1
5,2024-12-31,6.08,6.1023,5.0654,11.8446,6.7793,0.0223,0.0033,1,BOUNDARY_CROSSING,ENTER_NOW,5.84,DEFER,1,1,0.24,0.24,1,1
6,2025-01-02,6.25,6.0854,5.0448,11.8446,6.7999,-0.1646,0.0242,1,BOUNDARY_CROSSING,DEFER,6.13,DEFER,0,0,0.0,0.0,1,1
7,2025-01-03,6.26,6.6803,5.7534,11.8446,6.0912,0.4203,0.069,1,BOUNDARY_CROSSING,ENTER_NOW,5.89,DEFER,1,1,0.37,0.37,1,1
8,2025-01-06,5.82,6.6448,5.7859,11.8446,6.0587,0.8248,0.1361,1,BOUNDARY_CROSSING,ENTER_NOW,5.73,DEFER,1,1,0.09,0.09,1,0
9,2025-01-07,5.63,6.0087,4.9883,11.8446,6.8564,0.3787,0.0552,1,BOUNDARY_CROSSING,ENTER_NOW,5.72,ENTER_NOW,0,0,0.0,0.0,1,1
10,2025-01-08,5.55,5.9544,4.9324,11.8446,6.9123,0.4044,0.0585,1,BOUNDARY_CROSSING,ENTER_NOW,5.61,ENTER_NOW,0,0,0.0,0.0,1,1
11,2025-01-10,6.7,6.18,5.0983,11.8446,6.7464,-0.52,0.0771,1,BOUNDARY_CROSSING,DEFER,5.28,DEFER,0,0,0.0,0.0,1,0
12,2025-01-13,5.84,6.884,5.7515,12.9833,7.2318,1.044,0.1444,1,BOUNDARY_CROSSING,ENTER_NOW,5.14,DEFER,1,1,0.7,0.7,1,0
13,2025-01-14,6.13,6.2858,5.2543,11.8446,6.5903,0.1558,0.0236,1,BOUNDARY_CROSSING,ENTER_NOW,5.14,DEFER,1,1,0.99,0.99,1,1
14,2025-01-15,5.89,6.2159,5.1841,12.9833,7.7992,0.3259,0.0418,1,BOUNDARY_CROSSING,ENTER_NOW,5.32,DEFER,1,1,0.57,0.57,1,1
15,2025-01-16,5.73,6.0573,5.0151,12.9833,7.9682,0.3273,0.0411,1,BOUNDARY_CROSSING,ENTER_NOW,5.28,DEFER,1,1,0.45,0.45,1,1
16,2025-01-17,5.72,6.0598,5.0384,12.9833,7.9449,0.3398,0.0428,1,BOUNDARY_CROSSING,ENTER_NOW,5.32,DEFER,1,1,0.4,0.4,1,1
17,2025-01-21,5.61,6.0329,4.9304,11.8446,6.9143,0.4229,0.0612,1,BOUNDARY_CROSSING,ENTER_NOW,5.49,DEFER,1,1,0.12,0.12,1,1
18,2025-01-22,5.28,6.0329,4.9075,12.9833,8.0757,0.7529,0.0932,1,BOUNDARY_CROSSING,ENTER_NOW,5.77,ENTER_NOW,0,0,0.0,0.0,1,0
19,2025-01-23,5.14,6.0106,4.9214,12.9833,8.0619,0.8706,0.108,1,BOUNDARY_CROSSING,ENTER_NOW,5.47,ENTER_NOW,0,0,0.0,0.0,1,0
20,2025-01-24,5.14,6.0106,4.915,12.9833,8.0682,0.8706,0.1079,1,BOUNDARY_CROSSING,ENTER_NOW,5.87,ENTER_NOW,0,0,0.0,0.0,1,0
21,2025-01-27,5.32,6.0762,4.9576,12.9833,8.0256,0.7562,0.0942,1,BOUNDARY_CROSSING,ENTER_NOW,5.99,ENTER_NOW,0,0,0.0,0.0,1,0
22,2025-01-28,5.28,6.0106,4.93,12.9833,8.0533,0.7306,0.0907,1,BOUNDARY_CROSSING,ENTER_NOW,5.8,ENTER_NOW,0,0,0.0,0.0,1,0
23,2025-01-29,5.32,6.0147,4.9619,12.9833,8.0214,0.6947,0.0866,1,BOUNDARY_CROSSING,ENTER_NOW,5.86,ENTER_NOW,0,0,0.0,0.0,1,0
24,2025-01-30,5.49,6.0802,5.0135,12.9833,7.9698,0.5902,0.0741,1,BOUNDARY_CROSSING,ENTER_NOW,5.78,ENTER_NOW,0,0,0.0,0.0,1,0
25,2025-01-31,5.77,6.4297,5.0599,12.9833,7.9234,0.6597,0.0833,1,BOUNDARY_CROSSING,ENTER_NOW,5.68,DEFER,1,1,0.09,0.09,1,0
26,2025-02-03,5.47,6.134,4.9463,12.9833,8.037,0.664,0.0826,1,BOUNDARY_CROSSING,ENTER_NOW,5.51,ENTER_NOW,0,0,0.0,0.0,1,0
27,2025-02-04,5.87,6.4614,5.151,12.9833,7.8323,0.5914,0.0755,1,BOUNDARY_CROSSING,ENTER_NOW,5.5,DEFER,1,1,0.37,0.37,1,0
28,2025-02-05,5.99,6.413,5.1524,12.9833,7.8309,0.423,0.054,1,BOUNDARY_CROSSING,ENTER_NOW,5.64,DEFER,1,1,0.35,0.35,1,1
29,2025-02-06,5.8,6.1993,5.146,12.9833,7.8372,0.3993,0.051,1,BOUNDARY_CROSSING,ENTER_NOW,6.08,ENTER_NOW,0,0,0.0,0.0,1,1
30,2025-02-07,5.86,6.1993,5.1094,12.9833,7.8739,0.3393,0.0431,1,BOUNDARY_CROSSING,ENTER_NOW,5.99,ENTER_NOW,0,0,0.0,0.0,1,1
31,2025-02-10,5.78,6.1993,5.0322,12.9833,7.9511,0.4193,0.0527,1,BOUNDARY_CROSSING,ENTER_NOW,6.45,ENTER_NOW,0,0,0.0,0.0,1,1
32,2025-02-11,5.68,6.0977,5.0849,11.8446,6.7597,0.4177,0.0618,1,BOUNDARY_CROSSING,ENTER_NOW,6.32,ENTER_NOW,0,0,0.0,0.0,1,1
33,2025-02-12,5.51,6.0514,5.1267,11.8446,6.7179,0.5414,0.0806,1,BOUNDARY_CROSSING,ENTER_NOW,6.09,ENTER_NOW,0,0,0.0,0.0,1,0
34,2025-02-13,5.5,6.0514,5.1222,11.8446,6.7224,0.5514,0.082,1,BOUNDARY_CROSSING,ENTER_NOW,6.26,ENTER_NOW,0,0,0.0,0.0,1,0
35,2025-02-14,5.64,6.0927,5.1513,11.8446,6.6934,0.4527,0.0676,1,BOUNDARY_CROSSING,ENTER_NOW,6.4,ENTER_NOW,0,0,0.0,0.0,1,1
36,2025-02-18,6.08,6.2104,5.2124,11.8446,6.6323,0.1304,0.0197,1,BOUNDARY_CROSSING,ENTER_NOW,6.17,ENTER_NOW,0,0,0.0,0.0,1,1
37,2025-02-19,5.99,6.1208,5.1794,11.8446,6.6652,0.1308,0.0196,1,BOUNDARY_CROSSING,ENTER_NOW,6.4,ENTER_NOW,0,0,0.0,0.0,1,1
38,2025-02-20,6.45,6.4805,5.2765,11.8446,6.5682,0.0305,0.0046,1,BOUNDARY_CROSSING,ENTER_NOW,6.15,DEFER,1,1,0.3,0.3,1,1
39,2025-02-21,6.32,7.1841,5.8148,11.8446,6.0299,0.8641,0.1433,1,BOUNDARY_CROSSING,ENTER_NOW,6.0,DEFER,1,1,0.32,0.32,1,0
40,2025-02-24,6.09,6.8508,5.867,11.8446,5.9776,0.7608,0.1273,1,BOUNDARY_CROSSING,ENTER_NOW,6.29,ENTER_NOW,0,0,0.0,0.0,1,0
41,2025-02-25,6.26,6.2893,5.2657,11.8446,6.579,0.0293,0.0045,1,BOUNDARY_CROSSING,ENTER_NOW,6.5,ENTER_NOW,0,0,0.0,0.0,1,1
42,2025-02-26,6.4,6.7982,5.8985,11.8446,5.9462,0.3982,0.067,1,BOUNDARY_CROSSING,ENTER_NOW,6.57,ENTER_NOW,0,0,0.0,0.0,0,1
43,2025-02-27,6.17,6.9439,5.9172,11.8446,5.9274,0.7739,0.1306,1,BOUNDARY_CROSSING,ENTER_NOW,6.55,ENTER_NOW,0,0,0.0,0.0,0,0
44,2025-02-28,6.4,6.9405,5.9167,11.8446,5.928,0.5405,0.0912,1,BOUNDARY_CROSSING,ENTER_NOW,6.68,ENTER_NOW,0,0,0.0,0.0,0,0
45,2025-03-03,6.15,7.0412,5.8199,11.8446,6.0248,0.8912,0.1479,1,BOUNDARY_CROSSING,ENTER_NOW,7.14,ENTER_NOW,0,0,0.0,0.0,1,0
46,2025-03-04,6.0,6.2106,5.2436,11.8446,6.601,0.2106,0.0319,1,BOUNDARY_CROSSING,ENTER_NOW,6.85,ENTER_NOW,0,0,0.0,0.0,1,1
47,2025-03-05,6.29,6.3038,5.2043,11.8446,6.6403,0.0138,0.0021,1,BOUNDARY_CROSSING,ENTER_NOW,6.95,ENTER_NOW,0,0,0.0,0.0,1,1
48,2025-03-06,6.5,6.8466,5.7449,11.8446,6.0998,0.3466,0.0568,1,BOUNDARY_CROSSING,ENTER_NOW,6.86,ENTER_NOW,0,0,0.0,0.0,1,1
49,2025-03-07,6.57,6.9479,5.9865,11.8446,5.8582,0.3779,0.0645,1,BOUNDARY_CROSSING,ENTER_NOW,6.73,ENTER_NOW,0,0,0.0,0.0,0,1
50,2025-03-10,6.55,7.0079,5.9425,11.8446,5.9021,0.4579,0.0776,1,BOUNDARY_CROSSING,ENTER_NOW,6.5,DEFER,1,1,0.05,0.05,0,0
51,2025-03-11,6.68,7.4125,6.0594,11.8446,5.7852,0.7325,0.1266,1,BOUNDARY_CROSSING,ENTER_NOW,6.775,ENTER_NOW,0,0,0.0,0.0,0,0
52,2025-03-12,7.14,7.4609,6.0115,11.8446,5.8332,0.3209,0.055,1,BOUNDARY_CROSSING,ENTER_NOW,6.91,DEFER,1,1,0.23,0.23,0,1
53,2025-03-13,6.85,7.3924,6.0782,11.8446,5.7664,0.5424,0.0941,1,BOUNDARY_CROSSING,ENTER_NOW,6.75,DEFER,1,1,0.1,0.1,0,0
54,2025-03-14,6.95,7.2162,6.1735,11.8446,5.6711,0.2662,0.0469,1,BOUNDARY_CROSSING,ENTER_NOW,6.51,DEFER,1,1,0.44,0.44,0,1
55,2025-03-17,6.86,7.2162,6.183,11.8446,5.6617,0.3562,0.0629,1,BOUNDARY_CROSSING,ENTER_NOW,6.4,DEFER,1,1,0.46,0.46,0,1
56,2025-03-18,6.73,7.2162,6.1601,11.8446,5.6845,0.4862,0.0855,1,BOUNDARY_CROSSING,ENTER_NOW,6.35,DEFER,1,1,0.38,0.38,0,0
57,2025-03-19,6.5,7.2121,6.0659,11.8446,5.7788,0.7121,0.1232,1,BOUNDARY_CROSSING,ENTER_NOW,6.36,DEFER,1,1,0.14,0.14,0,0
58,2025-03-20,6.775,7.3058,6.1619,11.8446,5.6827,0.5308,0.0934,1,BOUNDARY_CROSSING,ENTER_NOW,6.25,DEFER,1,1,0.525,0.525,0,0
59,2025-03-21,6.91,7.2574,6.0338,11.8446,5.8109,0.3474,0.0598,1,BOUNDARY_CROSSING,ENTER_NOW,6.5,DEFER,1,1,0.41,0.41,0,1
60,2025-03-24,6.75,7.4858,6.1409,11.8446,5.7037,0.7358,0.129,1,BOUNDARY_CROSSING,ENTER_NOW,6.37,DEFER,1,1,0.38,0.38,0,0
61,2025-03-25,6.51,7.3668,6.1215,11.8446,5.7232,0.8568,0.1497,1,BOUNDARY_CROSSING,ENTER_NOW,6.02,DEFER,1,1,0.49,0.49,0,0
62,2025-03-26,6.4,7.3708,6.1533,11.8446,5.6913,0.9708,0.1706,1,BOUNDARY_CROSSING,ENTER_NOW,5.62,DEFER,1,1,0.78,0.78,0,0
63,2025-03-27,6.35,7.3668,6.0612,11.8446,5.7834,1.0168,0.1758,1,BOUNDARY_CROSSING,ENTER_NOW,5.38,DEFER,1,1,0.97,0.97,0,0
64,2025-03-28,6.36,7.2097,5.9943,11.8446,5.8503,0.8497,0.1452,1,BOUNDARY_CROSSING,ENTER_NOW,5.36,DEFER,1,1,1.0,1.0,0,0
65,2025-03-31,6.25,7.1497,5.9716,11.8446,5.873,0.8997,0.1532,1,BOUNDARY_CROSSING,ENTER_NOW,5.33,DEFER,1,1,0.92,0.92,0,0
66,2025-04-01,6.5,7.1501,6.0347,11.8446,5.81,0.6501,0.1119,1,BOUNDARY_CROSSING,ENTER_NOW,5.6,DEFER,1,1,0.9,0.9,0,0
67,2025-04-02,6.37,7.2175,5.946,11.8446,5.8987,0.8475,0.1437,1,BOUNDARY_CROSSING,ENTER_NOW,5.63,DEFER,1,1,0.74,0.74,0,0
68,2025-04-03,6.02,7.051,5.8404,11.8446,6.0042,1.031,0.1717,1,BOUNDARY_CROSSING,ENTER_NOW,5.75,DEFER,1,1,0.27,0.27,1,0
69,2025-04-04,5.62,6.3562,4.9285,11.8446,6.9162,0.7362,0.1064,1,BOUNDARY_CROSSING,ENTER_NOW,5.69,ENTER_NOW,0,0,0.0,0.0,1,0
70,2025-04-07,5.38,6.0514,4.6784,11.8928,7.2145,0.6714,0.0931,1,BOUNDARY_CROSSING,ENTER_NOW,5.72,ENTER_NOW,0,0,0.0,0.0,1,0
71,2025-04-08,5.36,6.0514,4.6441,11.8928,7.2487,0.6914,0.0954,1,BOUNDARY_CROSSING,ENTER_NOW,5.74,ENTER_NOW,0,0,0.0,0.0,1,0
72,2025-04-09,5.33,6.0292,4.6449,11.8928,7.2479,0.6992,0.0965,1,BOUNDARY_CROSSING,ENTER_NOW,5.73,ENTER_NOW,0,0,0.0,0.0,1,0
73,2025-04-10,5.6,6.0947,4.7022,11.8446,7.1424,0.4947,0.0693,1,BOUNDARY_CROSSING,ENTER_NOW,5.6,DEFER,1,0,0.0,0.0,1,1
74,2025-04-11,5.63,6.0555,4.6607,11.8446,7.184,0.4255,0.0592,1,BOUNDARY_CROSSING,ENTER_NOW,5.88,ENTER_NOW,0,0,0.0,0.0,1,1
75,2025-04-14,5.75,6.0967,4.7298,11.8446,7.1149,0.3467,0.0487,1,BOUNDARY_CROSSING,ENTER_NOW,5.83,ENTER_NOW,0,0,0.0,0.0,1,1
76,2025-04-15,5.69,6.0555,4.73,11.8446,7.1146,0.3655,0.0514,1,BOUNDARY_CROSSING,ENTER_NOW,5.92,ENTER_NOW,0,0,0.0,0.0,1,1
77,2025-04-16,5.72,6.0555,4.7552,11.8446,7.0895,0.3355,0.0473,1,BOUNDARY_CROSSING,ENTER_NOW,5.78,ENTER_NOW,0,0,0.0,0.0,1,1
78,2025-04-17,5.74,6.0555,4.7071,11.8446,7.1376,0.3155,0.0442,1,BOUNDARY_CROSSING,ENTER_NOW,5.57,DEFER,1,1,0.17,0.17,1,1
79,2025-04-21,5.73,6.1056,4.8195,11.8446,7.0252,0.3756,0.0535,1,BOUNDARY_CROSSING,ENTER_NOW,5.765,ENTER_NOW,0,0,0.0,0.0,1,1
80,2025-04-22,5.6,6.0555,4.8174,11.8446,7.0272,0.4555,0.0648,1,BOUNDARY_CROSSING,ENTER_NOW,5.95,ENTER_NOW,0,0,0.0,0.0,1,1
81,2025-04-23,5.88,6.1451,4.802,11.8446,7.0427,0.2651,0.0376,1,BOUNDARY_CROSSING,ENTER_NOW,5.84,DEFER,1,1,0.04,0.04,1,1
82,2025-04-24,5.83,6.0555,4.8157,11.8446,7.0289,0.2255,0.0321,1,BOUNDARY_CROSSING,ENTER_NOW,5.914,ENTER_NOW,0,0,0.0,0.0,1,1
83,2025-04-25,5.92,6.0555,4.8097,11.8446,7.0349,0.1355,0.0193,1,BOUNDARY_CROSSING,ENTER_NOW,5.62,DEFER,1,1,0.3,0.3,1,1
84,2025-04-28,5.78,6.0555,4.8242,11.8446,7.0204,0.2755,0.0392,1,BOUNDARY_CROSSING,ENTER_NOW,5.62,DEFER,1,1,0.16,0.16,1,1
85,2025-04-29,5.57,6.0555,4.8894,11.8446,6.9553,0.4855,0.0698,1,BOUNDARY_CROSSING,ENTER_NOW,5.42,DEFER,1,1,0.15,0.15,1,1
86,2025-04-30,5.765,6.1451,4.8723,11.8446,6.9723,0.3801,0.0545,1,BOUNDARY_CROSSING,ENTER_NOW,5.43,DEFER,1,1,0.335,0.335,1,1
87,2025-05-01,5.95,6.0684,4.8368,11.8446,7.0079,0.1184,0.0169,1,BOUNDARY_CROSSING,ENTER_NOW,5.54,DEFER,1,1,0.41,0.41,1,1
88,2025-05-02,5.84,5.9788,4.8327,11.8446,7.012,0.1388,0.0198,1,BOUNDARY_CROSSING,ENTER_NOW,5.3,DEFER,1,1,0.54,0.54,1,1
89,2025-05-05,5.914,6.0441,4.874,11.8446,6.9707,0.1301,0.0187,1,BOUNDARY_CROSSING,ENTER_NOW,5.46,DEFER,1,1,0.454,0.454,1,1
90,2025-05-06,5.62,6.0441,4.9398,11.8446,6.9048,0.4241,0.0614,1,BOUNDARY_CROSSING,ENTER_NOW,5.55,DEFER,1,1,0.07,0.07,1,1
91,2025-05-07,5.62,6.0441,4.9502,11.8446,6.8944,0.4241,0.0615,1,BOUNDARY_CROSSING,ENTER_NOW,5.504,DEFER,1,1,0.116,0.116,1,1
92,2025-05-08,5.42,6.0401,4.7914,11.8446,7.0532,0.6201,0.0879,1,BOUNDARY_CROSSING,ENTER_NOW,5.31,DEFER,1,1,0.11,0.11,1,0
93,2025-05-09,5.43,6.0197,4.7872,11.8446,7.0575,0.5897,0.0836,1,BOUNDARY_CROSSING,ENTER_NOW,5.36,DEFER,1,1,0.07,0.07,1,0
94,2025-05-12,5.54,6.061,4.7839,11.8446,7.0607,0.521,0.0738,1,BOUNDARY_CROSSING,ENTER_NOW,5.34,DEFER,1,1,0.2,0.2,1,0
95,2025-05-13,5.3,5.9544,4.7295,11.8446,7.1152,0.6544,0.092,1,BOUNDARY_CROSSING,ENTER_NOW,5.21,DEFER,1,1,0.09,0.09,1,0
96,2025-05-14,5.46,5.9734,4.7708,11.8446,7.0738,0.5134,0.0726,1,BOUNDARY_CROSSING,ENTER_NOW,5.15,DEFER,1,1,0.31,0.31,1,0
97,2025-05-15,5.55,6.0238,4.811,11.8446,7.0336,0.4738,0.0674,1,BOUNDARY_CROSSING,ENTER_NOW,5.15,DEFER,1,1,0.4,0.4,1,1
98,2025-05-16,5.504,5.9584,4.8,11.8446,7.0447,0.4544,0.0645,1,BOUNDARY_CROSSING,ENTER_NOW,5.167,DEFER,1,1,0.337,0.337,1,1
99,2025-05-19,5.31,5.9544,4.7796,11.8446,7.0651,0.6444,0.0912,1,BOUNDARY_CROSSING,ENTER_NOW,5.19,DEFER,1,1,0.12,0.12,1,0
100,2025-05-20,5.36,5.9362,4.7848,11.8446,7.0598,0.5761,0.0816,1,BOUNDARY_CROSSING,ENTER_NOW,5.19,DEFER,1,1,0.17,0.17,1,0
101,2025-05-21,5.34,5.9362,4.8477,11.8446,6.997,0.5961,0.0852,1,BOUNDARY_CROSSING,ENTER_NOW,5.1,DEFER,1,1,0.24,0.24,1,0
102,2025-05-22,5.21,5.9321,4.7774,11.8446,7.0673,0.7221,0.1022,1,BOUNDARY_CROSSING,ENTER_NOW,5.2,DEFER,1,1,0.01,0.01,1,0
103,2025-05-23,5.15,5.9321,4.831,11.8446,7.0137,0.7821,0.1115,1,BOUNDARY_CROSSING,ENTER_NOW,5.42,ENTER_NOW,0,0,0.0,0.0,1,0
104,2025-05-27,5.15,5.9321,4.8103,11.8446,7.0343,0.7821,0.1112,1,BOUNDARY_CROSSING,ENTER_NOW,5.49,ENTER_NOW,0,0,0.0,0.0,1,0
105,2025-05-28,5.167,5.9321,4.7821,11.8446,7.0625,0.7651,0.1083,1,BOUNDARY_CROSSING,ENTER_NOW,5.41,ENTER_NOW,0,0,0.0,0.0,1,0
106,2025-05-29,5.19,5.9321,4.8412,11.8446,7.0034,0.7421,0.106,1,BOUNDARY_CROSSING,ENTER_NOW,5.372,ENTER_NOW,0,0,0.0,0.0,1,0
107,2025-05-30,5.19,5.9362,4.8142,11.8446,7.0305,0.7462,0.1061,1,BOUNDARY_CROSSING,ENTER_NOW,5.52,ENTER_NOW,0,0,0.0,0.0,1,0
108,2025-06-02,5.1,5.9362,5.1267,11.8446,6.7179,0.8362,0.1245,0,ROBUST_ENTER,ENTER_NOW,5.65,ENTER_NOW,0,0,0.0,0.0,1,0
109,2025-06-03,5.2,5.9774,5.0812,11.8446,6.7635,0.7774,0.1149,1,BOUNDARY_CROSSING,ENTER_NOW,5.73,ENTER_NOW,0,0,0.0,0.0,1,0
110,2025-06-04,5.42,6.0017,5.1621,11.8446,6.6825,0.5817,0.087,1,BOUNDARY_CROSSING,ENTER_NOW,5.87,ENTER_NOW,0,0,0.0,0.0,1,0
111,2025-06-05,5.49,6.0238,5.1092,11.8446,6.7354,0.5338,0.0792,1,BOUNDARY_CROSSING,ENTER_NOW,5.68,ENTER_NOW,0,0,0.0,0.0,1,0
112,2025-06-06,5.41,5.9788,5.1421,11.8446,6.7025,0.5688,0.0849,1,BOUNDARY_CROSSING,ENTER_NOW,5.63,ENTER_NOW,0,0,0.0,0.0,1,0
113,2025-06-09,5.372,6.0441,5.1455,11.9177,6.7721,0.6721,0.0992,1,BOUNDARY_CROSSING,ENTER_NOW,5.62,ENTER_NOW,0,0,0.0,0.0,1,0
114,2025-06-10,5.52,6.0631,5.1422,11.8446,6.7024,0.5431,0.081,1,BOUNDARY_CROSSING,ENTER_NOW,5.73,ENTER_NOW,0,0,0.0,0.0,1,0
115,2025-06-11,5.65,6.0854,5.1995,11.8446,6.6451,0.4354,0.0655,1,BOUNDARY_CROSSING,ENTER_NOW,5.78,ENTER_NOW,0,0,0.0,0.0,1,1
116,2025-06-12,5.73,6.0943,5.2412,11.9177,6.6765,0.3643,0.0546,1,BOUNDARY_CROSSING,ENTER_NOW,5.735,ENTER_NOW,0,0,0.0,0.0,1,1
117,2025-06-13,5.87,6.1712,5.1921,11.9177,6.7255,0.3012,0.0448,1,BOUNDARY_CROSSING,ENTER_NOW,5.8,DEFER,1,1,0.07,0.07,1,1
118,2025-06-16,5.68,6.0943,5.2099,11.9177,6.7077,0.4143,0.0618,1,BOUNDARY_CROSSING,ENTER_NOW,5.66,DEFER,1,1,0.02,0.02,1,1
119,2025-06-17,5.63,6.0441,5.131,11.9177,6.7866,0.4141,0.061,1,BOUNDARY_CROSSING,ENTER_NOW,5.584,DEFER,1,1,0.046,0.046,1,1
120,2025-06-18,5.62,6.0441,5.2413,11.9177,6.6763,0.4241,0.0635,1,BOUNDARY_CROSSING,ENTER_NOW,5.55,DEFER,1,1,0.07,0.07,1,1
121,2025-06-20,5.73,6.0854,5.2786,11.9177,6.6391,0.3554,0.0535,1,BOUNDARY_CROSSING,ENTER_NOW,5.63,DEFER,1,1,0.1,0.1,1,1
122,2025-06-23,5.78,6.0441,5.3067,11.9177,6.611,0.2641,0.04,1,BOUNDARY_CROSSING,ENTER_NOW,5.77,DEFER,1,1,0.01,0.01,1,1
123,2025-06-24,5.735,6.0943,5.2917,11.9177,6.6259,0.3593,0.0542,1,BOUNDARY_CROSSING,ENTER_NOW,5.93,ENTER_NOW,0,0,0.0,0.0,1,1
124,2025-06-25,5.8,6.0943,5.3042,11.9177,6.6134,0.2943,0.0445,1,BOUNDARY_CROSSING,ENTER_NOW,6.07,ENTER_NOW,0,0,0.0,0.0,1,1
125,2025-06-26,5.66,6.2983,5.2958,11.9177,6.6219,0.6383,0.0964,1,BOUNDARY_CROSSING,ENTER_NOW,6.18,ENTER_NOW,0,0,0.0,0.0,1,0
126,2025-06-27,5.584,6.2983,5.2505,11.9177,6.6672,0.7143,0.1071,1,BOUNDARY_CROSSING,ENTER_NOW,6.25,ENTER_NOW,0,0,0.0,0.0,1,0
127,2025-06-30,5.55,6.2942,5.233,11.9177,6.6847,0.7442,0.1113,1,BOUNDARY_CROSSING,ENTER_NOW,6.66,ENTER_NOW,0,0,0.0,0.0,1,0
128,2025-07-01,5.63,6.2185,5.0935,11.9177,6.8242,0.5885,0.0862,1,BOUNDARY_CROSSING,ENTER_NOW,7.09,ENTER_NOW,0,0,0.0,0.0,1,0
129,2025-07-02,5.77,6.2597,5.1866,11.9177,6.7311,0.4897,0.0728,1,BOUNDARY_CROSSING,ENTER_NOW,7.26,ENTER_NOW,0,0,0.0,0.0,1,0
130,2025-07-03,5.93,6.2597,5.1676,11.9177,6.75,0.3297,0.0489,1,BOUNDARY_CROSSING,ENTER_NOW,6.78,ENTER_NOW,0,0,0.0,0.0,1,1
131,2025-07-07,6.07,6.2955,5.1523,11.9177,6.7654,0.2255,0.0333,1,BOUNDARY_CROSSING,ENTER_NOW,7.25,ENTER_NOW,0,0,0.0,0.0,1,1
132,2025-07-08,6.18,6.5298,5.1453,11.9177,6.7723,0.3498,0.0517,1,BOUNDARY_CROSSING,ENTER_NOW,7.61,ENTER_NOW,0,0,0.0,0.0,1,1
133,2025-07-09,6.25,7.1247,5.7268,11.9177,6.1909,0.8747,0.1413,1,BOUNDARY_CROSSING,ENTER_NOW,7.4,ENTER_NOW,0,0,0.0,0.0,1,0
134,2025-07-10,6.66,7.0443,5.9386,11.8446,5.9061,0.3843,0.0651,1,BOUNDARY_CROSSING,ENTER_NOW,7.35,ENTER_NOW,0,0,0.0,0.0,0,1
135,2025-07-11,7.09,7.2013,6.0324,11.8446,5.8123,0.1113,0.0192,1,BOUNDARY_CROSSING,ENTER_NOW,7.67,ENTER_NOW,0,0,0.0,0.0,0,1
136,2025-07-14,7.26,7.3891,6.1224,11.8446,5.7223,0.1291,0.0226,1,BOUNDARY_CROSSING,ENTER_NOW,7.52,ENTER_NOW,0,0,0.0,0.0,0,1
137,2025-07-15,6.78,7.506,6.0106,11.8446,5.834,0.726,0.1244,1,BOUNDARY_CROSSING,ENTER_NOW,7.42,ENTER_NOW,0,0,0.0,0.0,0,0
138,2025-07-16,7.25,7.4194,6.1597,11.8446,5.6849,0.1694,0.0298,1,BOUNDARY_CROSSING,ENTER_NOW,7.15,DEFER,1,1,0.1,0.1,0,1
139,2025-07-17,7.61,7.5957,6.2145,11.8446,5.6302,-0.0143,0.0025,1,BOUNDARY_CROSSING,DEFER,7.246,DEFER,0,0,0.0,0.0,0,1
140,2025-07-18,7.4,7.3254,6.108,11.8446,5.7366,-0.0746,0.013,1,BOUNDARY_CROSSING,DEFER,6.94,DEFER,0,0,0.0,0.0,0,1
141,2025-07-21,7.35,7.2861,6.1733,11.8446,5.6713,-0.0639,0.0113,1,BOUNDARY_CROSSING,DEFER,7.02,DEFER,0,0,0.0,0.0,0,1
142,2025-07-22,7.67,8.4577,6.7509,11.8446,5.0938,0.7877,0.1546,1,BOUNDARY_CROSSING,ENTER_NOW,7.4,DEFER,1,1,0.27,0.27,0,0
143,2025-07-23,7.52,8.1874,6.6024,11.8446,5.2422,0.6674,0.1273,1,BOUNDARY_CROSSING,ENTER_NOW,7.46,DEFER,1,1,0.06,0.06,0,0
144,2025-07-24,7.42,8.2029,6.3113,11.8446,5.5333,0.7829,0.1415,1,BOUNDARY_CROSSING,ENTER_NOW,7.31,DEFER,1,1,0.11,0.11,0,0
145,2025-07-25,7.15,7.6933,6.3692,11.8446,5.4754,0.5433,0.0992,1,BOUNDARY_CROSSING,ENTER_NOW,7.77,ENTER_NOW,0,0,0.0,0.0,0,0
146,2025-07-28,7.246,7.6973,6.5316,11.8446,5.313,0.4513,0.0849,1,BOUNDARY_CROSSING,ENTER_NOW,7.73,ENTER_NOW,0,0,0.0,0.0,0,0
147,2025-07-29,6.94,7.5015,6.2647,11.8446,5.5799,0.5615,0.1006,1,BOUNDARY_CROSSING,ENTER_NOW,7.75,ENTER_NOW,0,0,0.0,0.0,0,0
148,2025-07-30,7.02,7.3253,6.0675,11.8446,5.7771,0.3053,0.0528,1,BOUNDARY_CROSSING,ENTER_NOW,7.8,ENTER_NOW,0,0,0.0,0.0,0,1
149,2025-07-31,7.4,7.419,6.1517,11.8446,5.693,0.019,0.0033,1,BOUNDARY_CROSSING,ENTER_NOW,7.9,ENTER_NOW,0,0,0.0,0.0,0,1
150,2025-08-01,7.46,7.5056,6.1782,11.8446,5.6665,0.0456,0.008,1,BOUNDARY_CROSSING,ENTER_NOW,8.02,ENTER_NOW,0,0,0.0,0.0,0,1
151,2025-08-04,7.31,7.5056,6.1553,11.8446,5.6893,0.1956,0.0344,1,BOUNDARY_CROSSING,ENTER_NOW,8.167,ENTER_NOW,0,0,0.0,0.0,0,1
152,2025-08-05,7.77,8.158,6.5139,11.8446,5.3307,0.388,0.0728,1,BOUNDARY_CROSSING,ENTER_NOW,8.13,ENTER_NOW,0,0,0.0,0.0,0,0
153,2025-08-06,7.73,8.6283,6.7102,11.8446,5.1345,0.8983,0.175,1,BOUNDARY_CROSSING,ENTER_NOW,8.02,ENTER_NOW,0,0,0.0,0.0,0,0
154,2025-08-07,7.75,8.2029,6.5111,11.8446,5.3335,0.4529,0.0849,1,BOUNDARY_CROSSING,ENTER_NOW,8.08,ENTER_NOW,0,0,0.0,0.0,0,0
155,2025-08-08,7.8,8.2029,6.7722,11.8446,5.0724,0.4029,0.0794,1,BOUNDARY_CROSSING,ENTER_NOW,7.773,DEFER,1,1,0.027,0.027,0,0
156,2025-08-11,7.9,8.2029,6.7616,11.8446,5.0831,0.3029,0.0596,1,BOUNDARY_CROSSING,ENTER_NOW,8.04,ENTER_NOW,0,0,0.0,0.0,0,1
157,2025-08-12,8.02,8.2029,6.8826,11.8446,4.962,0.1829,0.0369,1,BOUNDARY_CROSSING,ENTER_NOW,8.16,ENTER_NOW,0,0,0.0,0.0,0,1
158,2025-08-13,8.167,8.2441,6.8703,11.8446,4.9743,0.0771,0.0155,1,BOUNDARY_CROSSING,ENTER_NOW,8.41,ENTER_NOW,0,0,0.0,0.0,0,1
159,2025-08-14,8.13,8.2029,6.8326,11.8446,5.012,0.0729,0.0145,1,BOUNDARY_CROSSING,ENTER_NOW,8.5,ENTER_NOW,0,0,0.0,0.0,0,1
160,2025-08-15,8.02,8.2029,6.8122,11.8446,5.0324,0.1829,0.0363,1,BOUNDARY_CROSSING,ENTER_NOW,8.6,ENTER_NOW,0,0,0.0,0.0,0,1
161,2025-08-18,8.08,8.2029,6.8444,11.8446,5.0002,0.1229,0.0246,1,BOUNDARY_CROSSING,ENTER_NOW,8.3,ENTER_NOW,0,0,0.0,0.0,0,1
162,2025-08-19,7.773,8.1737,6.7925,11.8446,5.0522,0.4007,0.0793,1,BOUNDARY_CROSSING,ENTER_NOW,8.35,ENTER_NOW,0,0,0.0,0.0,0,0
163,2025-08-20,8.04,8.2925,6.7222,11.8446,5.1225,0.2525,0.0493,1,BOUNDARY_CROSSING,ENTER_NOW,8.37,ENTER_NOW,0,0,0.0,0.0,0,1
164,2025-08-21,8.16,8.2029,6.8501,11.8446,4.9946,0.0429,0.0086,1,BOUNDARY_CROSSING,ENTER_NOW,8.02,DEFER,1,1,0.14,0.14,0,1
165,2025-08-22,8.41,8.2441,6.8892,11.8446,4.9555,-0.1659,0.0335,1,BOUNDARY_CROSSING,DEFER,8.14,DEFER,0,0,0.0,0.0,0,1
166,2025-08-25,8.5,8.2715,6.8691,11.8446,4.9755,-0.2285,0.0459,1,BOUNDARY_CROSSING,DEFER,8.063,DEFER,0,0,0.0,0.0,0,1
167,2025-08-26,8.6,8.746,6.88,11.8446,4.9646,0.146,0.0294,1,BOUNDARY_CROSSING,ENTER_NOW,8.04,DEFER,1,1,0.56,0.56,0,1
168,2025-08-27,8.3,8.4529,6.6372,11.8446,5.2075,0.1529,0.0294,1,BOUNDARY_CROSSING,ENTER_NOW,8.15,DEFER,1,1,0.15,0.15,0,1
169,2025-08-28,8.35,8.2029,6.7271,11.8446,5.1176,-0.1471,0.0287,1,BOUNDARY_CROSSING,DEFER,8.39,ENTER_NOW,1,0,0.04,0.04,0,1
170,2025-08-29,8.37,8.2029,6.817,11.8446,5.0276,-0.1671,0.0332,1,BOUNDARY_CROSSING,DEFER,8.22,DEFER,0,0,0.0,0.0,0,1
171,2025-09-02,8.02,8.1737,6.6363,11.8446,5.2083,0.1537,0.0295,1,BOUNDARY_CROSSING,ENTER_NOW,8.115,ENTER_NOW,0,0,0.0,0.0,0,1
172,2025-09-03,8.14,8.1737,6.8836,11.8446,4.9611,0.0337,0.0068,1,BOUNDARY_CROSSING,ENTER_NOW,8.1,DEFER,1,1,0.04,0.04,0,1
173,2025-09-04,8.063,8.1737,6.7692,11.9177,5.1485,0.1107,0.0215,1,BOUNDARY_CROSSING,ENTER_NOW,8.21,ENTER_NOW,0,0,0.0,0.0,0,1
174,2025-09-05,8.04,8.1737,6.7167,11.9177,5.2009,0.1337,0.0257,1,BOUNDARY_CROSSING,ENTER_NOW,8.04,DEFER,1,0,0.0,0.0,0,1
175,2025-09-08,8.15,8.2029,6.6868,11.9177,5.2308,0.0529,0.0101,1,BOUNDARY_CROSSING,ENTER_NOW,8.14,DEFER,1,1,0.01,0.01,0,1
176,2025-09-09,8.39,8.2441,6.8464,11.8446,4.9983,-0.1459,0.0292,1,BOUNDARY_CROSSING,DEFER,8.2,DEFER,0,0,0.0,0.0,0,1
177,2025-09-10,8.22,8.2715,6.7426,11.8446,5.1021,0.0515,0.0101,1,BOUNDARY_CROSSING,ENTER_NOW,8.16,DEFER,1,1,0.06,0.06,0,1
178,2025-09-11,8.115,8.2029,6.7917,11.8446,5.053,0.0879,0.0174,1,BOUNDARY_CROSSING,ENTER_NOW,8.06,DEFER,1,1,0.055,0.055,0,1
179,2025-09-12,8.1,8.2029,6.8012,11.8446,5.0435,0.1029,0.0204,1,BOUNDARY_CROSSING,ENTER_NOW,8.25,ENTER_NOW,0,0,0.0,0.0,0,1
180,2025-09-15,8.21,8.2029,6.8295,11.8446,5.0151,-0.0071,0.0014,1,BOUNDARY_CROSSING,DEFER,8.38,ENTER_NOW,1,0,0.17,0.17,0,1
181,2025-09-16,8.04,8.1737,6.7415,11.8446,5.1032,0.1337,0.0262,1,BOUNDARY_CROSSING,ENTER_NOW,8.2,ENTER_NOW,0,0,0.0,0.0,0,1
182,2025-09-17,8.14,8.2029,6.8125,11.8446,5.0321,0.0629,0.0125,1,BOUNDARY_CROSSING,ENTER_NOW,8.05,DEFER,1,1,0.09,0.09,0,1
183,2025-09-18,8.2,8.2029,6.8132,11.9177,5.1044,0.0029,0.0006,1,BOUNDARY_CROSSING,ENTER_NOW,7.77,DEFER,1,1,0.43,0.43,0,1
184,2025-09-19,8.16,8.2029,6.8207,11.9177,5.097,0.0429,0.0084,1,BOUNDARY_CROSSING,ENTER_NOW,7.51,DEFER,1,1,0.65,0.65,0,1
185,2025-09-22,8.06,8.1825,6.7761,11.9177,5.1415,0.1225,0.0238,1,BOUNDARY_CROSSING,ENTER_NOW,7.58,DEFER,1,1,0.48,0.48,0,1
186,2025-09-23,8.25,8.2441,6.8426,11.9177,5.075,-0.0059,0.0012,1,BOUNDARY_CROSSING,DEFER,7.78,DEFER,0,0,0.0,0.0,0,1
187,2025-09-24,8.38,8.2029,6.7403,11.9177,5.1773,-0.1771,0.0342,1,BOUNDARY_CROSSING,DEFER,7.72,DEFER,0,0,0.0,0.0,0,1
188,2025-09-25,8.2,8.2029,6.6293,11.9177,5.2883,0.0029,0.0005,1,BOUNDARY_CROSSING,ENTER_NOW,7.866,DEFER,1,1,0.334,0.334,0,1
189,2025-09-26,8.05,8.2029,6.6784,11.9177,5.2393,0.1529,0.0292,1,BOUNDARY_CROSSING,ENTER_NOW,8.0,DEFER,1,1,0.05,0.05,0,1
190,2025-09-29,7.77,8.1737,6.6182,11.9177,5.2995,0.4037,0.0762,1,BOUNDARY_CROSSING,ENTER_NOW,7.6,DEFER,1,1,0.17,0.17,0,0
191,2025-09-30,7.51,8.0613,6.6016,11.9177,5.3161,0.5513,0.1037,1,BOUNDARY_CROSSING,ENTER_NOW,7.7,ENTER_NOW,0,0,0.0,0.0,0,0
192,2025-10-01,7.58,8.0639,6.7167,11.9177,5.201,0.4839,0.093,1,BOUNDARY_CROSSING,ENTER_NOW,8.18,ENTER_NOW,0,0,0.0,0.0,0,0
193,2025-10-02,7.78,8.1946,6.7698,11.9177,5.1478,0.4146,0.0805,1,BOUNDARY_CROSSING,ENTER_NOW,8.64,ENTER_NOW,0,0,0.0,0.0,0,0
194,2025-10-03,7.72,8.1534,6.7228,11.9177,5.1949,0.4334,0.0834,1,BOUNDARY_CROSSING,ENTER_NOW,8.2,ENTER_NOW,0,0,0.0,0.0,0,0
195,2025-10-06,7.866,8.2238,6.7475,11.9177,5.1701,0.3578,0.0692,1,BOUNDARY_CROSSING,ENTER_NOW,8.52,ENTER_NOW,0,0,0.0,0.0,0,1
196,2025-10-07,8.0,8.1825,6.8522,11.9177,5.0654,0.1825,0.036,1,BOUNDARY_CROSSING,ENTER_NOW,8.33,ENTER_NOW,0,0,0.0,0.0,0,1
197,2025-10-08,7.6,8.0905,6.7134,11.8446,5.1313,0.4905,0.0956,1,BOUNDARY_CROSSING,ENTER_NOW,8.16,ENTER_NOW,0,0,0.0,0.0,0,0
198,2025-10-09,7.7,8.1825,6.6988,11.8446,5.1458,0.4825,0.0938,1,BOUNDARY_CROSSING,ENTER_NOW,8.24,ENTER_NOW,0,0,0.0,0.0,0,0
199,2025-10-10,8.18,8.2722,6.7679,11.8446,5.0767,0.0922,0.0182,1,BOUNDARY_CROSSING,ENTER_NOW,8.38,ENTER_NOW,0,0,0.0,0.0,0,1
200,2025-10-13,8.64,8.718,6.9028,11.8446,4.9418,0.078,0.0158,1,BOUNDARY_CROSSING,ENTER_NOW,8.23,DEFER,1,1,0.41,0.41,0,1
201,2025-10-14,8.2,8.4529,6.728,11.8446,5.1166,0.2529,0.0494,1,BOUNDARY_CROSSING,ENTER_NOW,7.82,DEFER,1,1,0.38,0.38,0,1
202,2025-10-15,8.52,8.718,6.8764,11.8446,4.9683,0.198,0.0398,1,BOUNDARY_CROSSING,ENTER_NOW,7.85,DEFER,1,1,0.67,0.67,0,1
203,2025-10-16,8.33,8.2715,6.6221,11.8446,5.2225,-0.0585,0.0112,1,BOUNDARY_CROSSING,DEFER,7.97,DEFER,0,0,0.0,0.0,0,1
204,2025-10-17,8.16,8.2029,6.7217,11.8446,5.123,0.0429,0.0084,1,BOUNDARY_CROSSING,ENTER_NOW,7.953,DEFER,1,1,0.207,0.207,0,1
205,2025-10-20,8.24,8.1737,6.755,11.8446,5.0897,-0.0663,0.013,1,BOUNDARY_CROSSING,DEFER,8.2,DEFER,0,0,0.0,0.0,0,1
206,2025-10-21,8.38,8.2029,6.7717,11.8446,5.0729,-0.1771,0.0349,1,BOUNDARY_CROSSING,DEFER,8.25,DEFER,0,0,0.0,0.0,0,1
207,2025-10-22,8.23,8.1737,6.7269,11.8446,5.1177,-0.0563,0.011,1,BOUNDARY_CROSSING,DEFER,8.1,DEFER,0,0,0.0,0.0,0,1
208,2025-10-23,7.82,8.1737,6.7351,11.8446,5.1095,0.3537,0.0692,1,BOUNDARY_CROSSING,ENTER_NOW,7.92,ENTER_NOW,0,0,0.0,0.0,0,1
209,2025-10-24,7.85,8.1737,6.7996,11.8446,5.045,0.3237,0.0642,1,BOUNDARY_CROSSING,ENTER_NOW,8.18,ENTER_NOW,0,0,0.0,0.0,0,1
210,2025-10-27,7.97,8.1737,6.7988,11.8446,5.0458,0.2037,0.0404,1,BOUNDARY_CROSSING,ENTER_NOW,8.3,ENTER_NOW,0,0,0.0,0.0,0,1
211,2025-10-28,7.953,8.1737,6.7807,11.8446,5.0639,0.2207,0.0436,1,BOUNDARY_CROSSING,ENTER_NOW,8.5,ENTER_NOW,0,0,0.0,0.0,0,1
212,2025-10-29,8.2,8.2722,6.8031,11.8446,5.0415,0.0722,0.0143,1,BOUNDARY_CROSSING,ENTER_NOW,8.35,ENTER_NOW,0,0,0.0,0.0,0,1
213,2025-10-30,8.25,8.2029,6.6916,11.8446,5.1531,-0.0471,0.0091,1,BOUNDARY_CROSSING,DEFER,8.37,ENTER_NOW,1,0,0.12,0.12,0,1
214,2025-10-31,8.1,8.2029,6.6544,11.8446,5.1902,0.1029,0.0198,1,BOUNDARY_CROSSING,ENTER_NOW,8.42,ENTER_NOW,0,0,0.0,0.0,0,1
215,2025-11-03,7.92,8.2029,6.6941,11.8958,5.2017,0.2829,0.0544,1,BOUNDARY_CROSSING,ENTER_NOW,8.48,ENTER_NOW,0,0,0.0,0.0,0,1
216,2025-11-04,8.18,8.2925,6.7515,11.8446,5.0932,0.1125,0.0221,1,BOUNDARY_CROSSING,ENTER_NOW,8.7,ENTER_NOW,0,0,0.0,0.0,0,1
217,2025-11-05,8.3,8.2029,6.7292,11.8958,5.1666,-0.0971,0.0188,1,BOUNDARY_CROSSING,DEFER,8.6,ENTER_NOW,1,0,0.3,0.3,0,1
218,2025-11-06,8.5,8.2441,6.8484,11.8958,5.0474,-0.2559,0.0507,1,BOUNDARY_CROSSING,DEFER,8.8,ENTER_NOW,1,0,0.3,0.3,0,1
219,2025-11-07,8.35,8.2715,6.7563,11.8446,5.0883,-0.0785,0.0154,1,BOUNDARY_CROSSING,DEFER,8.99,ENTER_NOW,1,0,0.64,0.64,0,1
220,2025-11-10,8.37,8.2029,6.8342,11.8958,5.0616,-0.1671,0.033,1,BOUNDARY_CROSSING,DEFER,8.9,ENTER_NOW,1,0,0.53,0.53,0,1
221,2025-11-11,8.42,8.2029,6.8307,11.8958,5.0651,-0.2171,0.0429,1,BOUNDARY_CROSSING,DEFER,8.92,ENTER_NOW,1,0,0.5,0.5,0,1
222,2025-11-12,8.48,8.2832,6.8443,11.8958,5.0515,-0.1968,0.039,1,BOUNDARY_CROSSING,DEFER,8.95,ENTER_NOW,1,0,0.47,0.47,0,1
223,2025-11-13,8.7,8.3245,6.8402,11.8958,5.0556,-0.3755,0.0743,1,BOUNDARY_CROSSING,DEFER,9.19,ENTER_NOW,1,0,0.49,0.49,0,0
224,2025-11-14,8.6,8.5581,6.7478,11.9688,5.221,-0.0419,0.008,1,BOUNDARY_CROSSING,DEFER,9.23,ENTER_NOW,1,0,0.63,0.63,0,1
225,2025-11-17,8.8,8.6435,6.8413,11.9688,5.1275,-0.1565,0.0305,1,BOUNDARY_CROSSING,DEFER,9.2,ENTER_NOW,1,0,0.4,0.4,0,1
226,2025-11-18,8.99,8.6674,7.1133,11.8958,4.7825,-0.3226,0.0675,1,BOUNDARY_CROSSING,DEFER,8.77,DEFER,0,0,0.0,0.0,0,1
227,2025-11-19,8.9,8.7799,7.3463,11.8446,4.4983,-0.1201,0.0267,1,BOUNDARY_CROSSING,DEFER,9.34,ENTER_NOW,1,0,0.44,0.44,0,1
228,2025-11-20,8.92,8.6303,7.3259,11.9177,4.5918,-0.2897,0.0631,1,BOUNDARY_CROSSING,DEFER,9.25,ENTER_NOW,1,0,0.33,0.33,0,1
229,2025-11-21,8.95,8.6303,7.3682,11.9177,4.5495,-0.3197,0.0703,1,BOUNDARY_CROSSING,DEFER,9.3,ENTER_NOW,1,0,0.35,0.35,0,1
230,2025-11-24,9.19,8.7157,7.495,11.9177,4.4227,-0.4743,0.1072,1,BOUNDARY_CROSSING,DEFER,9.27,ENTER_NOW,1,0,0.08,0.08,0,0
231,2025-11-25,9.23,8.8423,7.731,11.9688,4.2378,-0.3877,0.0915,1,BOUNDARY_CROSSING,DEFER,9.0,DEFER,0,0,0.0,0.0,0,0
232,2025-11-26,9.2,8.854,7.6945,11.9688,4.2743,-0.346,0.0809,1,BOUNDARY_CROSSING,DEFER,9.25,ENTER_NOW,1,0,0.05,0.05,0,0
233,2025-11-28,8.77,8.854,7.5598,11.9688,4.409,0.084,0.0191,1,BOUNDARY_CROSSING,ENTER_NOW,8.83,ENTER_NOW,0,0,0.0,0.0,0,1
234,2025-12-01,9.34,8.7949,7.3192,11.8958,4.5766,-0.5451,0.1191,1,BOUNDARY_CROSSING,DEFER,9.013,DEFER,0,0,0.0,0.0,0,0
235,2025-12-02,9.25,8.8263,7.5418,11.8958,4.354,-0.4237,0.0973,1,BOUNDARY_CROSSING,DEFER,8.84,DEFER,0,0,0.0,0.0,0,0
236,2025-12-03,9.3,8.8263,7.719,11.8833,4.1643,-0.4737,0.1138,1,BOUNDARY_CROSSING,DEFER,8.68,DEFER,0,0,0.0,0.0,0,0
237,2025-12-04,9.27,8.8263,7.6889,11.8833,4.1945,-0.4437,0.1058,1,BOUNDARY_CROSSING,DEFER,8.92,DEFER,0,0,0.0,0.0,0,0
238,2025-12-05,9.0,9.0707,7.7668,11.8958,4.129,0.0707,0.0171,1,BOUNDARY_CROSSING,ENTER_NOW,8.77,DEFER,1,1,0.23,0.23,0,1
239,2025-12-08,9.25,9.1561,7.9267,11.8958,3.9691,-0.0939,0.0237,1,BOUNDARY_CROSSING,DEFER,8.42,DEFER,0,0,0.0,0.0,0,1
240,2025-12-09,8.83,8.7971,7.5283,11.8958,4.3675,-0.0329,0.0075,1,BOUNDARY_CROSSING,DEFER,8.656,DEFER,0,0,0.0,0.0,0,1
241,2025-12-10,9.013,8.6846,7.6166,11.8958,4.2793,-0.3284,0.0767,1,BOUNDARY_CROSSING,DEFER,8.7,DEFER,0,0,0.0,0.0,0,0
242,2025-12-11,8.84,8.783,7.3245,11.8833,4.5589,-0.057,0.0125,1,BOUNDARY_CROSSING,DEFER,8.88,ENTER_NOW,1,0,0.04,0.04,0,1
243,2025-12-12,8.68,8.5851,7.3237,11.8833,4.5596,-0.0949,0.0208,1,BOUNDARY_CROSSING,DEFER,8.74,ENTER_NOW,1,0,0.06,0.06,0,1
244,2025-12-15,8.92,8.6829,6.8559,11.9908,5.1349,-0.2371,0.0462,1,BOUNDARY_CROSSING,DEFER,8.77,DEFER,0,0,0.0,0.0,0,1
245,2025-12-16,8.77,8.5939,7.1202,11.9908,4.8706,-0.1761,0.0362,1,BOUNDARY_CROSSING,DEFER,8.75,DEFER,0,0,0.0,0.0,0,1
246,2025-12-17,8.42,8.5321,6.7991,11.8833,5.0842,0.1121,0.0221,1,BOUNDARY_CROSSING,ENTER_NOW,8.74,ENTER_NOW,0,0,0.0,0.0,0,1
247,2025-12-18,8.656,8.4212,6.6629,11.8833,5.2205,-0.2348,0.045,1,BOUNDARY_CROSSING,DEFER,8.68,ENTER_NOW,1,0,0.024,0.024,0,1
248,2025-12-19,8.7,8.6266,6.6524,11.8833,5.2309,-0.0734,0.014,1,BOUNDARY_CROSSING,DEFER,8.77,ENTER_NOW,1,0,0.07,0.07,0,1
249,2025-12-22,8.88,8.712,6.7547,11.8833,5.1286,-0.168,0.0327,1,BOUNDARY_CROSSING,DEFER,8.46,DEFER,0,0,0.0,0.0,0,1
250,2025-12-23,8.74,8.5939,6.9941,11.9908,4.9968,-0.1461,0.0292,1,BOUNDARY_CROSSING,DEFER,8.72,DEFER,0,0,0.0,0.0,0,1
251,2025-12-24,8.77,8.5613,6.7215,11.9908,5.2693,-0.2087,0.0396,1,BOUNDARY_CROSSING,DEFER,8.81,ENTER_NOW,1,0,0.04,0.04,0,1
252,2025-12-26,8.75,8.5613,6.6269,11.9908,5.3639,-0.1887,0.0352,1,BOUNDARY_CROSSING,DEFER,8.79,ENTER_NOW,1,0,0.04,0.04,0,1
253,2025-12-29,8.74,8.5613,6.6294,11.9908,5.3615,-0.1787,0.0333,1,BOUNDARY_CROSSING,DEFER,9.14,ENTER_NOW,1,0,0.4,0.4,0,1
254,2025-12-30,8.68,8.6266,6.6698,11.9908,5.3211,-0.0534,0.01,1,BOUNDARY_CROSSING,DEFER,8.85,ENTER_NOW,1,0,0.17,0.17,0,1
255,2025-12-31,8.77,8.6665,6.6768,11.9908,5.314,-0.1035,0.0195,1,BOUNDARY_CROSSING,DEFER,8.73,DEFER,0,0,0.0,0.0,0,1
256,2026-01-02,8.46,8.4295,6.5345,11.8833,5.3488,-0.0305,0.0057,1,BOUNDARY_CROSSING,DEFER,8.721,ENTER_NOW,1,0,0.261,0.261,0,1
257,2026-01-05,8.72,8.3185,6.6496,11.9908,5.3413,-0.4015,0.0752,1,BOUNDARY_CROSSING,DEFER,9.04,ENTER_NOW,1,0,0.32,0.32,0,0
258,2026-01-06,8.81,8.4586,6.6275,11.8833,5.2559,-0.3514,0.0668,1,BOUNDARY_CROSSING,DEFER,9.48,ENTER_NOW,1,0,0.67,0.67,0,1
259,2026-01-07,8.79,8.5472,7.0193,11.8833,4.864,-0.2428,0.0499,1,BOUNDARY_CROSSING,DEFER,9.8,ENTER_NOW,1,0,1.01,1.01,0,1
260,2026-01-08,9.14,8.6811,7.1595,11.8833,4.7239,-0.4589,0.0972,1,BOUNDARY_CROSSING,DEFER,10.24,ENTER_NOW,1,0,1.1,1.1,0,0
261,2026-01-09,8.85,8.7452,7.0698,11.8833,4.8135,-0.1048,0.0218,1,BOUNDARY_CROSSING,DEFER,10.07,ENTER_NOW,1,0,1.22,1.22,0,1
262,2026-01-12,8.73,8.5129,7.1666,11.8833,4.7168,-0.2171,0.046,1,BOUNDARY_CROSSING,DEFER,10.0,ENTER_NOW,1,0,1.27,1.27,0,1
263,2026-01-13,8.721,8.5444,6.7683,11.8833,5.115,-0.1766,0.0345,1,BOUNDARY_CROSSING,DEFER,10.36,ENTER_NOW,1,0,1.639,1.639,0,1
264,2026-01-14,9.04,8.6782,6.6323,11.8833,5.251,-0.3618,0.0689,1,BOUNDARY_CROSSING,DEFER,10.98,ENTER_NOW,1,0,1.94,1.94,0,1
265,2026-01-15,9.48,8.879,7.263,11.8833,4.6203,-0.601,0.1301,1,BOUNDARY_CROSSING,DEFER,11.26,ENTER_NOW,1,0,1.78,1.78,0,0
266,2026-01-16,9.8,9.5246,7.6816,11.8833,4.2018,-0.2754,0.0655,1,BOUNDARY_CROSSING,DEFER,11.01,ENTER_NOW,1,0,1.21,1.21,0,1
267,2026-01-20,10.24,9.8716,8.0266,11.8833,3.8568,-0.3684,0.0955,1,BOUNDARY_CROSSING,DEFER,11.48,ENTER_NOW,1,0,1.24,1.24,0,0
268,2026-01-21,10.07,10.1661,8.5356,11.8833,3.3478,0.0961,0.0287,1,BOUNDARY_CROSSING,ENTER_NOW,11.53,ENTER_NOW,0,0,0.0,0.0,0,1
269,2026-01-22,10.0,10.1661,8.5397,12.1809,3.6411,0.1661,0.0456,1,BOUNDARY_CROSSING,ENTER_NOW,11.2,ENTER_NOW,0,0,0.0,0.0,0,1
270,2026-01-23,10.36,10.2999,8.278,12.3217,4.0437,-0.0601,0.0149,1,BOUNDARY_CROSSING,DEFER,10.55,ENTER_NOW,1,0,0.19,0.19,0,1
271,2026-01-26,10.98,10.2999,8.7303,12.3217,3.5914,-0.6801,0.1894,1,BOUNDARY_CROSSING,DEFER,10.85,DEFER,0,0,0.0,0.0,0,0
272,2026-01-27,11.26,10.2515,8.9257,12.3217,3.396,-1.0085,0.297,1,BOUNDARY_CROSSING,DEFER,10.71,DEFER,0,0,0.0,0.0,0,0
273,2026-01-28,11.01,10.1661,8.8162,12.27,3.4537,-0.8439,0.2443,1,BOUNDARY_CROSSING,DEFER,10.65,DEFER,0,0,0.0,0.0,0,0
274,2026-01-29,11.48,10.2999,8.9029,12.3129,3.41,-1.1801,0.3461,1,BOUNDARY_CROSSING,DEFER,10.95,DEFER,0,0,0.0,0.0,0,0
275,2026-01-30,11.53,10.1693,8.8826,12.257,3.3744,-1.3607,0.4032,1,BOUNDARY_CROSSING,DEFER,11.18,DEFER,0,0,0.0,0.0,0,0
276,2026-02-02,11.2,10.0041,8.7705,12.2789,3.5084,-1.1959,0.3409,1,BOUNDARY_CROSSING,DEFER,11.44,ENTER_NOW,1,0,0.24,0.24,0,0
277,2026-02-03,10.55,10.3673,8.8345,12.2789,3.4444,-0.1827,0.053,1,BOUNDARY_CROSSING,DEFER,11.3,ENTER_NOW,1,0,0.75,0.75,0,1
278,2026-02-04,10.85,10.4819,8.9017,12.2943,3.3926,-0.3681,0.1085,1,BOUNDARY_CROSSING,DEFER,11.49,ENTER_NOW,1,0,0.64,0.64,0,0
279,2026-02-05,10.71,10.3673,8.9394,12.2805,3.3411,-0.3427,0.1026,1,BOUNDARY_CROSSING,DEFER,11.68,ENTER_NOW,1,0,0.97,0.97,0,0
280,2026-02-06,10.65,10.3673,8.9128,12.806,3.8932,-0.2827,0.0726,1,BOUNDARY_CROSSING,DEFER,11.76,ENTER_NOW,1,0,1.11,1.11,0,0
281,2026-02-09,10.95,10.5004,8.9057,12.8515,3.9458,-0.4496,0.114,1,BOUNDARY_CROSSING,DEFER,11.66,ENTER_NOW,1,0,0.71,0.71,0,0
282,2026-02-10,11.18,10.5004,8.9395,12.876,3.9365,-0.6796,0.1727,1,BOUNDARY_CROSSING,DEFER,11.73,ENTER_NOW,1,0,0.55,0.55,0,0
283,2026-02-11,11.44,10.5004,8.9233,12.8924,3.9691,-0.9396,0.2367,1,BOUNDARY_CROSSING,DEFER,11.77,ENTER_NOW,1,0,0.33,0.33,0,0
284,2026-02-12,11.3,10.4149,8.9199,12.8167,3.8968,-0.8851,0.2271,1,BOUNDARY_CROSSING,DEFER,11.87,ENTER_NOW,1,0,0.57,0.57,0,0
285,2026-02-13,11.49,10.4591,8.9177,12.8615,3.9438,-1.0309,0.2614,1,BOUNDARY_CROSSING,DEFER,11.68,ENTER_NOW,1,0,0.19,0.19,0,0
286,2026-02-17,11.68,10.7522,9.05,12.8304,3.7804,-0.9278,0.2454,1,BOUNDARY_CROSSING,DEFER,11.91,ENTER_NOW,1,0,0.23,0.23,0,0
287,2026-02-18,11.76,10.6132,9.0661,12.8481,3.782,-1.1468,0.3032,1,BOUNDARY_CROSSING,DEFER,12.07,ENTER_NOW,1,0,0.31,0.31,0,0
