method,coverage,selective_risk,false_breakout_rate
Width-Based,0.9479166666666666,0.4908424908424908,0.30036630036630035
Width-Based,0.8993055555555556,0.49034749034749037,0.29343629343629346
Width-Based,0.8472222222222222,0.47950819672131145,0.27049180327868855
Width-Based,0.7986111111111112,0.46956521739130436,0.24782608695652175
Width-Based,0.75,0.4861111111111111,0.25
Width-Based,0.6979166666666666,0.5074626865671642,0.2537313432835821
Width-Based,0.6493055555555556,0.5240641711229946,0.25133689839572193
Width-Based,0.6006944444444444,0.5317919075144508,0.23699421965317918
Width-Based,0.5486111111111112,0.5253164556962026,0.20253164556962025
Width-Based,0.5,0.5208333333333334,0.16666666666666666
Width-Based,0.4513888888888889,0.5230769230769231,0.16923076923076924
Width-Based,0.3993055555555556,0.48695652173913045,0.1391304347826087
Width-Based,0.3506944444444444,0.5148514851485149,0.1485148514851485
Width-Based,0.3020833333333333,0.5172413793103449,0.12643678160919541
Width-Based,0.25,0.5416666666666666,0.1111111111111111
Width-Based,0.2013888888888889,0.5689655172413793,0.10344827586206896
Width-Based,0.1527777777777778,0.6136363636363636,0.022727272727272728
Width-Based,0.10069444444444445,0.5862068965517241,0.034482758620689655
Width-Based,0.052083333333333336,0.5333333333333333,0.0
Normalized-Margin,0.052083333333333336,0.6,0.13333333333333333
Normalized-Margin,0.10069444444444445,0.6896551724137931,0.41379310344827586
Normalized-Margin,0.1527777777777778,0.5681818181818182,0.36363636363636365
Normalized-Margin,0.2013888888888889,0.5,0.29310344827586204
Normalized-Margin,0.25,0.4722222222222222,0.2777777777777778
Normalized-Margin,0.3090277777777778,0.43820224719101125,0.2808988764044944
Normalized-Margin,0.3506944444444444,0.43564356435643564,0.2871287128712871
Normalized-Margin,0.4027777777777778,0.4482758620689655,0.29310344827586204
Normalized-Margin,0.4513888888888889,0.46153846153846156,0.2846153846153846
Normalized-Margin,0.5,0.4791666666666667,0.3125
Normalized-Margin,0.5486111111111112,0.46835443037974683,0.31645569620253167
Normalized-Margin,0.6006944444444444,0.45664739884393063,0.30057803468208094
Normalized-Margin,0.6493055555555556,0.46524064171123,0.3048128342245989
Normalized-Margin,0.6979166666666666,0.472636815920398,0.3034825870646766
Normalized-Margin,0.7569444444444444,0.46788990825688076,0.2981651376146789
Normalized-Margin,0.8020833333333334,0.46320346320346323,0.29004329004329005
Normalized-Margin,0.8472222222222222,0.45491803278688525,0.2827868852459016
Normalized-Margin,0.8993055555555556,0.46332046332046334,0.2857142857142857
Normalized-Margin,0.9479166666666666,0.47619047619047616,0.29304029304029305
